code,start,sig,tov5,last_flag
1380,2018-12-13,2018-12-18,2.083144,2018-12-21
1382,2022-07-12,2022-07-25,0.291363,2022-08-03
1382,2022-09-02,2022-09-09,4.0163878,2022-09-14
1431,2019-08-26,2019-09-10,0.56576304,2019-09-13
143A,2024-09-09,2024-09-17,1.3663194,2024-09-20
1447,2020-06-29,2020-07-03,14.0716804,2020-07-08
1447,2020-09-28,2020-10-05,26.631635,2020-10-08
1514,2022-12-09,2022-12-26,10.0157514,2023-01-16
1514,2023-12-14,2023-12-26,20.756179,2023-12-29
1514,2024-01-18,2024-02-07,55.136943,2024-03-18
153A,2025-05-14,2025-06-05,3.8792282,2025-06-10
155A,2025-08-07,2025-08-21,1.032886,2025-09-05
1711,2016-10-20,2016-10-27,1.1462978,2016-11-01
1711,2018-01-04,2018-01-18,3.7725384,2018-01-31
1724,2018-08-21,2018-09-04,0.6467426,2018-09-07
1730,2017-11-27,2017-12-12,4.8753808,2017-12-15
1730,2023-12-19,2023-12-22,6.137232,2023-12-27
1840,2019-12-09,2019-12-18,1.3483234,2019-12-23
1840,2020-12-28,2021-01-07,1.6723988,2021-01-19
184A,2025-06-10,2025-06-18,0.9257502,2025-06-23
190A,2024-08-01,2024-08-29,7.2561534,2024-09-03
198A,2025-12-15,2025-12-17,33.8664962,2025-12-19
2134,2016-08-25,2016-08-29,0.1882246,2016-09-29
2144,2018-06-04,2018-06-25,2.9720994,2018-06-28
2144,2018-08-15,2018-09-06,1.1046168,2018-09-11
2150,2017-05-23,2017-06-12,1.11493056,2017-06-15
2158,2020-06-10,2020-06-18,24.5557808,2020-06-30
2158,2021-11-29,2021-12-01,83.245775,2021-12-06
2158,2025-08-04,2025-08-18,22.0113422,2025-08-21
2160,2017-03-03,2017-04-07,55.61954904,2017-04-12
2160,2017-06-26,2017-07-11,22.19098542,2017-07-14
2160,2020-08-27,2020-09-29,41.469243,2020-10-19
2162,2017-08-29,2017-09-05,4.746631,2017-09-08
2164,2018-09-21,2018-11-09,3.8222447760000002,2018-11-14
2164,2019-03-06,2019-03-08,0.10132351199999999,2019-05-10
2176,2018-03-30,2018-04-05,9.9025782,2018-04-10
218A,2025-02-26,2025-03-07,11.2515984,2025-04-08
2191,2018-10-04,2018-10-10,6.9581986,2018-10-15
2191,2020-05-22,2020-06-16,165.3532202,2020-07-01
2195,2022-02-09,2022-02-18,4.54780464,2022-02-24
2195,2022-09-05,2022-09-22,3.54815142,2022-09-28
2195,2022-12-01,2022-12-14,1.1174658,2022-12-19
2195,2026-04-07,2026-04-20,5.0168094,2026-05-01
219A,2025-01-10,2025-01-22,17.041302,2025-01-27
2321,2025-08-15,2025-08-27,4.2627436,2025-09-08
2330,2017-07-11,2017-07-24,12.462821,2017-07-27
2330,2024-02-13,2024-03-18,25.4974984,2024-03-29
2334,2025-04-04,2025-04-16,5.1462892,2025-04-21
2334,2025-07-11,2025-09-11,31.493254,2025-09-17
2334,2025-11-13,2025-11-27,14.2194156,2025-12-02
2340,2016-09-08,2016-09-28,7.715665,2016-10-03
2342,2021-01-28,2021-02-15,3.9469568,2021-02-18
2345,2020-03-05,2020-03-09,8.53657428,2020-03-12
2345,2022-03-30,2022-04-12,3.007662,2022-04-15
2351,2017-05-26,2017-06-23,11.2032518,2017-06-28
2351,2017-07-04,2017-07-19,19.5754078,2017-07-24
2354,2016-08-25,2016-11-01,8.5721918,2016-11-07
2370,2020-06-03,2020-06-15,23.908871,2020-06-24
2370,2021-06-23,2021-07-09,10.6015782,2021-07-14
2375,2023-10-05,2023-11-07,25.6488442,2023-11-10
2388,2022-07-12,2022-07-21,2.0934104,2022-08-02
2388,2022-08-12,2022-08-22,2.6581946,2022-08-25
2397,2017-07-07,2017-07-26,3.567718,2017-08-01
2397,2023-02-16,2023-02-20,10.0063932,2023-02-24
2397,2024-03-07,2024-03-26,1.5832862,2024-03-29
2425,2017-03-30,2017-04-12,1.7051696,2017-04-17
2425,2017-05-12,2017-05-26,2.8480936,2017-05-31
2425,2021-01-26,2021-02-10,1.1549334,2021-02-19
2435,2023-05-23,2023-06-01,2.1357164,2023-06-06
2437,2017-07-27,2017-08-04,9.666974,2017-08-09
2437,2022-06-10,2022-07-05,66.607213,2022-07-13
2438,2022-02-21,2022-02-25,65.894589,2022-03-28
2459,2018-09-12,2018-09-19,2.9389066,2018-10-02
2459,2025-03-28,2025-04-03,1.9687998,2025-04-08
2477,2017-07-12,2017-07-19,3.2321466,2017-07-24
2479,2021-06-04,2021-06-08,3.6444524,2021-06-11
254A,2025-02-13,2025-02-26,13.8196748,2025-03-03
2586,2024-08-22,2024-09-27,10.6820688,2024-10-02
2586,2024-11-08,2024-11-19,65.6970804,2024-11-22
2586,2025-07-11,2025-07-31,30.1550276,2025-08-08
2656,2016-09-20,2016-10-20,21.632188,2016-10-25
2656,2017-06-06,2017-06-15,4.7927074,2017-06-20
2656,2021-02-26,2021-03-16,3.3883536,2021-03-19
265A,2025-08-13,2025-08-21,2.4957062,2025-08-26
2667,2021-04-16,2021-04-27,85.2383488,2021-05-06
2673,2018-09-21,2018-09-28,2.443436,2018-10-03
2673,2021-06-01,2021-06-07,3.0700514,2021-06-10
2687,2023-07-24,2023-08-09,0.7520406,2023-08-15
2693,2017-10-04,2017-10-23,1.8169698,2017-10-26
2693,2017-12-01,2017-12-13,13.8774326,2017-12-18
2693,2019-11-05,2019-11-07,7.0903166,2019-11-19
2700,2025-08-25,2025-09-17,9.152864,2025-09-22
2708,2023-08-23,2023-09-19,0.5972978,2023-09-22
2721,2017-03-03,2017-03-16,0.9465162,2017-03-22
2721,2023-04-11,2023-04-14,7.4753764,2023-04-19
2762,2023-05-22,2023-05-25,2.701119,2023-05-30
276A,2025-01-24,2025-03-03,5.28536,2025-03-06
2778,2017-12-07,2017-12-19,3.1059454,2017-12-22
2778,2021-08-04,2021-08-12,5.0926308,2021-08-17
278A,2025-01-17,2025-03-06,29.494744,2025-03-18
278A,2026-04-07,2026-05-26,73.978858,2026-05-29
278A,2026-07-24,2026-07-29,161.424482,2026-07-31
281A,2025-07-18,2025-08-13,4.5895898,2025-08-18
281A,2026-04-16,2026-04-30,5.2645826,2026-05-15
2901,2019-02-26,2019-02-28,0.0584126,2019-04-24
290A,2025-02-10,2025-02-20,3.9664466,2025-02-26
2926,2021-01-14,2021-01-22,1.4556742,2021-01-27
2929,2018-03-01,2018-03-26,9.1362644,2018-04-04
2929,2020-01-20,2020-01-31,24.3304424,2020-03-03
2929,2021-06-10,2021-06-14,76.620277,2021-08-19
2930,2017-04-04,2017-04-24,10.37733288,2017-04-27
2936,2024-10-28,2024-11-14,5.3556356,2025-07-14
3004,2021-01-18,2021-02-01,8.3218302,2021-02-04
3041,2023-05-15,2023-06-05,3.3051172,2023-06-08
3041,2023-09-07,2023-09-22,2.5057404,2023-09-27
3053,2017-08-24,2017-09-06,12.617169,2017-11-21
3054,2018-01-30,2018-02-07,3.3856372,2018-02-13
3083,2018-03-14,2018-03-20,1.9779908,2018-03-26
3083,2021-11-09,2021-11-24,8.3709118,2021-11-29
3083,2023-02-09,2023-03-22,9.6400386,2023-03-27
3111,2023-03-01,2023-03-15,4.4397094,2023-03-20
3121,2021-11-17,2021-11-30,11.3349412,2021-12-03
3135,2019-02-26,2019-03-11,0.5863274,2019-03-29
3137,2025-04-25,2025-05-02,2.499219,2025-05-09
3161,2020-01-28,2020-02-19,24.8016188,2020-02-25
3185,2021-11-24,2021-11-30,3.7021808,2021-12-03
3185,2024-12-26,2025-01-09,5.992854,2025-01-15
3189,2020-06-29,2020-07-03,12.6239904,2020-07-08
3202,2020-02-12,2020-02-27,15.5613224,2020-03-03
3267,2017-11-17,2017-12-12,9.997907,2017-12-25
3267,2018-01-25,2018-02-16,40.15551,2018-02-28
3326,2021-05-31,2021-06-09,2.5632022,2021-06-14
3328,2022-04-01,2022-04-13,42.8891198,2022-04-18
3344,2018-03-01,2018-03-16,0.7443212,2018-03-22
3350,2025-06-06,2025-06-25,816.2455504,2025-06-30
3356,2018-09-14,2018-10-17,89.3915484,2018-11-01
3358,2018-01-31,2018-02-07,1.8586162,2018-02-13
3358,2022-10-07,2022-10-20,2.9904468,2022-10-25
3370,2018-01-22,2018-01-26,1.6022514,2018-01-31
3377,2020-10-09,2020-10-22,0.7337388,2020-10-27
3377,2021-08-02,2021-08-18,19.0429634,2021-09-14
338A,2025-04-21,2025-05-14,11.980036,2025-05-29
3390,2017-07-21,2017-08-22,10.95281,2017-09-08
3390,2021-07-08,2021-07-15,6.766784,2021-07-20
3409,2019-07-30,2019-08-01,0.21226072,2019-08-21
3409,2019-12-27,2020-01-06,0.21738318,2020-04-01
3417,2017-11-14,2017-12-01,0.2631184,2018-01-16
341A,2025-05-26,2025-06-11,9.8050926,2025-06-23
3441,2017-01-27,2017-02-06,4.0898722,2017-02-16
3441,2017-09-04,2017-09-15,13.0122136,2017-09-28
3444,2025-12-12,2026-01-29,4.3538522,2026-02-03
3449,2020-05-20,2020-06-04,1.6116402,2020-06-09
3461,2018-04-27,2018-05-14,1.685376,2018-05-17
3469,2019-01-24,2019-02-07,3.4773714,2019-02-13
3498,2019-10-28,2019-11-15,2.416694,2019-11-20
3526,2017-07-07,2017-07-19,5.721306,2017-07-24
3528,2016-12-15,2017-01-05,1.759898,2017-01-23
3536,2020-08-21,2020-09-07,0.8206216,2020-09-10
3541,2026-01-14,2026-01-27,1.3581298,2026-01-30
3542,2020-08-12,2020-08-28,14.054781,2020-09-02
3547,2017-12-04,2017-12-06,89.286936,2017-12-15
3556,2020-09-17,2020-09-25,1.9871122,2020-09-30
3565,2017-09-05,2017-09-07,8.16345024,2017-09-28
3604,2020-02-14,2020-02-26,69.3687514,2020-03-02
3604,2020-11-24,2020-12-02,12.7299686,2020-12-07
3604,2022-01-14,2022-01-24,15.9206472,2022-01-27
3606,2017-04-26,2017-05-12,4.418366,2017-05-17
3606,2017-07-27,2017-08-04,13.8027754,2017-08-09
3622,2019-02-18,2019-03-05,0.7198312,2019-03-08
3623,2017-12-14,2017-12-25,10.957132,2017-12-28
3623,2019-10-03,2019-10-15,1.0057334,2019-10-18
3624,2017-08-18,2017-08-24,17.2481788,2017-08-29
3624,2018-04-02,2018-04-10,12.2419616,2018-05-21
3624,2019-07-11,2019-07-25,7.7687772,2019-07-30
3624,2019-12-12,2019-12-19,8.2618038,2020-01-15
3624,2025-01-10,2025-01-30,4.2853222,2025-02-25
3625,2016-08-25,2016-09-13,4.2540178,2016-09-16
3627,2018-07-27,2018-08-14,3.9395786,2018-08-17
3627,2018-11-02,2018-11-06,58.3817888,2018-11-09
3628,2020-08-26,2020-09-16,1.0808118,2020-09-23
3639,2025-05-23,2025-05-27,12.1966802,2025-06-02
3646,2018-06-28,2018-07-24,10.6586092,2018-07-27
3652,2017-11-29,2018-01-18,41.005918,2018-01-23
3656,2025-09-18,2025-09-22,105.3576058,2026-05-07
3660,2022-08-24,2022-09-08,27.634947,2022-09-26
3661,2017-02-13,2017-02-23,4.5891864,2017-03-08
3661,2017-05-19,2017-06-12,131.204484,2017-06-20
3661,2018-04-25,2018-05-08,20.66847168,2018-05-16
3661,2018-07-23,2018-07-30,18.1116864,2018-08-02
3661,2018-08-31,2018-09-05,13.55779024,2018-10-16
3664,2016-09-08,2016-09-13,50.539967,2016-09-16
3664,2020-03-27,2020-04-09,1.9618984,2020-04-14
3667,2017-04-21,2017-05-26,7.8531014,2017-05-31
3667,2017-06-06,2017-06-16,7.2311246,2017-08-02
3667,2017-10-25,2017-10-27,347.0776532,2017-12-29
3667,2019-04-03,2019-04-19,22.6784362,2019-05-07
3667,2019-08-05,2019-09-05,19.724357,2019-09-25
3667,2019-10-31,2019-11-18,2.6619252,2019-11-21
3667,2020-01-16,2020-01-20,30.2718224,2020-02-26
3668,2019-10-01,2019-10-17,82.8076124,2019-10-23
3672,2019-10-10,2019-11-01,26.2932444,2019-11-07
3681,2020-04-07,2020-04-27,24.5903426,2020-05-01
3686,2020-06-18,2020-06-30,26.5584652,2020-07-03
3689,2016-11-18,2016-12-20,72.44053,2016-12-26
3710,2019-04-04,2019-04-25,4.470554,2019-05-08
3747,2016-12-28,2017-01-16,4.1635506,2017-01-31
3747,2019-08-22,2019-10-07,17.088862,2019-10-10
3747,2020-09-11,2020-09-18,2.848309,2020-09-25
3747,2023-06-14,2023-06-22,2.9844056,2023-06-27
3747,2025-03-13,2025-03-28,13.1426014,2025-04-02
3747,2025-08-29,2025-09-12,6.5193272,2025-09-18
3753,2016-11-24,2016-12-01,25.7822244,2016-12-26
3758,2016-09-09,2016-09-20,7.920723,2016-09-30
3758,2017-02-14,2017-03-02,30.3368002,2017-03-07
3758,2017-03-17,2017-03-31,29.46129,2017-04-10
3760,2019-03-27,2019-04-05,1.2766302,2019-04-10
3760,2022-06-15,2022-07-05,2.4376928,2022-07-08
3766,2018-06-11,2018-07-03,4.6275542,2018-07-20
3776,2018-09-26,2018-09-28,21.5425812,2018-10-16
3778,2023-06-27,2023-07-11,20.7412828,2023-07-14
3778,2023-12-08,2023-12-26,29.5797348,2024-03-15
3784,2018-03-20,2018-04-24,20.3966114,2018-04-27
3798,2016-10-11,2016-10-27,1.4249806,2016-11-01
3803,2020-08-26,2020-09-08,0.1204082,2020-09-11
3803,2025-07-25,2025-08-12,7.6470788,2025-08-15
3804,2017-06-22,2017-07-19,1.05865344,2017-07-28
3807,2024-11-19,2024-12-03,1.0662542,2024-12-06
3807,2024-12-12,2024-12-17,23.6639628,2024-12-27
3810,2017-01-31,2017-02-06,7.1958872,2017-02-15
3810,2017-04-17,2017-07-14,25.884706,2017-07-20
3810,2022-06-10,2022-06-23,33.467107,2022-06-28
3823,2019-05-16,2019-05-27,7.6230676,2019-05-30
3841,2024-08-02,2024-08-07,5.3778668,2024-08-13
3842,2020-01-06,2020-01-20,2.2860228,2020-01-23
3845,2017-01-10,2017-01-19,7.6661422,2017-01-24
3851,2016-12-16,2017-01-17,24.1961208,2017-01-20
3853,2017-06-06,2017-06-13,46.2005298,2017-06-29
3853,2017-07-10,2017-07-14,82.9611368,2017-08-15
3853,2017-08-25,2017-08-29,124.6653984,2017-09-07
3853,2025-08-29,2025-09-11,41.1758712,2025-09-17
3856,2023-04-19,2023-04-21,336.199106,2023-04-26
3896,2023-01-27,2023-02-16,5.9885306,2023-02-28
3896,2024-01-18,2024-01-24,3.6172156,2024-01-29
3905,2018-07-24,2018-07-27,31.2083162,2018-08-01
3905,2024-01-22,2024-02-13,4.6438526,2024-02-16
3905,2025-06-09,2025-06-26,42.3374722,2025-07-01
3905,2025-07-15,2025-08-04,52.39845,2025-08-07
3906,2018-05-21,2018-06-06,39.17001,2018-07-05
3907,2019-04-02,2019-04-12,31.5095114,2019-04-17
3907,2026-05-25,2026-06-05,3.516637,2026-06-10
3909,2017-10-25,2017-11-06,5.6556826,2017-11-09
3911,2020-05-20,2020-05-29,52.576089,2020-06-15
3912,2016-09-07,2016-09-15,34.548748,2016-09-21
3913,2021-03-16,2021-03-24,4.0031514,2021-03-29
3927,2020-05-27,2020-06-12,8.9912012,2020-07-09
3928,2017-01-12,2017-02-03,99.567764,2017-02-08
3932,2016-12-27,2017-01-11,10.087403,2017-01-16
3933,2019-11-26,2019-12-20,1.5373378,2020-01-28
3935,2017-05-22,2017-06-13,6.958273,2017-06-16
3936,2018-04-25,2018-05-01,4.9321056,2018-05-08
3936,2021-08-02,2021-08-24,43.59985560000001,2021-08-27
3936,2021-09-03,2021-10-01,18.36391452,2021-10-12
3936,2021-10-18,2021-11-17,92.4644646,2021-11-17
3936,2022-03-25,2022-04-14,14.6760942,2022-04-26
3936,2024-10-17,2024-10-23,3.737982,2024-10-28
3936,2026-04-28,2026-05-07,11.9198484,2026-05-12
3937,2017-06-12,2017-06-29,1.5223116,2017-07-20
3940,2017-06-09,2017-06-23,1.64725344,2017-06-28
3961,2020-06-09,2020-06-29,2.265227,2020-07-02
3967,2018-01-24,2018-01-29,12.3239226,2018-02-01
3968,2017-06-12,2017-06-14,8.2466784,2017-06-19
3987,2019-01-28,2019-01-31,17.6984228,2019-02-14
3987,2023-02-01,2023-02-14,5.5733078,2023-02-24
3991,2017-10-30,2017-11-15,1.631346,2017-11-20
3995,2022-07-28,2022-08-04,2.3498182,2022-08-09
3996,2021-09-24,2021-10-05,12.6679028,2021-10-08
3996,2021-10-27,2021-11-11,15.2874582,2021-11-16
3997,2025-08-22,2025-09-11,3.461277,2025-09-17
4011,2023-03-03,2023-04-03,5.608098,2023-04-06
4011,2023-06-13,2023-06-23,15.808464,2023-06-28
4011,2024-03-08,2024-03-15,21.285042,2024-03-21
4022,2019-03-04,2019-03-07,36.1240714,2019-03-12
4051,2020-10-16,2020-10-30,14.98471,2020-11-05
4052,2023-06-14,2023-07-04,1.2903108,2023-07-07
4054,2020-10-08,2020-10-23,10.6548,2020-10-28
4064,2022-09-01,2022-09-05,3.0703446,2022-09-13
4073,2024-06-20,2024-06-24,6.5338458,2024-06-26
4075,2024-01-30,2024-02-13,1.4507842,2024-03-04
4080,2017-08-25,2017-09-05,12.227095,2017-09-08
4080,2017-09-14,2017-09-27,21.1447542,2017-10-06
4098,2017-09-20,2017-10-05,6.271215,2017-10-11
4107,2024-06-18,2024-06-25,209.192356,2024-06-25
4120,2020-02-20,2020-02-27,14.4892196,2020-03-03
4124,2017-11-28,2017-11-30,45.613279,2017-12-06
4124,2023-06-01,2023-06-07,1.9905776,2023-06-12
4166,2023-04-14,2023-04-24,0.8455072,2023-04-27
4167,2025-05-13,2025-05-21,1.2298282,2025-05-26
4169,2021-10-21,2021-11-01,22.447026,2021-11-12
4169,2022-06-28,2022-07-19,12.4699778,2022-07-22
4170,2022-04-07,2022-04-19,4.3407166,2022-04-22
4170,2022-09-08,2022-09-14,33.45796,2022-09-20
4192,2022-07-15,2022-07-27,6.0792724,2022-08-08
4197,2024-01-24,2024-02-02,1.415651,2024-02-14
4199,2022-04-22,2022-04-26,48.8306966,2022-05-02
4199,2026-01-08,2026-01-27,1.0285862,2026-01-30
4222,2017-07-28,2017-08-10,0.944376,2017-08-16
4222,2017-12-04,2017-12-15,3.989954,2017-12-26
4222,2025-05-23,2025-06-05,2.6549398,2025-06-10
4235,2017-02-03,2017-02-21,1.3855566,2017-02-24
4237,2016-12-06,2016-12-14,0.7258364,2016-12-27
4240,2019-09-26,2019-10-11,2.0215696,2019-10-17
4242,2018-12-11,2019-01-17,2.08194,2019-01-22
4243,2020-09-16,2020-09-29,0.4393236,2020-10-05
4251,2019-12-27,2020-01-27,7.202042,2020-01-30
4264,2023-02-10,2023-03-09,1.6644104,2023-03-14
4268,2022-04-04,2022-04-13,15.256485,2022-04-25
4284,2018-01-09,2018-01-18,5.0776762,2018-01-23
4288,2017-02-07,2017-02-23,4.3997342,2017-02-28
4288,2017-03-09,2017-03-16,6.8839838,2017-03-28
4288,2017-05-22,2017-06-14,12.7144936,2017-08-30
4288,2024-07-17,2024-07-23,2.3160868,2024-07-26
4288,2025-04-28,2025-05-07,9.0000276,2025-05-12
4308,2016-11-01,2016-11-07,3.4208932,2016-11-10
4308,2016-11-24,2016-11-28,8.4104538,2016-11-30
4308,2016-12-06,2016-12-22,7.656151,2016-12-28
4316,2017-07-13,2017-08-02,10.7879666,2017-08-07
4316,2024-09-11,2024-09-18,4.8184076,2024-09-24
4317,2017-12-13,2018-01-05,5.7263468,2018-01-11
4334,2017-01-20,2017-02-03,3.5470714,2017-02-08
4335,2017-05-29,2017-06-09,0.2731068,2017-06-23
4337,2020-03-17,2020-03-23,3.4434008,2020-03-26
4364,2020-01-31,2020-02-05,34.8533884,2020-02-25
4366,2020-05-20,2020-06-08,0.52865508,2020-06-11
4367,2020-05-14,2020-05-25,4.4363494,2020-05-28
4371,2021-11-25,2021-12-07,6.561368,2021-12-10
4381,2018-06-06,2018-06-26,11.691652,2018-06-29
4388,2023-03-14,2023-04-04,2.1458756,2023-04-14
4393,2020-09-04,2020-09-10,32.293994,2020-09-15
4393,2022-11-01,2022-11-14,81.981756,2022-11-17
4406,2017-08-21,2017-08-24,17.321179,2017-09-07
4416,2024-12-24,2025-01-08,2.3579528,2025-01-14
4418,2025-10-29,2025-11-10,8.3564038,2025-11-13
4425,2024-03-14,2024-04-01,14.0916202,2024-04-04
4428,2019-03-25,2019-04-03,5.830646,2019-04-08
4438,2023-11-24,2023-11-30,0.7121904,2023-12-05
4444,2023-03-17,2023-04-06,2.0943182,2023-04-20
4444,2023-06-23,2023-06-27,23.9160868,2023-06-30
4446,2025-10-09,2025-10-23,12.1843554,2025-11-07
4475,2022-04-18,2022-04-20,71.4251244,2022-04-25
4490,2020-04-23,2020-05-13,1.3323086,2020-05-18
4492,2023-04-06,2023-04-14,0.41617176,2023-04-19
4492,2023-06-09,2023-06-28,1.08302946,2023-07-07
4493,2022-03-15,2022-03-22,12.0298288,2022-04-01
4556,2020-02-04,2020-02-14,9.3149838,2020-02-25
4556,2021-05-28,2021-06-04,7.9895774,2021-06-09
4557,2019-05-10,2019-05-17,2.0666978,2019-06-03
4558,2020-02-19,2020-02-26,35.5571834,2020-03-02
4563,2017-06-20,2017-07-07,55.3764888,2017-07-12
4563,2019-03-15,2019-03-22,83.0084054,2019-04-03
4563,2020-05-12,2020-06-16,415.8175302,2020-06-25
4564,2020-06-15,2020-06-29,12.0579748,2020-07-02
4571,2018-01-26,2018-02-06,14.056002,2018-02-09
4572,2016-09-08,2016-09-20,2.5245136,2016-09-26
4572,2019-07-16,2019-07-18,81.8064616,2019-07-22
4575,2022-06-15,2022-07-26,19.587327,2022-07-29
4575,2023-02-10,2023-02-28,65.734031,2023-03-03
4575,2024-09-19,2024-10-01,10.7362718,2024-10-04
4576,2017-02-14,2017-03-01,15.7852732,2017-03-06
4576,2024-12-24,2025-01-14,3.9021504,2025-01-17
4579,2017-05-23,2017-06-20,13.7504024,2017-06-23
4579,2017-12-25,2018-01-30,67.784848,2018-02-02
4579,2025-12-11,2025-12-23,8.0781,2025-12-26
4582,2018-10-24,2018-10-26,50.3593752,2018-10-31
4582,2021-02-02,2021-03-03,37.2782262,2021-03-08
4582,2021-06-10,2021-06-23,97.2805162,2021-06-28
4583,2024-12-02,2024-12-25,22.8684072,2025-01-14
4586,2017-04-21,2017-05-10,2.1179796,2017-05-15
4586,2017-10-31,2017-11-09,8.4172808,2017-11-14
4586,2018-08-31,2018-09-13,8.0345992,2018-09-19
4586,2020-04-21,2020-05-11,3.514444,2020-05-14
4586,2023-02-16,2023-02-27,5.9022476,2023-03-02
4588,2019-01-18,2019-01-29,21.9020242,2019-02-01
4588,2019-02-18,2019-03-25,128.1837688,2019-03-28
4588,2026-01-07,2026-01-28,26.7914618,2026-02-02
4591,2021-12-02,2021-12-27,18.3325272,2021-12-30
4592,2018-11-13,2018-12-12,102.082264,2018-12-17
4592,2024-07-02,2024-07-16,26.025202,2024-07-19
4594,2019-01-21,2019-01-29,3.6366146,2019-02-01
4594,2022-11-14,2022-11-30,4.7364152,2022-12-05
4594,2023-01-31,2023-02-13,5.0183932,2023-03-01
4595,2017-03-02,2017-03-16,0.99483552,2017-03-22
4596,2019-03-26,2019-04-03,21.9122936,2019-04-08
4598,2020-04-28,2020-05-15,3.6897156,2020-05-25
4598,2020-06-05,2020-06-29,7.2328094,2020-07-02
4598,2023-10-30,2023-11-17,24.1586668,2023-11-22
4599,2021-12-29,2022-01-13,5.6328948,2022-01-18
4616,2016-10-26,2016-11-24,4.731318,2016-11-29
4625,2017-08-10,2017-08-23,0.7613018,2017-09-06
4657,2019-05-07,2019-05-27,14.5003156,2019-05-30
4657,2021-04-20,2021-04-28,5.2004284,2021-05-07
4664,2018-02-08,2018-03-02,1.2549676,2018-03-07
4664,2018-03-19,2018-03-23,7.3195276,2018-04-13
4664,2025-12-12,2025-12-17,8.285389,2026-01-08
4699,2019-12-10,2019-12-19,1.98439,2020-01-09
4712,2020-05-21,2020-06-12,22.7987016,2020-06-17
4712,2020-06-26,2020-06-30,32.5642298,2020-07-02
4728,2017-06-19,2017-07-19,6.202735,2017-07-24
4736,2020-06-03,2020-06-15,1.141134,2020-06-18
4761,2024-04-08,2024-05-10,6.3873524,2024-05-15
4764,2017-10-17,2017-12-01,2.194882,2017-12-06
4764,2018-05-25,2018-06-01,12.6184976,2018-06-06
4764,2018-06-14,2018-06-20,28.5613114,2018-06-25
4764,2019-07-17,2019-07-25,2.3284764,2019-08-06
4772,2017-07-06,2017-07-19,4.6998388,2017-07-24
4772,2020-06-11,2020-06-16,1.5265714,2020-06-19
4772,2020-08-04,2020-08-27,6.6060406,2020-09-01
4784,2024-07-05,2024-07-22,0.3939316,2024-07-25
4784,2025-04-24,2025-05-16,19.8729522,2025-05-21
4814,2017-06-26,2017-07-11,4.5263318,2017-08-01
4814,2022-06-20,2022-06-30,1.2493828,2022-07-05
4814,2025-04-25,2025-05-02,7.8690162,2025-05-09
4824,2018-01-24,2018-01-31,3.0577452,2018-02-16
4833,2017-07-07,2017-07-12,3.6609482,2017-07-18
4833,2025-09-09,2025-09-18,16.8402196,2025-09-24
4833,2026-01-15,2026-01-28,2.1718186,2026-02-02
485A,2026-03-17,2026-03-25,88.556988,2026-03-30
4880,2020-06-26,2020-07-17,6.3783396,2020-08-04
4882,2023-09-26,2023-10-17,14.4293444,2023-10-20
4882,2023-11-22,2023-12-11,10.2498028,2023-12-14
4882,2024-07-29,2024-08-06,26.7233724,2024-08-14
4882,2025-03-25,2025-03-31,22.9809428,2025-04-03
4883,2024-08-19,2024-08-26,14.0229564,2024-08-29
4883,2024-11-01,2024-11-06,65.5400524,2024-11-13
4888,2026-03-30,2026-04-06,14.8641392,2026-04-09
4889,2025-01-21,2025-02-20,28.5452754,2025-03-05
4889,2025-06-10,2025-06-24,31.0001,2025-06-27
4891,2023-06-20,2023-06-26,4.9609708,2023-06-29
4892,2023-03-17,2023-03-22,83.1378272,2023-03-31
4892,2025-02-25,2025-03-17,3.9802582,2025-03-21
4894,2024-06-05,2024-07-02,37.367134,2024-07-05
4918,2021-07-09,2021-07-19,1.840497,2021-07-26
4935,2024-05-30,2024-06-13,0.2536616,2024-06-18
4935,2024-07-24,2024-08-05,7.3761296,2024-08-08
4935,2025-06-04,2025-06-19,15.8798504,2025-06-24
4935,2025-07-17,2025-08-08,15.150409,2025-08-14
4935,2026-07-15,2026-07-17,21.2737064,2026-07-23
4937,2023-05-12,2023-05-25,1.4739782,2023-05-30
4960,2026-01-30,2026-02-18,4.6605364,2026-02-24
4999,2017-11-09,2017-11-16,0.7085,2017-11-21
5009,2019-07-08,2019-07-10,27.2154682,2019-07-16
5025,2022-05-24,2022-06-08,0.6133632,2022-06-13
5025,2023-06-23,2023-06-27,3.6108768,2023-07-03
5025,2024-09-18,2024-09-25,0.8992328,2024-09-30
5032,2022-10-04,2022-10-17,40.179768,2022-10-25
5131,2024-05-02,2024-05-08,9.6875224,2024-05-10
5132,2023-01-31,2023-02-17,7.5307428,2023-02-28
5132,2023-03-08,2023-03-13,26.62627284,2023-03-16
5189,2023-04-12,2023-04-19,2.378826,2023-04-24
5212,2020-09-04,2020-09-11,1.9377182,2020-09-25
5212,2020-11-13,2020-12-11,7.2784412,2020-12-16
5216,2018-10-03,2018-10-10,0.9681672,2018-10-25
5216,2024-04-23,2024-05-08,5.9002878,2024-05-13
5216,2024-05-30,2024-06-24,14.0663044,2024-06-27
5240,2024-02-26,2024-03-04,5.1445434,2024-03-13
5240,2026-07-17,2026-07-22,6.4137382,2026-07-31
5242,2024-05-31,2024-06-06,2.0471662,2024-06-11
5243,2023-02-16,2023-02-24,9.6674968,2023-03-01
5243,2023-03-09,2023-03-15,8.2961674,2023-03-20
5243,2025-01-24,2025-02-18,49.8573934,2025-02-21
5243,2026-01-27,2026-02-03,17.2198768,2026-02-06
5244,2023-08-24,2023-09-05,5.521363,2023-09-08
5246,2023-02-03,2023-02-21,11.4350856,2023-03-02
5246,2024-02-09,2024-03-12,11.0446432,2024-03-15
5246,2024-07-03,2024-07-22,59.7729508,2024-07-25
5246,2025-02-06,2025-02-19,11.0268304,2025-02-25
5247,2023-03-10,2023-03-29,6.298404,2023-04-03
5247,2024-12-11,2024-12-20,0.8160472,2024-12-25
5277,2016-10-24,2016-10-28,0.5757652,2016-11-02
5277,2017-08-29,2017-09-11,2.3926796,2017-10-10
5277,2025-01-31,2025-02-26,0.3718102,2025-03-03
5287,2019-10-17,2019-10-29,1.6136168,2019-11-01
5337,2020-07-28,2020-08-03,2.708615,2020-08-06
5337,2020-09-09,2020-10-19,16.0427184,2020-10-22
5341,2016-08-25,2016-08-30,1.971844,2016-09-13
5381,2017-08-25,2017-09-25,7.0381448,2017-10-03
5491,2020-12-01,2020-12-11,6.612779,2020-12-22
5535,2024-06-18,2024-06-24,8.0152472,2024-07-05
5542,2021-03-09,2021-03-16,1.4339428,2021-03-19
5574,2024-02-19,2024-02-29,22.20758,2024-03-13
5574,2025-02-07,2025-02-21,5.6433146,2025-02-27
5586,2024-03-15,2024-04-01,15.2844466,2024-04-04
5595,2024-02-09,2024-03-12,172.368363,2024-03-15
5597,2025-03-03,2025-03-07,5.1898314,2025-03-12
5597,2025-06-17,2025-06-30,5.054038,2025-07-03
5597,2025-08-07,2025-08-14,16.2031812,2025-08-25
5610,2023-09-01,2023-09-14,0.337106,2023-09-20
5612,2019-07-09,2019-07-23,0.578456,2019-07-26
5614,2020-10-12,2020-10-26,0.9928262,2020-10-29
5616,2024-09-06,2024-09-12,2.4766848,2024-10-21
5697,2017-10-30,2017-11-07,2.804397,2017-11-10
5704,2017-02-27,2017-03-13,7.17114,2017-03-24
5704,2018-09-04,2018-09-19,10.385658,2018-09-25
5724,2016-09-30,2016-10-07,1.3037832,2016-10-18
5724,2016-10-24,2016-10-26,13.9552952,2016-11-08
5724,2026-01-21,2026-01-30,8.007425,2026-02-04
5781,2020-10-05,2020-10-16,0.691377,2020-10-21
5781,2023-02-21,2023-03-29,1.000155,2023-04-03
5817,2017-04-26,2017-05-31,5.2261578,2017-06-21
5817,2020-01-24,2020-01-30,1.3971658,2020-02-04
5817,2020-06-19,2020-06-30,2.9598408,2020-07-03
5817,2025-12-24,2026-01-13,3.5517764,2026-02-04
5820,2023-03-29,2023-04-17,2.76272046,2023-04-20
5885,2024-03-06,2024-03-15,10.091594,2024-03-21
5892,2024-03-14,2024-04-03,8.2230498,2024-04-08
5950,2017-02-17,2017-03-02,0.2053308,2017-03-07
5950,2017-11-06,2017-11-10,5.9408202,2017-11-15
5950,2020-09-18,2020-09-28,1.8540264,2020-10-02
5950,2024-06-25,2024-07-09,0.816899,2024-07-19
5952,2020-09-16,2020-09-29,4.6572744,2020-10-08
5955,2023-06-02,2023-06-14,4.6212486,2023-06-19
5974,2020-12-17,2020-12-23,3.5825796,2020-12-28
5986,2017-09-19,2017-09-27,3.7373128,2017-11-07
5986,2020-12-08,2020-12-17,4.8409458,2020-12-22
6016,2016-12-21,2017-01-04,7.33469802,2017-01-25
6016,2020-09-02,2020-09-15,0.21298842,2020-09-18
6016,2023-04-10,2023-05-10,1.84005366,2023-07-12
6029,2019-09-11,2019-09-19,3.8692692,2019-09-25
6033,2018-08-13,2018-09-10,31.254846,2018-09-20
6034,2020-04-14,2020-04-22,6.355656,2020-04-27
6038,2016-09-08,2016-09-15,9.3289734,2016-09-21
6064,2018-12-04,2018-12-12,1.3755764,2018-12-17
6067,2019-03-19,2019-04-11,15.889969,2019-04-16
6069,2017-04-19,2017-05-01,6.3084728,2017-05-09
6069,2020-08-26,2020-09-10,1.9458436,2020-09-29
6072,2023-12-01,2023-12-11,3.3219948,2023-12-19
6072,2026-06-04,2026-06-09,75.0289536,2026-06-24
6081,2020-12-01,2020-12-15,2.7372968,2020-12-18
6081,2026-01-29,2026-02-02,4.9739168,2026-03-03
6084,2016-11-15,2016-12-05,0.7697488,2017-01-12
6090,2020-05-12,2020-05-29,2.809057,2020-06-17
6095,2025-05-26,2025-06-10,2.4967934,2025-06-13
6096,2019-11-26,2019-12-17,6.4056168,2019-12-20
6149,2016-09-20,2016-10-07,0.7277846,2016-10-13
6149,2017-08-23,2017-09-25,10.296732,2017-10-04
6172,2016-10-26,2016-10-31,107.5326362,2016-11-09
6172,2016-12-14,2017-01-11,56.279558,2017-01-16
6173,2023-09-05,2023-09-11,3.82269,2023-09-14
6176,2016-10-20,2016-10-26,27.6876068,2016-10-31
6176,2018-01-15,2018-01-18,23.0412744,2018-01-23
6177,2018-05-28,2018-06-20,9.773475,2018-06-25
6177,2025-09-02,2025-09-04,64.9330122,2025-09-09
6193,2018-01-17,2018-01-22,3.0385802,2018-01-30
6195,2019-06-05,2019-06-24,0.36931472,2019-06-27
6195,2019-12-16,2020-01-15,5.4839316,2020-01-20
6196,2016-11-15,2016-11-29,4.37469948,2016-12-09
6198,2021-05-21,2021-06-07,2.4330998,2021-06-16
6198,2021-09-16,2021-09-28,3.267594,2021-10-06
6203,2017-10-20,2017-10-31,41.676857,2017-11-06
6208,2017-04-14,2017-04-26,21.9141912,2017-05-01
6208,2017-10-10,2017-10-24,21.264104,2017-10-27
6217,2025-12-30,2026-01-19,1.7849152,2026-01-22
6218,2016-11-28,2016-12-09,1.077736,2016-12-14
6227,2023-11-28,2023-12-06,22.94996904,2023-12-11
6228,2023-12-06,2023-12-15,20.77826994,2023-12-20
6228,2024-01-04,2024-01-24,28.13515446,2024-02-16
6228,2024-04-15,2024-04-22,25.775977,2024-04-25
6239,2019-11-20,2020-01-09,3.2788436,2020-01-29
6254,2017-02-24,2017-03-16,1.8661896,2017-03-22
6254,2025-01-17,2025-01-28,58.190944,2025-01-31
6276,2018-03-12,2018-03-26,1.2483954,2018-04-05
6281,2017-10-30,2017-12-11,3.2756204,2017-12-14
6312,2025-07-25,2025-08-05,2.1549634,2025-10-02
6327,2016-08-26,2016-09-16,4.6770874,2016-10-13
6330,2026-01-09,2026-02-10,151.217156,2026-02-16
6334,2017-05-15,2017-06-22,2.3543608,2017-06-23
6338,2022-11-21,2022-12-07,31.61892,2022-12-23
6378,2019-12-11,2019-12-13,19.2855458,2019-12-18
6384,2017-09-26,2017-10-16,2.6404882,2017-10-19
6400,2017-12-13,2017-12-26,7.4498688,2017-12-29
6400,2020-11-26,2020-12-24,14.670478,2020-12-29
6408,2020-01-24,2020-01-30,2.415504,2020-02-04
6433,2020-12-14,2020-12-18,1.6517918,2020-12-23
6433,2025-12-16,2026-01-14,7.235262,2026-01-19
6433,2026-02-12,2026-03-03,4.9812362,2026-03-06
6467,2018-02-06,2018-03-06,15.1727844,2018-03-09
6469,2024-03-11,2024-03-15,5.18788,2024-03-21
6494,2018-01-23,2018-02-06,7.8738734,2018-02-09
6522,2021-11-10,2021-11-30,31.77293,2021-12-03
6522,2024-06-11,2024-06-19,1.9126902,2024-06-27
6522,2026-04-01,2026-04-14,8.0878636,2026-04-17
6522,2026-07-09,2026-07-17,27.247678,2026-07-23
6531,2016-10-03,2016-10-26,8.063616,2016-11-04
6531,2016-12-19,2017-01-06,9.917466,2017-01-12
6531,2019-01-24,2019-01-31,2.79544,2019-02-12
6531,2020-09-01,2020-09-09,4.0232102,2020-09-23
6533,2017-12-04,2017-12-11,1.6492384,2017-12-14
6537,2017-02-28,2017-03-27,5.690048,2017-04-11
6541,2017-03-08,2017-03-14,9.61177872,2017-03-17
6547,2020-04-01,2020-04-10,0.8105972,2020-04-15
6550,2022-09-29,2022-10-24,0.869076,2022-10-27
6554,2021-11-12,2021-12-03,8.805859,2021-12-15
6557,2023-02-13,2023-02-27,1.2253004,2023-03-02
6567,2023-01-20,2023-02-13,0.9727784,2023-02-24
6568,2023-02-21,2023-03-09,1.3933052,2023-03-14
6573,2020-06-26,2020-07-03,3.52738038,2020-07-13
6573,2024-04-22,2024-04-30,4.7776774,2024-05-07
6574,2025-09-01,2025-09-03,23.2990858,2025-09-08
6578,2023-06-01,2023-06-09,1.6712502,2023-06-14
6579,2020-08-21,2020-10-19,13.841814,2020-10-28
6579,2022-03-11,2022-03-25,1.6749844,2022-03-30
6579,2022-10-27,2022-11-15,5.796555,2022-11-18
6580,2019-03-12,2019-04-04,1.7211052,2019-04-09
6584,2019-11-12,2019-11-22,58.2959492,2019-11-27
6597,2020-01-17,2020-01-24,6.6147696,2020-01-29
6613,2026-05-27,2026-06-05,125.3732632,2026-06-10
6614,2021-04-01,2021-04-30,4.4655684,2021-05-07
6614,2021-06-04,2021-07-05,9.630425,2021-07-15
6618,2017-09-21,2017-10-16,14.2136988,2017-10-26
6619,2022-06-29,2022-07-06,318.2357008,2022-09-01
6626,2018-01-10,2018-01-29,4.863336,2018-02-01
6628,2017-06-29,2017-07-20,12.2907144,2017-08-01
6629,2026-01-05,2026-01-09,12.627419,2026-01-23
6635,2020-02-07,2020-02-13,2.5205178,2020-02-18
6635,2020-06-02,2020-06-16,0.579207,2020-06-19
6635,2021-01-04,2021-01-14,2.3797978,2021-01-26
6656,2019-12-17,2020-01-28,9.507183,2020-01-31
6656,2020-02-13,2020-02-18,23.015964,2020-02-21
6658,2016-09-02,2016-09-20,5.0474334,2016-09-26
6658,2017-10-10,2017-10-26,9.9089188,2017-10-31
6658,2020-10-20,2020-10-26,1.3654844,2020-10-29
6659,2020-09-14,2020-09-28,2.6486004,2020-10-13
6659,2021-03-23,2021-03-26,12.070675,2021-03-31
6659,2022-04-22,2022-05-02,15.3150692,2022-05-16
6659,2022-07-14,2022-07-19,25.6804156,2022-08-15
6659,2024-04-15,2024-04-18,12.2225674,2024-04-23
6663,2017-03-15,2017-03-29,0.7790864,2017-04-03
6666,2017-06-14,2017-06-23,1.6772104,2017-06-28
6668,2016-10-26,2016-11-02,1.7237632,2016-11-08
6696,2023-02-01,2023-03-06,3.5977,2023-03-09
6696,2023-06-02,2023-06-06,11.3495436,2023-06-08
6696,2024-04-15,2024-04-18,7.7252362,2024-04-30
6696,2024-05-31,2024-06-12,7.0814886,2024-06-17
6721,2020-09-28,2020-10-19,3.5577122,2020-10-22
6731,2017-06-16,2017-06-27,14.0927954,2017-06-30
6734,2017-05-15,2017-06-01,0.5484574,2017-06-12
6734,2020-01-15,2020-01-30,0.9257002,2020-02-04
6768,2021-06-28,2021-07-14,50.2181914,2021-07-19
6769,2024-07-09,2024-07-22,21.836324,2024-07-25
6772,2017-02-08,2017-02-28,0.975316,2017-03-03
6772,2017-03-15,2017-04-03,3.251424,2017-04-06
6776,2020-12-18,2020-12-23,17.0883364,2020-12-28
6835,2018-01-22,2018-02-06,2.5841096,2018-02-09
6835,2018-03-09,2018-03-23,23.7622754,2018-04-03
6835,2020-06-19,2020-07-08,4.5282234,2020-07-13
6836,2017-04-25,2017-05-02,2.340498,2017-05-10
6836,2024-08-19,2024-09-18,8.60941626,2024-09-24
6836,2025-03-21,2025-04-09,1.8370196,2025-04-30
6840,2017-01-17,2017-01-23,4.05824,2017-02-09
6840,2019-12-05,2019-12-13,5.383296,2019-12-23
6840,2021-02-02,2021-02-12,4.110496,2021-02-26
6864,2017-08-25,2017-09-05,3.3131028,2017-10-19
6867,2019-12-30,2020-01-09,2.7312918,2020-01-29
6897,2020-06-25,2020-07-08,11.7509266,2020-07-13
6897,2020-11-13,2020-12-07,31.8631056,2020-12-21
6898,2021-09-24,2021-10-01,0.641721,2021-10-06
6898,2022-09-08,2022-09-21,19.564074,2022-09-27
6901,2017-04-04,2017-04-13,4.616414,2017-04-18
6907,2018-02-05,2018-02-08,5.0175518,2018-02-14
6907,2021-02-04,2021-02-19,4.2740826,2021-03-03
6927,2023-04-27,2023-05-18,27.4597396,2023-05-23
6927,2023-06-27,2023-07-07,55.0751512,2023-07-12
6937,2020-06-23,2020-07-03,19.2318488,2020-07-08
6938,2017-10-19,2017-11-07,11.3854972,2017-11-10
6955,2017-10-03,2017-10-13,21.183982,2017-10-18
6969,2017-09-15,2017-09-27,1.2199962,2017-10-11
6969,2020-12-08,2020-12-17,1.6866508,2020-12-22
6982,2020-12-02,2020-12-17,6.8187382,2020-12-22
6993,2021-06-16,2021-07-15,8.7930066,2021-07-20
6993,2024-07-08,2024-07-10,16.944091,2024-07-22
7003,2024-03-13,2024-03-15,1040.5551076,2024-03-26
7018,2016-09-26,2016-10-04,0.504664,2016-10-17
7018,2023-08-14,2023-09-11,13.240354,2023-09-14
7022,2016-08-25,2016-08-30,1.8391898,2016-09-02
7037,2023-02-07,2023-02-15,1.3584422,2023-02-27
7042,2021-06-07,2021-06-15,1.2560444,2021-06-18
7042,2023-03-22,2023-03-29,0.839517,2023-04-03
7044,2022-04-13,2022-04-25,7.5921372,2022-04-28
7048,2019-02-25,2019-03-15,6.4511862,2019-03-20
7048,2020-03-25,2020-04-15,1.3233852,2020-04-20
7050,2021-09-24,2021-10-08,1.4840166,2021-10-13
7063,2021-09-22,2021-10-04,1.6935234,2021-10-19
7063,2023-12-01,2023-12-08,0.5165884,2023-12-13
7066,2022-04-12,2022-04-28,3.4463602,2022-05-09
7066,2023-03-13,2023-03-24,0.7711764,2023-04-04
7068,2020-06-25,2020-07-15,4.51710848,2020-07-20
7068,2020-08-28,2020-09-08,8.189536,2020-09-11
7072,2021-08-27,2021-09-06,3.127443,2021-11-15
7078,2021-02-25,2021-03-16,5.24113902,2021-03-19
7078,2021-03-31,2021-04-20,4.5878642,2021-05-06
7078,2021-11-08,2021-11-15,41.384414,2021-12-03
7082,2020-08-27,2020-09-10,5.023791,2020-09-25
7089,2021-08-18,2021-09-29,3.430784,2021-10-04
7093,2020-06-03,2020-06-12,2.542796,2020-06-24
7094,2020-05-26,2020-06-05,14.62445526,2020-06-10
7095,2020-07-01,2020-07-03,30.20586,2020-07-14
7138,2022-08-31,2022-09-07,13.7774292,2022-09-12
7138,2023-03-16,2023-03-20,11.8488982,2023-03-23
7138,2025-07-17,2025-07-30,0.6512806,2025-08-04
7138,2025-12-30,2026-01-14,7.2623992,2026-01-19
7162,2016-08-25,2016-09-05,10.1120674,2016-09-13
7162,2016-11-30,2016-12-26,6.0278126,2016-12-29
7190,2016-11-30,2016-12-14,2.619828,2017-02-15
7242,2018-10-25,2018-11-09,55.347923,2018-11-14
7254,2021-08-17,2021-08-25,3.3254904,2021-09-15
7254,2022-01-06,2022-01-20,9.3600694,2022-01-25
7271,2016-12-07,2016-12-27,9.4430194,2016-12-30
7271,2017-09-15,2017-10-06,21.952394,2017-10-12
7273,2025-07-15,2025-07-28,7.4203476,2025-07-31
7297,2017-11-02,2017-11-10,0.6270106,2017-11-15
7353,2020-09-11,2020-10-02,8.09361342,2020-10-28
7359,2022-07-01,2022-07-05,32.2835138,2022-07-08
7359,2022-09-14,2022-09-26,16.6684718,2022-10-04
7359,2023-02-27,2023-03-17,37.6882304,2023-03-30
7369,2023-07-26,2023-08-09,2.6733477,2023-08-15
7373,2021-11-04,2021-11-24,18.446174,2021-11-29
7426,2024-03-11,2024-03-14,4.8477398,2024-03-19
7448,2017-07-10,2017-07-20,1.832442,2017-07-28
7448,2020-10-26,2020-10-29,4.3435112,2020-11-04
7462,2018-07-18,2018-07-26,0.3354922,2018-07-31
7462,2020-05-12,2020-05-27,0.0853056,2020-10-07
7519,2017-06-29,2017-08-02,3.208004,2017-08-23
7519,2017-08-30,2017-09-21,10.7352,2017-11-16
7567,2017-10-17,2017-11-08,3.3014654,2017-11-13
7567,2019-10-31,2019-11-08,4.2299868,2019-11-18
7577,2019-10-07,2019-10-15,0.4558638,2019-10-18
7577,2020-11-24,2020-12-07,4.5193114,2020-12-10
7585,2021-10-15,2021-10-26,4.0442222,2021-10-29
7603,2025-06-25,2025-07-15,19.5573268,2025-07-18
7610,2020-06-25,2020-07-17,25.8319766,2020-07-22
7615,2025-08-25,2025-09-11,5.7747032,2025-09-17
7623,2023-02-09,2023-02-22,0.7315326,2023-02-28
7624,2018-01-15,2018-01-25,2.8047722,2018-02-02
7625,2016-12-08,2016-12-16,2.0245198,2016-12-29
7625,2020-08-31,2020-09-17,1.7484466,2020-09-24
7625,2021-01-04,2021-01-06,15.1352448,2021-01-18
7625,2021-05-12,2021-06-15,2.3431916,2021-06-24
7670,2023-03-09,2023-03-22,0.6956594,2023-03-27
7687,2020-04-24,2020-05-13,1.40137002,2020-05-18
7692,2022-10-06,2022-10-17,15.53828184,2022-10-20
7692,2023-02-27,2023-03-31,25.21782306,2023-04-05
7692,2023-04-13,2023-04-20,64.84636968,2023-04-25
7692,2024-03-05,2024-03-15,4.119019,2024-03-21
7707,2017-06-09,2017-06-16,6.2979378,2017-06-26
7707,2017-07-04,2017-07-06,59.7299702,2017-07-18
7707,2020-05-20,2020-06-25,66.2076574,2020-06-30
7707,2022-07-21,2022-08-01,25.8919626,2022-08-04
7707,2024-08-23,2024-09-05,6.9499314,2024-09-10
7709,2019-01-24,2019-02-06,1.8094858,2019-02-12
7711,2025-10-17,2025-10-30,68.558186,2025-11-05
7726,2016-12-15,2016-12-26,6.891874,2016-12-29
7726,2020-12-10,2020-12-21,3.9169588,2020-12-24
7746,2017-07-18,2017-07-31,1.1296062,2017-08-03
7746,2017-10-02,2017-10-05,10.2116422,2017-10-11
7746,2024-12-06,2025-01-07,13.8075546,2025-01-10
7746,2025-09-17,2025-09-19,54.7806744,2025-10-02
7748,2018-08-27,2018-09-07,2.0205486,2018-09-12
7760,2020-12-14,2020-12-21,2.636265,2020-12-24
7771,2026-01-16,2026-02-19,15.8073458,2026-02-25
7776,2018-02-27,2018-04-10,14.2261756,2018-04-13
7776,2023-01-26,2023-02-14,16.7053684,2023-04-04
7776,2023-09-21,2023-09-29,6.950997,2023-10-04
7776,2024-07-09,2024-07-24,68.8834638,2024-07-29
7782,2021-01-05,2021-01-22,0.4709482,2021-01-27
7793,2023-04-07,2023-04-18,1.2837926,2023-04-21
7794,2022-11-29,2022-12-06,26.350252,2022-12-09
7808,2021-10-27,2021-11-10,0.4468536,2021-11-15
7827,2017-04-12,2017-05-18,1.948883,2017-05-23
7831,2021-04-19,2021-04-22,4.613117,2021-04-27
7834,2016-12-05,2016-12-09,5.4389326,2016-12-21
7851,2019-01-21,2019-01-29,0.4118078,2019-02-01
7851,2021-01-29,2021-02-08,2.580054,2021-02-12
7855,2017-04-27,2017-05-12,0.8287636,2017-05-17
7859,2017-06-05,2017-06-21,0.8532122,2017-06-26
7859,2018-08-29,2018-09-07,2.8222232,2018-09-12
7859,2018-12-11,2018-12-13,36.6670114,2019-01-10
7859,2021-05-27,2021-06-11,2.257341,2021-06-16
7859,2022-08-05,2022-09-05,5.399475,2022-09-16
7859,2022-12-01,2022-12-09,20.3480014,2023-01-10
7859,2023-11-10,2023-11-27,19.514701,2023-11-30
7878,2022-08-19,2022-09-08,3.9493,2022-09-13
7886,2022-11-04,2022-11-14,1.1699958,2022-12-12
7897,2016-10-12,2016-10-27,2.5780234,2016-11-01
7897,2021-04-30,2021-05-18,11.5135324,2021-05-21
7922,2021-01-08,2021-01-25,5.623765,2021-01-28
7928,2017-10-25,2017-11-08,0.5761164,2017-11-13
7928,2021-01-21,2021-02-09,2.3843446,2021-02-15
7940,2017-06-01,2017-06-12,7.1845424,2017-06-22
7963,2020-01-29,2020-02-07,19.0655884,2020-02-26
7980,2020-01-29,2020-02-06,35.6435326,2020-02-12
7992,2021-02-26,2021-03-04,3.051266,2021-03-09
7997,2023-04-14,2023-04-24,1.1883474,2023-04-27
7997,2024-06-26,2024-07-03,3.3788648,2024-07-08
8029,2017-08-14,2017-08-16,179.749294,2017-08-24
8040,2021-06-14,2021-06-30,0.4843644,2021-07-05
8105,2017-06-01,2017-07-19,10.3160556,2017-07-24
8105,2025-06-04,2025-06-06,2.377527,2025-06-11
8105,2026-06-09,2026-06-18,19.8265146,2026-06-23
8139,2021-12-03,2021-12-10,5.872469,2021-12-15
8143,2017-07-24,2017-08-01,0.402671,2017-08-04
8201,2016-10-04,2016-10-13,1.409298,2016-10-18
8202,2022-06-13,2022-06-20,5.059961,2022-06-23
8226,2021-11-17,2021-11-26,5.3952722,2021-12-01
8256,2017-10-17,2017-11-06,1.9610296,2018-02-14
8256,2019-09-20,2019-10-02,1.8329994,2019-10-07
8256,2020-04-23,2020-06-23,11.2015448,2020-06-26
8256,2021-07-16,2021-08-04,10.0372792,2021-08-10
8256,2021-08-17,2021-08-20,110.430596,2021-08-25
8260,2021-10-01,2021-10-13,0.7518208,2021-10-18
8462,2016-12-08,2016-12-12,45.7109476,2016-12-20
8518,2016-12-05,2016-12-14,19.7267884,2016-12-27
8562,2020-09-17,2020-10-02,1.5747022,2020-10-07
8704,2017-06-29,2017-07-19,44.0143,2017-07-24
8704,2019-11-25,2019-12-06,4.1326116,2019-12-11
8705,2018-06-06,2018-06-14,5.8398206,2018-06-19
8746,2022-03-07,2022-03-23,1.334827842,2022-03-28
8746,2024-02-26,2024-03-08,4.1623438632,2024-03-13
8746,2026-01-19,2026-02-04,1.9607262,2026-02-09
8848,2019-02-25,2019-03-13,50.7340678,2019-03-22
8891,2017-06-06,2017-06-21,1.3372976,2017-06-26
8927,2017-09-13,2017-10-03,7.7082464,2017-10-06
8946,2019-07-12,2019-07-18,5.4432986,2019-07-23
8946,2023-03-01,2023-03-09,1.6445164,2023-03-14
9127,2021-08-23,2021-09-06,3.171416,2021-09-09
9130,2026-03-23,2026-04-01,10.047161,2026-04-06
9227,2022-11-17,2022-12-08,47.738426,2022-12-13
9233,2017-07-18,2017-08-01,1.1842058,2017-08-04
9235,2024-02-15,2024-03-08,14.493027,2024-03-13
9235,2024-05-15,2024-05-27,9.6701468,2024-05-30
9235,2025-05-07,2025-05-23,14.6679736,2025-05-28
9235,2025-06-11,2025-06-20,19.306779,2025-06-25
9241,2023-09-15,2023-09-20,5.1945532,2023-09-22
9244,2024-02-26,2024-03-01,3.580714,2024-03-13
9250,2022-03-16,2022-04-08,13.170082,2022-04-20
9254,2022-10-06,2022-10-18,0.9287518,2022-10-21
9254,2023-03-27,2023-03-29,61.506407,2023-04-03
9254,2023-08-02,2023-08-04,10.8244422,2023-08-08
9256,2026-07-01,2026-07-08,7.64215,2026-07-24
9263,2020-01-08,2020-01-24,5.9322466,2020-01-29
9265,2020-01-20,2020-01-30,0.9498326,2020-02-04
9268,2021-08-25,2021-09-15,1.44289008,2021-09-21
9271,2021-03-08,2021-03-15,0.3514004,2021-03-18
9271,2025-08-25,2025-09-09,0.4888448,2025-09-29
9307,2017-10-20,2017-10-27,7.0445858,2017-12-04
9307,2018-01-15,2018-01-25,84.8050168,2018-01-30
9327,2023-10-13,2023-10-19,3.0091888,2023-10-24
9348,2023-06-06,2023-06-12,23.4760878,2023-06-23
9353,2023-04-21,2023-05-02,0.6223822,2023-05-17
9353,2025-10-27,2025-10-29,6.370775,2025-11-04
9360,2020-10-05,2020-10-20,2.252008,2020-10-23
9363,2023-04-21,2023-04-27,1.5964588,2023-05-12
9377,2016-10-13,2016-11-02,5.09525,2016-11-08
9419,2023-12-07,2023-12-12,9.403546,2023-12-21
9421,2016-10-26,2016-11-07,3.9788928,2016-11-10
9424,2018-06-11,2018-06-20,22.912684,2018-06-25
9424,2019-06-14,2019-06-24,23.4634852,2019-06-27
9425,2018-08-24,2018-09-07,2.0417954,2018-09-12
9425,2020-09-09,2020-09-17,6.8137238,2020-09-24
9425,2023-09-13,2023-09-22,1.635742,2023-09-27
9425,2025-09-11,2025-09-19,18.3836616,2025-10-09
9439,2022-04-14,2022-04-21,1.412318,2022-04-26
9552,2022-08-10,2022-09-05,42.03253806,2022-09-16
9553,2023-03-01,2023-03-20,11.5997127,2023-03-30
9560,2023-01-27,2023-02-17,0.8051259,2023-02-24
9610,2020-12-30,2021-01-15,2.3165862,2021-02-04
9625,2019-12-04,2020-01-21,4.763309,2020-01-24
9633,2016-12-01,2016-12-13,4.331412,2016-12-16
9674,2016-12-06,2016-12-14,0.946936,2016-12-19
9685,2018-11-28,2018-12-17,2.9655796,2018-12-20
9691,2020-01-15,2020-01-30,5.696425,2020-02-04
9698,2018-04-03,2018-04-24,1.8574596,2018-04-27
9702,2017-06-01,2017-06-12,4.2909626,2017-06-15
9704,2024-03-08,2024-03-27,2.6854556,2024-04-01
9764,2017-09-13,2017-10-06,3.806906,2017-10-12
9820,2018-08-16,2018-10-15,17.2715,2018-10-16
9827,2019-02-21,2019-03-08,0.3799748,2019-03-13
9827,2022-03-02,2022-03-23,1.8922806,2022-03-28
9876,2020-06-18,2020-06-30,3.3887124,2020-07-09
9878,2019-05-23,2019-05-31,4.3196474,2019-06-05
9878,2020-10-28,2020-11-16,4.3305294,2020-11-19
9878,2025-06-30,2025-07-22,4.6766468,2025-07-25
9888,2017-05-12,2017-05-16,3.8764472,2017-05-19
9969,2019-01-29,2019-02-01,3.3871884,2019-02-12
9972,2016-11-09,2016-11-22,2.667351,2016-12-01
9980,2017-05-24,2017-06-20,4.244329,2017-06-23
9980,2017-07-04,2017-07-18,5.551955,2017-07-21
