A,B,W,zin,H,n,mean,t,first,second,sum
US500Cash,US100Cash,24,1.5,6,3493,-0.023349694657898278,-4.856351441740242,-0.02446142322896164,-0.022433607093857548,-81.56048344003868
US500Cash,US100Cash,24,1.5,24,2493,-0.024498759682806574,-2.8757379985824163,-0.027417737014354564,-0.02215217226214824,-61.075407889236786
US500Cash,US100Cash,24,1.5,72,2137,-0.02459754555180958,-2.2880801104096555,-0.02175353133031725,-0.02686510272756628,-52.56495484421707
US500Cash,US100Cash,24,2.0,6,2534,-0.03238780241582961,-5.779736978842988,-0.03597151290856163,-0.02952642959515996,-82.07069132171222
US500Cash,US100Cash,24,2.0,24,2027,-0.02753912166250504,-2.9153590912618537,-0.035134758627955516,-0.02152171165274056,-55.82179960989772
US500Cash,US100Cash,24,2.0,72,1776,-0.02953078644555012,-2.4853003931897613,-0.02686426836360766,-0.03160000447713746,-52.44667672729702
US500Cash,US100Cash,24,2.5,6,1684,-0.036320179682003385,-5.502192419978621,-0.03739642027680979,-0.035428571024199614,-61.163182584493704
US500Cash,US100Cash,24,2.5,24,1478,-0.0367003197373727,-3.2603290519427954,-0.03918097757026274,-0.034687825270003574,-54.243072571836855
US500Cash,US100Cash,24,2.5,72,1348,-0.0338665369940429,-2.4352549627311304,-0.01527903621190317,-0.04842182861180311,-45.65209186796983
US500Cash,US100Cash,72,1.5,6,2156,-0.021934524097938245,-3.534941342965557,-0.021056727960402883,-0.02266602087921771,-47.29083395515485
US500Cash,US100Cash,72,1.5,24,1410,-0.007614617409549216,-0.5662511104251231,-0.008693789301416455,-0.0067627837588621325,-10.736610547464394
US500Cash,US100Cash,72,1.5,72,1017,-0.02461542487774911,-1.1591105755072044,-0.008669881210462603,-0.037220264854178065,-25.033887100670846
US500Cash,US100Cash,72,2.0,6,1448,-0.03401617649163612,-4.459576223627074,-0.03776022654417504,-0.031017211026667154,-49.25542355988911
US500Cash,US100Cash,72,2.0,24,987,-0.018909574700385193,-1.118092896962961,-0.00025462183593627096,-0.033490070350757725,-18.663750229280186
US500Cash,US100Cash,72,2.0,72,787,-0.03938195797767333,-1.5573388738678051,-0.002464454305014295,-0.0694093284764029,-30.99360092842891
US500Cash,US100Cash,72,2.5,6,782,-0.03467208537622632,-3.630770349725851,-0.0329554976586059,-0.03605566300544001,-27.113570764208983
US500Cash,US100Cash,72,2.5,24,639,-0.0194745950168003,-0.9415245909434431,-0.029836524900082047,-0.01107937703771085,-12.444266215735393
US500Cash,US100Cash,72,2.5,72,565,-0.038594189866434196,-1.301209461729413,-0.02050003290814024,-0.053478093170837286,-21.805717274535322
US500Cash,US100Cash,168,1.5,6,1379,-0.030526591610012314,-4.096468053715809,-0.040452730556841454,-0.022346717848273488,-42.09616983020698
US500Cash,US100Cash,168,1.5,24,942,-0.017847818443799745,-1.0370033211112495,-0.0568461944030604,0.014073632148336394,-16.81264497405936
US500Cash,US100Cash,168,1.5,72,628,-0.01838911617705268,-0.5979229068289618,-0.035004001322978796,-0.004847504584130256,-11.548364959189083
US500Cash,US100Cash,168,2.0,6,978,-0.022890803754377746,-2.4994572088005684,-0.022264075756163116,-0.0234140569611423,-22.387206071781435
US500Cash,US100Cash,168,2.0,24,674,-0.005319567550437509,-0.256010142676106,-0.011131228060004742,-0.0004580422740420198,-3.585388528994881
US500Cash,US100Cash,168,2.0,72,459,-0.019858633593953748,-0.5419392374218267,-0.025205781147268482,-0.015504829657262709,-9.11511281962477
US500Cash,US100Cash,168,2.5,6,489,-0.037429994899945244,-2.7533990789403875,-0.02957040554992819,-0.0433458148408183,-18.303267506073226
US500Cash,US100Cash,168,2.5,24,359,-0.05415904746956717,-1.8625263609045324,-0.030228101718603226,-0.07297043766186719,-19.443098041574615
US500Cash,US100Cash,168,2.5,72,277,-0.06867332865880675,-1.349886532793055,0.0019798040096292947,-0.12849298098474926,-19.02251203848947
US500Cash,US100Cash,336,1.5,6,1002,-0.03384184937850781,-3.762494274899719,-0.04014000348981737,-0.02836621539367525,-33.909533077264825
US500Cash,US100Cash,336,1.5,24,688,-0.02045734033862257,-0.9791798369181773,-0.028728036068210505,-0.013554066302993165,-14.074650152972326
US500Cash,US100Cash,336,1.5,72,450,-0.05878307478702193,-1.4770380869629691,-0.007336488321071853,-0.10106508714567726,-26.45238365415987
US500Cash,US100Cash,336,2.0,6,667,-0.04116887064796384,-3.361639360410041,-0.020068674855223588,-0.058521763909206506,-27.45963672219188
US500Cash,US100Cash,336,2.0,24,454,-0.03071162479893186,-1.1583492000911226,0.007188729774561729,-0.06333078242365996,-13.943077658715065
US500Cash,US100Cash,336,2.0,72,302,-0.039711519588237244,-0.7419384855978347,0.03563789491530736,-0.10311529520707355,-11.992878915647648
US500Cash,US100Cash,336,2.5,6,318,-0.04061801581506633,-2.460917453534295,-0.023556411457361363,-0.05353204784272147,-12.916529029191093
US500Cash,US100Cash,336,2.5,24,232,-0.007424720858981914,-0.17399936511069922,0.017534866773859986,-0.026003662029292808,-1.722535239283804
US500Cash,US100Cash,336,2.5,72,171,0.02006395313130242,0.2816615925478227,0.055523726764924994,-0.007638995019965206,3.430935985452714
US500Cash,US30Cash,24,1.5,6,3449,-0.03292531427000674,-9.736441292053279,-0.029071391404003336,-0.03616433695621559,-113.55940891725326
US500Cash,US30Cash,24,1.5,24,2500,-0.04459935125973182,-7.463918580211164,-0.03687368881893447,-0.05106483951841528,-111.49837814932955
US500Cash,US30Cash,24,1.5,72,2154,-0.05156697116918026,-7.091913031799122,-0.04038140092791002,-0.061062704189451755,-111.07525589841428
US500Cash,US30Cash,24,2.0,6,2559,-0.03620228281891714,-9.295584267048174,-0.031022250035369618,-0.04035068345767651,-92.64164173360896
US500Cash,US30Cash,24,2.0,24,2067,-0.04801719085319993,-7.202347346378723,-0.03891259439370913,-0.05549338812213863,-99.25153349356425
US500Cash,US30Cash,24,2.0,72,1830,-0.051306285894977356,-6.465636455114046,-0.043261596448249326,-0.05795399334197417,-93.89050318780856
US500Cash,US30Cash,24,2.5,6,1735,-0.03570060753812146,-7.6980722130775305,-0.03000266209275604,-0.040236549616264335,-61.94055407864074
US500Cash,US30Cash,24,2.5,24,1529,-0.044722851650757504,-5.5618076237121885,-0.037205916114140605,-0.050791488732919846,-68.38124017400823
US500Cash,US30Cash,24,2.5,72,1394,-0.05333221352498016,-5.627932521928691,-0.04335936528011222,-0.06155589728710949,-74.34510565382234
US500Cash,US30Cash,72,1.5,6,2160,-0.031918615768725934,-7.402036170994574,-0.022922301522140098,-0.040043040528858515,-68.94421006044801
US500Cash,US30Cash,72,1.5,24,1395,-0.04487172543347177,-4.618152128084528,-0.04052351639448528,-0.04867640834258495,-62.59605697969312
US500Cash,US30Cash,72,1.5,72,1008,-0.05425781184860788,-3.5047398345000222,-0.05055557169030945,-0.057557181595684355,-54.69187434339675
US500Cash,US30Cash,72,2.0,6,1445,-0.03540316495569247,-6.451401026343576,-0.03449598969266383,-0.03622994241101883,-51.15757336097562
US500Cash,US30Cash,72,2.0,24,979,-0.04557948258394933,-3.69465648858074,-0.04981035841434487,-0.042009930094274735,-44.622313449686395
US500Cash,US30Cash,72,2.0,72,772,-0.05232690871415361,-2.7552697035062828,-0.056963854830974193,-0.0483999256391429,-40.39637352732659
US500Cash,US30Cash,72,2.5,6,791,-0.03145343460611502,-4.364037958566307,-0.034533625737430775,-0.028760092123992956,-24.87966677343698
US500Cash,US30Cash,72,2.5,24,635,-0.044243337064859604,-2.704462923688229,-0.064943259580496,-0.026396483048445815,-28.094519036185847
US500Cash,US30Cash,72,2.5,72,556,-0.06184186445949502,-2.66405461153565,-0.059273816911911636,-0.06403326503343285,-34.38407663947923
US500Cash,US30Cash,168,1.5,6,1397,-0.03240525694018639,-5.989608183221939,-0.026793523816240342,-0.03720466747381354,-45.27014394544038
US500Cash,US30Cash,168,1.5,24,932,-0.05523939288699787,-4.387262094755191,-0.027326682192032974,-0.07774266352479903,-51.483114170682015
US500Cash,US30Cash,168,1.5,72,612,-0.09259496984568404,-3.957456079288349,-0.05341406978172557,-0.12499231109259896,-56.668121545558634
US500Cash,US30Cash,168,2.0,6,946,-0.024677791561024006,-3.5385871997293683,-0.021156707503996203,-0.027831949022930676,-23.34519081672871
US500Cash,US30Cash,168,2.0,24,635,-0.05649733160053486,-3.53937304962395,-0.04898831528202068,-0.06253441006115848,-35.875805566339636
US500Cash,US30Cash,168,2.0,72,446,-0.08053491703444861,-2.9188483350998853,-0.0426235049175745,-0.11107892922577636,-35.91857299736408
US500Cash,US30Cash,168,2.5,6,504,-0.0333843409142686,-3.310886861350698,-0.03408985786112507,-0.0326205167817215,-16.825707820791372
US500Cash,US30Cash,168,2.5,24,360,-0.03150057093125928,-1.3718601913157027,-0.03400964432249084,-0.02890644420473172,-11.34020553525334
US500Cash,US30Cash,168,2.5,72,283,-0.06584169153073872,-1.856490860459497,-0.057838622738223495,-0.07401625465452215,-18.63319870319906
US500Cash,US30Cash,336,1.5,6,966,-0.030847260201913643,-4.672968283575828,-0.02846386105280101,-0.03290001438236325,-29.79845335504858
US500Cash,US30Cash,336,1.5,24,663,-0.06785968514804834,-4.2180258563491195,-0.05238946751340519,-0.0801855496049185,-44.99097125315605
US500Cash,US30Cash,336,1.5,72,452,-0.10662386739303788,-3.833233916493066,-0.08370161842541872,-0.1248161284784499,-48.19398806165312
US500Cash,US30Cash,336,2.0,6,687,-0.038752230467819636,-4.659066281378769,-0.034666177657135235,-0.04217184150991646,-26.622782331392088
US500Cash,US30Cash,336,2.0,24,461,-0.06782651233650494,-3.5420455177515207,-0.057783691282492805,-0.07559038553595278,-31.268022187128775
US500Cash,US30Cash,336,2.0,72,309,-0.1082840034767131,-3.0382114621563465,-0.0663643727045658,-0.14255946628452762,-33.45975707430435
US500Cash,US30Cash,336,2.5,6,342,-0.022886629419153308,-1.8419643064214202,-0.03385946191103216,-0.013464305866344296,-7.827227261350432
US500Cash,US30Cash,336,2.5,24,247,-0.02851348514962886,-1.0558322688913302,-0.058637442157242384,-0.004719924904484846,-7.042830831958328
US500Cash,US30Cash,336,2.5,72,178,-0.05707098903747451,-1.2405168667089908,-0.029847338794748945,-0.07929437699071988,-10.158636048670463
US100Cash,US30Cash,24,1.5,6,3365,-0.040008371095318206,-5.345652862543077,-0.039442548872634334,-0.04044782436330552,-134.62816873574576
US100Cash,US30Cash,24,1.5,24,2421,-0.06358746925210808,-4.753096118235793,-0.06421136322436714,-0.0631023710754397,-153.94526305935366
US100Cash,US30Cash,24,1.5,72,2066,-0.07304653609069628,-4.358573553020719,-0.07639534558585008,-0.07046677624824273,-150.9141435633785
US100Cash,US30Cash,24,2.0,6,2511,-0.040551741693962445,-4.666642225288653,-0.034592886376955415,-0.04526527275427685,-101.82542339353971
US100Cash,US30Cash,24,2.0,24,2010,-0.053660771301638065,-3.553593620356346,-0.04751410813987426,-0.05864455224360872,-107.85815031629251
US100Cash,US30Cash,24,2.0,72,1763,-0.059876607816649614,-3.248969087817036,-0.04964143644985551,-0.06799810696832755,-105.56245958075327
US100Cash,US30Cash,24,2.5,6,1747,-0.04823166724256873,-4.7961829770187085,-0.04451259998267118,-0.05152145705175536,-84.26072267276757
US100Cash,US30Cash,24,2.5,24,1502,-0.06443675928406566,-3.6466737380100787,-0.04803935124707289,-0.07882548483652682,-96.78401244466662
US100Cash,US30Cash,24,2.5,72,1387,-0.06815020130098144,-3.290129320990141,-0.03756037104187569,-0.09420669222929849,-94.52432920446125
US100Cash,US30Cash,72,1.5,6,2051,-0.04373633068240818,-4.321524707550404,-0.056489564519722674,-0.033544930659782306,-89.70321422961918
US100Cash,US30Cash,72,1.5,24,1343,-0.07339566246110764,-3.3403492024793056,-0.11814987775493417,-0.037903000398980854,-98.57037468526755
US100Cash,US30Cash,72,1.5,72,952,-0.08660031442508825,-2.408200824030948,-0.13622678927360715,-0.04889887050135203,-82.44349933268401
US100Cash,US30Cash,72,2.0,6,1417,-0.041234829088674346,-3.6152509898844425,-0.02880772245377342,-0.05138363284051009,-58.42975281865155
US100Cash,US30Cash,72,2.0,24,968,-0.04832140234870295,-1.8102384393013746,-0.05511355392327458,-0.04300526161354097,-46.775117473544455
US100Cash,US30Cash,72,2.0,72,749,-0.08258419708986786,-1.9779115806713903,-0.07633694678920411,-0.08753118237580014,-61.855563620311024
US100Cash,US30Cash,72,2.5,6,757,-0.05651371135827523,-3.7520215771843906,-0.054114787249710763,-0.05862095486803161,-42.78087949821435
US100Cash,US30Cash,72,2.5,24,623,-0.0385039937406362,-1.1324277529241464,-0.043430343741414315,-0.03426880329220605,-23.987988100416352
US100Cash,US30Cash,72,2.5,72,556,-0.0910030436495397,-1.817380442297816,-0.0638572069975876,-0.11416749092587215,-50.597692269144076
US100Cash,US30Cash,168,1.5,6,1366,-0.03370495225036189,-2.782918847679389,-0.03568392449342213,-0.03216403375902071,-46.04096477399434
US100Cash,US30Cash,168,1.5,24,899,-0.0888604188567411,-3.0502832527464703,-0.07953582535872798,-0.09623464917289888,-79.88551655221025
US100Cash,US30Cash,168,1.5,72,600,-0.12830180330442204,-2.474228950603834,-0.051670183280852565,-0.18974517431431112,-76.98108198265322
US100Cash,US30Cash,168,2.0,6,898,-0.03629522147109209,-2.247100905534681,-0.0454904597489971,-0.02867309931405066,-32.5931088810407
US100Cash,US30Cash,168,2.0,24,631,-0.031194696301250834,-0.857691290926788,-0.035485637140105934,-0.02779363807954466,-19.683853366089277
US100Cash,US30Cash,168,2.0,72,435,-0.08950570830346526,-1.3854291526196587,-0.022231601993606267,-0.14416591968022566,-38.93498311200739
US100Cash,US30Cash,168,2.5,6,463,-0.036020139079813975,-1.6310814825874382,-0.009472439531364635,-0.0578645060310971,-16.67732439395387
US100Cash,US30Cash,168,2.5,24,332,-0.11314689145941778,-2.25595746878111,-0.06839247817794239,-0.1504834461859525,-37.5647679645267
US100Cash,US30Cash,168,2.5,72,265,-0.15160018406341505,-1.7944045758790312,0.004161011342238706,-0.2824828552028881,-40.17404877680499
US100Cash,US30Cash,336,1.5,6,940,-0.04594641182872273,-3.1243368529949525,-0.04473499341783355,-0.046883546825825705,-43.18962711899937
US100Cash,US30Cash,336,1.5,24,656,-0.05621960443866979,-1.6530940889276395,-0.04690113502834754,-0.06324583003682721,-36.88006051176738
US100Cash,US30Cash,336,1.5,72,438,-0.10672015342970985,-1.7057542800170522,-0.050917566418136204,-0.14714407472943256,-46.743427202212914
US100Cash,US30Cash,336,2.0,6,688,-0.05138105037690326,-2.818423882726412,-0.031899793227750814,-0.06726418615286134,-35.35016265930945
US100Cash,US30Cash,336,2.0,24,469,-0.08784247819366725,-2.0616993730936812,-0.0033471455189405556,-0.15814523545818593,-41.19812227282994
US100Cash,US30Cash,336,2.0,72,323,-0.0604205839078473,-0.7455522937675941,0.044374351920713,-0.14686160442180093,-19.515848602234676
US100Cash,US30Cash,336,2.5,6,337,0.006941355028654007,0.21431020068248474,0.019446240585076078,-0.0038363363901406937,2.3392366446564004
US100Cash,US30Cash,336,2.5,24,237,0.014029436263113253,0.2077568418198533,0.004018212357774684,0.02226944363135345,3.324976394357841
US100Cash,US30Cash,336,2.5,72,175,-0.025937002934087995,-0.2216182032800683,0.13506700202853217,-0.16151932290261023,-4.538975513465399
US500Cash,US2000Cash,24,1.5,6,2921,-0.023618338029052895,-2.759993765777227,-0.020123208639602087,-0.025638753181247576,-68.9891653828635
US500Cash,US2000Cash,24,1.5,24,2154,-0.03453060862956788,-2.6084361884960034,-0.024300399935410593,-0.040527107981960526,-74.37893098808922
US500Cash,US2000Cash,24,1.5,72,1884,-0.04501392249402886,-2.8875681399328488,-0.03765574232712593,-0.04933460621461128,-84.80622997875037
US500Cash,US2000Cash,24,2.0,6,2200,-0.03149009335593707,-3.4660257044139473,-0.042687114816565536,-0.02521658487799629,-69.27820538306155
US500Cash,US2000Cash,24,2.0,24,1784,-0.04616719353181052,-3.1541426174721647,-0.04337844241360637,-0.047704644148281336,-82.36227326074997
US500Cash,US2000Cash,24,2.0,72,1598,-0.059382335671612746,-3.4738620463873793,-0.06929311540227932,-0.05393188745891831,-94.89297240323717
US500Cash,US2000Cash,24,2.5,6,1573,-0.0304065674148376,-2.839013983415223,-0.03415156735123073,-0.0284211345691817,-47.82953054353955
US500Cash,US2000Cash,24,2.5,24,1369,-0.04555817063728791,-2.6286500299226487,-0.06927032665151675,-0.03316138161983788,-62.36913560244715
US500Cash,US2000Cash,24,2.5,72,1264,-0.05877996998250228,-2.959588765322072,-0.09536105696975061,-0.03958482783599685,-74.29788205788289
US500Cash,US2000Cash,72,1.5,6,1911,-0.058193449938333856,-4.85890380912819,-0.09032618292381846,-0.03850706669153063,-111.207682832156
US500Cash,US2000Cash,72,1.5,24,1234,-0.06154279138341453,-2.795444548052867,-0.0835194163424946,-0.04834541478671664,-75.94380456713353
US500Cash,US2000Cash,72,1.5,72,892,-0.05918148602709495,-1.7956699181780462,-0.042602483619115124,-0.06939319040882164,-52.7898855361687
US500Cash,US2000Cash,72,2.0,6,1285,-0.016664799814284214,-1.1270573160215016,-0.023423935467493488,-0.01266124734559273,-21.414267761355216
US500Cash,US2000Cash,72,2.0,24,871,-0.038681896727742325,-1.464126898046838,-0.03880992142885529,-0.038608276736867245,-33.69193204986357
US500Cash,US2000Cash,72,2.0,72,688,-0.06335090110897111,-1.6295547652293627,-0.08196164510926146,-0.05169168796458119,-43.585419962972125
US500Cash,US2000Cash,72,2.5,6,708,-0.033263985312525134,-1.879356254860169,-0.04364632600317269,-0.026670119977818242,-23.550901601267793
US500Cash,US2000Cash,72,2.5,24,573,-0.05255435432750852,-1.6722015591873673,-0.03928866304481666,-0.0608830980021531,-30.11364502966238
US500Cash,US2000Cash,72,2.5,72,508,-0.07375745830905056,-1.5853460620545354,-0.09978415854844862,-0.05740735174840303,-37.46878882099769
US500Cash,US2000Cash,168,1.5,6,1283,-0.025475987334279183,-1.658754223028988,0.0012978902028803817,-0.042572971713052854,-32.68569174988019
US500Cash,US2000Cash,168,1.5,24,866,-0.034622327854890424,-1.2358936170218282,-0.05571280739565569,-0.02232276117572384,-29.982935922335106
US500Cash,US2000Cash,168,1.5,72,591,-0.024549686392355392,-0.507533223750028,-0.057019550017939805,-0.005155524605181974,-14.508864657882036
US500Cash,US2000Cash,168,2.0,6,859,-0.031526403108709015,-1.6139368390196898,-0.05687140817112962,-0.015559530849271365,-27.081180270381047
US500Cash,US2000Cash,168,2.0,24,580,-0.021106747249581573,-0.6018880924735001,-0.008328007253222514,-0.028689735818849572,-12.241913404757312
US500Cash,US2000Cash,168,2.0,72,409,-0.03760359902631356,-0.626503451843711,-0.08787595083558161,-0.006605627159729316,-15.379872001762244
US500Cash,US2000Cash,168,2.5,6,461,0.005286091559335137,0.17892123054537773,0.0011987021951496983,0.008177541072518193,2.436888208853498
US500Cash,US2000Cash,168,2.5,24,324,-0.08967025823187905,-1.746218815478651,-0.13280268896525915,-0.058861379136607495,-29.05316366712881
US500Cash,US2000Cash,168,2.5,72,257,-0.06830545622095162,-0.8836360765623064,-0.07337361125490616,-0.06451295925676795,-17.554502248784566
US500Cash,US2000Cash,336,1.5,6,888,-0.06628149032147186,-4.163389432661332,-0.09090758058379651,-0.05033621109781453,-58.85796340546702
US500Cash,US2000Cash,336,1.5,24,576,-0.13784011972782087,-4.091911244477913,-0.20379027961777132,-0.0988530086326568,-79.39590896322483
US500Cash,US2000Cash,336,1.5,72,394,-0.10817232216451611,-1.7348374061777372,-0.1798495658757132,-0.06597523514098877,-42.61989493281935
US500Cash,US2000Cash,336,2.0,6,619,-0.02814170198547378,-1.0637900546153687,-0.03622404381619449,-0.023362939463453834,-17.41971352900827
US500Cash,US2000Cash,336,2.0,24,426,-0.04398388644414576,-0.930002666748891,-0.14762884193151082,0.015899865615220714,-18.737135625206093
US500Cash,US2000Cash,336,2.0,72,284,0.00569378353562571,0.06569070235415332,0.029275006787221947,-0.008138777589612275,1.6170345241177015
US500Cash,US2000Cash,336,2.5,6,328,-0.054917150976378636,-1.2253427626741409,-0.15066681466757603,0.011219214665994789,-18.012825520252193
US500Cash,US2000Cash,336,2.5,24,223,-0.039783108089415965,-0.597171331056188,-0.09706330742617665,-0.0024449040773053,-8.871633103939761
US500Cash,US2000Cash,336,2.5,72,169,0.03480867660361488,0.27174524613266426,-0.10381310576569906,0.11930195347633954,5.8826663460109145
GER40Cash,EU50Cash,24,1.5,6,2839,-0.04074393902861758,-11.553229070827006,-0.04344344029112388,-0.03895376010116758,-115.67204290224531
GER40Cash,EU50Cash,24,1.5,24,1906,-0.0432288624671139,-6.557072901212887,-0.04769801702799348,-0.04035473375813445,-82.3942118623191
GER40Cash,EU50Cash,24,1.5,72,1679,-0.05136419388048342,-6.567397826343023,-0.058833760439751394,-0.04655031063268879,-86.24048152533166
GER40Cash,EU50Cash,24,2.0,6,1796,-0.045751233158289016,-9.971677712168376,-0.04394655603121734,-0.04687976880969763,-82.16921475228708
GER40Cash,EU50Cash,24,2.0,24,1432,-0.038194929464966505,-4.891821301789831,-0.03081991546414466,-0.042862127606877715,-54.69513899383203
GER40Cash,EU50Cash,24,2.0,72,1304,-0.048406281798559075,-5.25514600022314,-0.04283071990769286,-0.051976044065792926,-63.12179146532104
GER40Cash,EU50Cash,24,2.5,6,872,-0.0425779264143703,-6.714594880841642,-0.032351637982419815,-0.04756891360129492,-37.1279518333309
GER40Cash,EU50Cash,24,2.5,24,813,-0.035783078649136636,-3.3711593742561083,-0.020669562700631337,-0.04355091924836841,-29.091642941748084
GER40Cash,EU50Cash,24,2.5,72,776,-0.041612474618292095,-3.4744698940410506,-0.025269254821682446,-0.05023448821177907,-32.291280303794665
GER40Cash,EU50Cash,72,1.5,6,1804,-0.04268142451541588,-9.53109974719811,-0.04322870043342043,-0.04232624544614417,-76.99728982581024
GER40Cash,EU50Cash,72,1.5,24,1145,-0.03695744242830909,-3.636195473899878,-0.03155642294108579,-0.04050601384249053,-42.31627158041391
GER40Cash,EU50Cash,72,1.5,72,866,-0.04339270883510086,-2.863863354602424,-0.0471405070973672,-0.040981886044003525,-37.57808585119734
GER40Cash,EU50Cash,72,2.0,6,1168,-0.042235175049724516,-7.055563158583468,-0.04368621501911388,-0.041312524985154815,-49.33068445807824
GER40Cash,EU50Cash,72,2.0,24,771,-0.050036808974763335,-3.8467618742175747,-0.06871084697675749,-0.03814251725374795,-38.57837971954253
GER40Cash,EU50Cash,72,2.0,72,623,-0.061797869532940995,-3.21350186244232,-0.07385370929213958,-0.05398389931864562,-38.50007271902224
GER40Cash,EU50Cash,72,2.5,6,567,-0.04577511809826414,-5.339712016841017,-0.045506784832615436,-0.045949066697798045,-25.95449196171577
GER40Cash,EU50Cash,72,2.5,24,431,-0.060249510655303054,-3.316667877558945,-0.06855654800349135,-0.05514706074855068,-25.967539092435615
GER40Cash,EU50Cash,72,2.5,72,395,-0.09169408827390642,-3.559941271796082,-0.09480269010633499,-0.08987137394645835,-36.21916486819303
GER40Cash,EU50Cash,168,1.5,6,1162,-0.04631232944204734,-7.772069485277059,-0.05205506697761059,-0.042616508255793766,-53.814926811659014
GER40Cash,EU50Cash,168,1.5,24,755,-0.045432081038797485,-3.3156976086637533,-0.06600921981700537,-0.03178952867703412,-34.3012211842921
GER40Cash,EU50Cash,168,1.5,72,525,-0.06356295676529598,-2.591966528820615,-0.10225757608429199,-0.04013318726939016,-33.37055230178039
GER40Cash,EU50Cash,168,2.0,6,809,-0.04040541268798287,-5.651817522719192,-0.0341377415386471,-0.04442282462143137,-32.68797886457814
GER40Cash,EU50Cash,168,2.0,24,518,-0.05376185496212231,-3.10512888495066,-0.07587279742513592,-0.039968508409960204,-27.848640870379356
GER40Cash,EU50Cash,168,2.0,72,368,-0.05375556199511353,-1.6777138013934945,-0.08376831186633538,-0.035326680495240466,-19.782046814201777
GER40Cash,EU50Cash,168,2.5,6,405,-0.0515127640837348,-5.2845673874707675,-0.047584181810804635,-0.05432602850799411,-20.862669453912595
GER40Cash,EU50Cash,168,2.5,24,273,-0.05145447617705041,-2.2705010470056064,-0.08643674481787424,-0.028556991248511188,-14.047071996334761
GER40Cash,EU50Cash,168,2.5,72,211,-0.10282697790838385,-2.2905488447829834,-0.15573776286489405,-0.06851764078814676,-21.696492338668993
GER40Cash,EU50Cash,336,1.5,6,834,-0.05149949219477975,-7.31717374387876,-0.05799444258467911,-0.04761745288127669,-42.95057649044631
GER40Cash,EU50Cash,336,1.5,24,527,-0.06094879772136001,-3.6485631489127566,-0.09103654224025794,-0.04342020181545552,-32.120016399156725
GER40Cash,EU50Cash,336,1.5,72,344,-0.10281203101111648,-3.054370466654614,-0.17261418625228803,-0.06297061820222863,-35.36733866782407
GER40Cash,EU50Cash,336,2.0,6,538,-0.06725023224364662,-7.4183237372273485,-0.06079701465746595,-0.07164648672423218,-36.18062494708188
GER40Cash,EU50Cash,336,2.0,24,338,-0.09625299851043229,-4.703501463511649,-0.11101036654192074,-0.08619449393175611,-32.53351349652611
GER40Cash,EU50Cash,336,2.0,72,226,-0.1499684902997749,-3.481313645032225,-0.16675392881398654,-0.13906408133798784,-33.89287880774913
GER40Cash,EU50Cash,336,2.5,6,326,-0.057014097743010105,-4.607393274901005,-0.062493008808959284,-0.05289018618799461,-18.586595864221295
GER40Cash,EU50Cash,336,2.5,24,212,-0.07256414302308105,-2.45458070537233,-0.10177195764271954,-0.05183601651882148,-15.383598320893183
GER40Cash,EU50Cash,336,2.5,72,144,-0.12396221405846969,-2.2601129120377683,-0.13879241227638858,-0.11424587729500559,-17.850558824419636
GER40Cash,FRA40Cash,24,1.5,6,2355,-0.04717955065859077,-7.806662126853774,-0.04405117894955746,-0.049687992549231105,-111.10784180098128
GER40Cash,FRA40Cash,24,1.5,24,1559,-0.046309385539586856,-3.8200214778987003,-0.04440160836530257,-0.04792557117893906,-72.19633205621591
GER40Cash,FRA40Cash,24,1.5,72,1348,-0.04099446586969673,-2.8107974611722653,-0.04314875534809319,-0.039137730186658906,-55.2605399923512
GER40Cash,FRA40Cash,24,2.0,6,1499,-0.04541376140337202,-5.787821420154642,-0.03716506242695156,-0.05209839547725863,-68.07522834365466
GER40Cash,FRA40Cash,24,2.0,24,1159,-0.03741508226211102,-2.5649233151016992,-0.03669616121140777,-0.03799200801975158,-43.364080341786675
GER40Cash,FRA40Cash,24,2.0,72,1035,-0.03406986107467357,-1.9783146744969753,-0.051634010131028724,-0.019797067445691454,-35.26230621228715
GER40Cash,FRA40Cash,24,2.5,6,723,-0.04728013766702072,-3.830559541022125,-0.03117509322506359,-0.05978429993645182,-34.18353953325598
GER40Cash,FRA40Cash,24,2.5,24,661,-0.04101045040012203,-2.0591607283205557,-0.02432244403073063,-0.054379044058435556,-27.10790771448066
GER40Cash,FRA40Cash,24,2.5,72,620,-0.03469898358397045,-1.4566405407707725,-0.04451254611424028,-0.026564437651799885,-21.51336982206168
GER40Cash,FRA40Cash,72,1.5,6,1446,-0.0429936744223098,-5.395888539960474,-0.036324120219580126,-0.048394427324895656,-62.16885321465997
GER40Cash,FRA40Cash,72,1.5,24,934,-0.03543564824583774,-2.032963447682913,-0.01035489112354829,-0.05592965212008203,-33.09689546161245
GER40Cash,FRA40Cash,72,1.5,72,684,-0.023842867325639786,-0.8722678982135315,0.007086339607817059,-0.05009089699349234,-16.308521250737613
GER40Cash,FRA40Cash,72,2.0,6,966,-0.04672769903033523,-4.691860899317053,-0.04116605163424643,-0.05115220662424977,-45.13895726330384
GER40Cash,FRA40Cash,72,2.0,24,628,-0.05060421404948261,-2.2931461110314375,-0.031959687574464386,-0.06599678823234649,-31.77944642307508
GER40Cash,FRA40Cash,72,2.0,72,502,-0.024630345086743013,-0.7317271732871425,0.005119844522947963,-0.05102525015398766,-12.364433233544993
GER40Cash,FRA40Cash,72,2.5,6,480,-0.030780252108815465,-2.1518206654472816,-0.02729289378801205,-0.03380624785021299,-14.774521012231423
GER40Cash,FRA40Cash,72,2.5,24,366,-0.03196236630722491,-1.1173502393778898,-0.019524479709697482,-0.04298977091946574,-11.698226068444319
GER40Cash,FRA40Cash,72,2.5,72,330,-0.045829890663172994,-1.0997343151873102,-0.01613743398276213,-0.07277622418238978,-15.123863918847087
GER40Cash,FRA40Cash,168,1.5,6,976,-0.04927163418956081,-5.139431641297469,-0.047516965204677054,-0.050653516357143276,-48.089114969011355
GER40Cash,FRA40Cash,168,1.5,24,646,-0.05861564973597047,-2.557932796853994,-0.060999725300822635,-0.05679176679018193,-37.86570972943692
GER40Cash,FRA40Cash,168,1.5,72,440,-0.05424712419726694,-1.3790925555896998,-0.04328559384793232,-0.06305228792050294,-23.868734646797453
GER40Cash,FRA40Cash,168,2.0,6,670,-0.04147951597571586,-3.4767165064446397,-0.02120823542886805,-0.05666974447948955,-27.791275703729625
GER40Cash,FRA40Cash,168,2.0,24,440,-0.03753937736909395,-1.421722597868624,-0.024481457591201645,-0.047190883291883916,-16.517326042401336
GER40Cash,FRA40Cash,168,2.0,72,302,-0.05728934140615724,-1.1433917739598114,-0.02054388673552045,-0.08699375087044449,-17.301381104659487
GER40Cash,FRA40Cash,168,2.5,6,365,-0.02904007707460545,-1.8416258455349097,-0.012395741803372037,-0.04437038587705729,-10.59962813223099
GER40Cash,FRA40Cash,168,2.5,24,246,-0.06868546472729592,-1.9102971992653308,-0.04009876714671789,-0.09337397627415879,-16.896624322914796
GER40Cash,FRA40Cash,168,2.5,72,199,-0.06904164582979902,-1.1406857017929946,-0.025660602125079108,-0.1048608562281916,-13.739287520130006
GER40Cash,FRA40Cash,336,1.5,6,665,-0.041542294299825616,-3.2061907168522805,-0.03269301102654144,-0.047859952719154775,-27.625625709384035
GER40Cash,FRA40Cash,336,1.5,24,440,-0.04946296157575841,-1.7665972074667486,0.004228061624131163,-0.08989166031989837,-21.763703093333703
GER40Cash,FRA40Cash,336,1.5,72,302,-0.06957116665612205,-1.3779088167362201,-0.04896182345695168,-0.08579035390754011,-21.010492330148857
GER40Cash,FRA40Cash,336,2.0,6,484,-0.046489896319293164,-3.1803898156108223,-0.04626162455349223,-0.04668012279079393,-22.50110981853789
GER40Cash,FRA40Cash,336,2.0,24,320,-0.032569251262803786,-0.9449399886747678,-0.044776856889295405,-0.023074446886643635,-10.422160404097212
GER40Cash,FRA40Cash,336,2.0,72,210,-0.023857721058767965,-0.3587571594610828,-0.024822033525069682,-0.023091216277861468,-5.010121422341273
GER40Cash,FRA40Cash,336,2.5,6,254,-0.012088275257012348,-0.5757176800210762,-0.007497991040635085,-0.016825448568313684,-3.0704219152811363
GER40Cash,FRA40Cash,336,2.5,24,169,-0.03381880148795687,-0.7189862271750818,-0.047728896148203255,-0.020072355000183978,-5.715377451464711
GER40Cash,FRA40Cash,336,2.5,72,120,-0.060461348430612426,-0.6565660040553584,-0.12449954676318234,-0.0025220261297158385,-7.255361811673491
EU50Cash,FRA40Cash,24,1.5,6,2509,-0.07210387402871489,-20.256706493053883,-0.07046024062412935,-0.07350593945138574,-180.90861993804566
EU50Cash,FRA40Cash,24,1.5,24,1685,-0.06808643524294228,-10.684480433119518,-0.062737474794175,-0.07274080260346785,-114.72564338435774
EU50Cash,FRA40Cash,24,1.5,72,1501,-0.0666788577931292,-9.042876267941713,-0.06238217297680867,-0.07054587412781765,-100.08496554748692
EU50Cash,FRA40Cash,24,2.0,6,1539,-0.07650430165962506,-16.4565929712648,-0.0775796212822404,-0.07565305911785737,-117.74012025416296
EU50Cash,FRA40Cash,24,2.0,24,1218,-0.06846523882360712,-8.936325272942796,-0.06455365848110502,-0.071761381411767,-83.39066088715347
EU50Cash,FRA40Cash,24,2.0,72,1117,-0.07004842127694261,-7.979962807507792,-0.06413667132124026,-0.07503341175114048,-78.24408656634489
EU50Cash,FRA40Cash,24,2.5,6,689,-0.07001421606538895,-9.478288489926124,-0.07237874079179257,-0.06805736801595148,-48.239794869052986
EU50Cash,FRA40Cash,24,2.5,24,649,-0.07531293154355066,-6.585067455705378,-0.06885322986656174,-0.08062948376646571,-48.878092571764384
EU50Cash,FRA40Cash,24,2.5,72,622,-0.07050902817362499,-5.591209589713391,-0.06428408735224009,-0.075605470951367,-43.85661552399474
EU50Cash,FRA40Cash,72,1.5,6,1570,-0.07328292515640357,-16.834783887650367,-0.07169864070076323,-0.07470993197843312,-115.0541924955536
EU50Cash,FRA40Cash,72,1.5,24,991,-0.07099139828192882,-7.4193619115468605,-0.06991819674027425,-0.07191733720602557,-70.35247569739147
EU50Cash,FRA40Cash,72,1.5,72,737,-0.05583049011762632,-4.178967904986957,-0.06627712650601937,-0.04678555430792906,-41.1470712166906
EU50Cash,FRA40Cash,72,2.0,6,1036,-0.06695946414199222,-11.430039141728654,-0.06672096298907515,-0.0671726763243989,-69.37000485110394
EU50Cash,FRA40Cash,72,2.0,24,674,-0.06149612631800557,-4.854090753272232,-0.06917991245586114,-0.05502998934953697,-41.448389138335756
EU50Cash,FRA40Cash,72,2.0,72,535,-0.04800086211366992,-2.836565160689754,-0.05794695590758119,-0.03940632810360023,-25.680461230813407
EU50Cash,FRA40Cash,72,2.5,6,507,-0.06141542362776094,-7.161490194506329,-0.05970804051261162,-0.06284442906109244,-31.137619779274797
EU50Cash,FRA40Cash,72,2.5,24,377,-0.06462074303993762,-3.6181206101775505,-0.07863210857340071,-0.05335801859198642,-24.362020126056482
EU50Cash,FRA40Cash,72,2.5,72,346,-0.022759809515586645,-1.017831151692641,-0.05744302184923153,0.005059017043691036,-7.87489409239298
EU50Cash,FRA40Cash,168,1.5,6,1078,-0.07307809231462556,-13.129192266683358,-0.07936908240792226,-0.06781595238990891,-78.77818351516635
EU50Cash,FRA40Cash,168,1.5,24,682,-0.06840399016835871,-5.513321921435606,-0.066701315107433,-0.06982288605246346,-46.65152129482064
EU50Cash,FRA40Cash,168,1.5,72,448,-0.0561889339806385,-2.5047504192359704,-0.052736130361171814,-0.0589235544472561,-25.172642423326046
EU50Cash,FRA40Cash,168,2.0,6,673,-0.07767802222146762,-11.555366160228044,-0.08150680275357425,-0.07434911025883048,-52.27730895504771
EU50Cash,FRA40Cash,168,2.0,24,438,-0.05972404936504647,-3.431495516081152,-0.06703504245103707,-0.053747843398489835,-26.15913362189035
EU50Cash,FRA40Cash,168,2.0,72,301,-0.051913483503334266,-1.751382184340529,-0.043613521817834074,-0.05848428650435527,-15.625958534503614
EU50Cash,FRA40Cash,168,2.5,6,360,-0.06374759031981866,-5.3311887034076575,-0.05551091005685755,-0.07063950645821468,-22.949132515134718
EU50Cash,FRA40Cash,168,2.5,24,234,-0.07053723942965429,-2.650187859197327,-0.07102586543984671,-0.07013259601496369,-16.505714026539103
EU50Cash,FRA40Cash,168,2.5,72,182,-0.041409954792351565,-1.04766573058062,-0.04746127021038869,-0.03644787614956114,-7.536611772207985
EU50Cash,FRA40Cash,336,1.5,6,747,-0.06476732989253399,-9.26525491770162,-0.0711255626368448,-0.05900923646337496,-48.381195429722894
EU50Cash,FRA40Cash,336,1.5,24,470,-0.07398844747681992,-4.649342683175122,-0.06880700607024334,-0.0782460659969526,-34.77457031410536
EU50Cash,FRA40Cash,336,1.5,72,305,-0.09280306550396236,-2.8910325459402104,-0.09172890301373182,-0.09367901943944797,-28.30493497870852
EU50Cash,FRA40Cash,336,2.0,6,495,-0.07187448114640617,-8.119982712512268,-0.06957557576889455,-0.07407343411619986,-35.57786816747105
EU50Cash,FRA40Cash,336,2.0,24,320,-0.05345895963296843,-2.4683139741388507,-0.05871689448981928,-0.04870178047677004,-17.106867082549897
EU50Cash,FRA40Cash,336,2.0,72,200,-0.059436559244079125,-1.45806881275487,-0.0786379994931268,-0.04274745697154234,-11.887311848815825
EU50Cash,FRA40Cash,336,2.5,6,238,-0.07376836728188436,-5.051634834518444,-0.0773510936441137,-0.07030407815477008,-17.55687141308848
EU50Cash,FRA40Cash,336,2.5,24,166,-0.03539382725075254,-1.0746342114058642,-0.045254467207653255,-0.026653714561681443,-5.8753753236249215
EU50Cash,FRA40Cash,336,2.5,72,114,0.0024606329037514234,0.04152928249620074,0.04208557686021768,-0.03447787417431035,0.28051215102766225
UK100Cash,EU50Cash,24,1.5,6,2696,-0.06928833663244646,-9.357280674592165,-0.06653004756171954,-0.07114602976822468,-186.80135556107567
UK100Cash,EU50Cash,24,1.5,24,1816,-0.08125042908380195,-5.899171005897606,-0.09085383815251927,-0.07501388277668762,-147.55077921618434
UK100Cash,EU50Cash,24,1.5,72,1590,-0.08841653357624066,-5.342538904823742,-0.0971706697331428,-0.08268671917177506,-140.58228838622264
UK100Cash,EU50Cash,24,2.0,6,1757,-0.051944659136533844,-5.676085009658054,-0.03803535644812589,-0.060252306287701146,-91.26676610288996
UK100Cash,EU50Cash,24,2.0,24,1395,-0.0617180390656845,-3.810364754423523,-0.07590367051121756,-0.05310533425946802,-86.09666449662988
UK100Cash,EU50Cash,24,2.0,72,1260,-0.051735676661338686,-2.66488525028069,-0.07163937270883718,-0.03956947882156341,-65.18695259328675
UK100Cash,EU50Cash,24,2.5,6,862,-0.06433503636709233,-4.74992423998856,-0.04607857023771791,-0.07443365817198955,-55.456801348433586
UK100Cash,EU50Cash,24,2.5,24,807,-0.044356581962289206,-2.0635662788221394,-0.06707926508893725,-0.031403768429005406,-35.79576164356739
UK100Cash,EU50Cash,24,2.5,72,765,-0.04425152058308388,-1.7295191580245015,-0.06874478693937873,-0.0303485804587116,-33.85241324605917
UK100Cash,EU50Cash,72,1.5,6,1683,-0.0651288940735319,-6.744955733778033,-0.08031460739026461,-0.05530721452132021,-109.61192872575417
UK100Cash,EU50Cash,72,1.5,24,1108,-0.04653607890945461,-2.150304736386041,-0.07051259614575398,-0.03086187808930665,-51.561975431675705
UK100Cash,EU50Cash,72,1.5,72,814,-0.04123082571954606,-1.2579054099185756,-0.0905220677357526,-0.009953652070708184,-33.561892135710494
UK100Cash,EU50Cash,72,2.0,6,1111,-0.06687906872636677,-5.558507588469811,-0.0788832169492001,-0.058888301393626157,-74.30264535499349
UK100Cash,EU50Cash,72,2.0,24,742,-0.06651110644465828,-2.407195213413406,-0.08391660051664342,-0.05502425912645783,-49.35124098193644
UK100Cash,EU50Cash,72,2.0,72,595,-0.08180274678421023,-2.019650978927501,-0.14790826305463797,-0.039553491206416186,-48.672634336605086
UK100Cash,EU50Cash,72,2.5,6,565,-0.07386651695928492,-4.0578033780990275,-0.0539637654137655,-0.08713501798963122,-41.73458208199598
UK100Cash,EU50Cash,72,2.5,24,443,-0.045456085868666285,-1.1780483452761352,-0.08566777496625369,-0.02089039943814017,-20.137046039819165
UK100Cash,EU50Cash,72,2.5,72,404,-0.0403964608312527,-0.7697071692740385,-0.09753150685553309,-0.0062960973938363364,-16.320170175826092
UK100Cash,EU50Cash,168,1.5,6,1052,-0.08020941650171616,-5.819707553006003,-0.09118472916661939,-0.07369074594922818,-84.3803061598054
UK100Cash,EU50Cash,168,1.5,24,704,-0.06100275152621812,-2.028437604413017,-0.09356900344829991,-0.04146300037296903,-42.945937074457554
UK100Cash,EU50Cash,168,1.5,72,476,-0.07311840189519252,-1.3964742177388707,-0.073323714284709,-0.07299354976643246,-34.804359302111635
UK100Cash,EU50Cash,168,2.0,6,748,-0.06572114695243723,-4.327232921360688,-0.06963568380805471,-0.06317194524734418,-49.15941792042305
UK100Cash,EU50Cash,168,2.0,24,496,-0.07836118192322618,-2.2455439735548883,-0.15614265225226495,-0.030476172502417274,-38.86714623392018
UK100Cash,EU50Cash,168,2.0,72,331,-0.11693761028165102,-1.7940776620551646,-0.22360666102475982,-0.05221124453947333,-38.706349003226485
UK100Cash,EU50Cash,168,2.5,6,385,-0.09304757567115783,-4.608136152360848,-0.10959661764967765,-0.08271315283225092,-35.82331663339576
UK100Cash,EU50Cash,168,2.5,24,259,-0.10056145505923178,-1.8638375542331673,-0.27388290696361595,0.0015174368599147135,-26.04541686034103
UK100Cash,EU50Cash,168,2.5,72,208,-0.1322487923927783,-1.504967711284676,-0.29534551507368884,-0.03439075878423199,-27.50774881769789
UK100Cash,EU50Cash,336,1.5,6,757,-0.055429566794616754,-4.0887498795064685,-0.05599581255591601,-0.055136798445087266,-41.96018206352488
UK100Cash,EU50Cash,336,1.5,24,500,-0.03081928087947227,-0.8898962930828299,-0.06123734906697957,-0.015564574010662306,-15.409640439736135
UK100Cash,EU50Cash,336,1.5,72,327,-0.09991584897726609,-1.4634105941818631,-0.13178658990959985,-0.08376017385027663,-32.67248261556601
UK100Cash,EU50Cash,336,2.0,6,538,-0.07255452100869117,-3.5766060276151834,-0.12683849081916146,-0.043396274367638564,-39.03433230267585
UK100Cash,EU50Cash,336,2.0,24,348,-0.030617722568153705,-0.6618000963655131,-0.15161685116545137,0.035528467731702325,-10.65496745371749
UK100Cash,EU50Cash,336,2.0,72,228,-0.06261953835918635,-0.7123357076200653,-0.12969532968800312,-0.02705586376202841,-14.277254745894489
UK100Cash,EU50Cash,336,2.5,6,254,-0.0315627787146256,-1.0948037406818953,-0.045739863928727316,-0.023092193209344684,-8.016945793514903
UK100Cash,EU50Cash,336,2.5,24,183,-0.04824585679869829,-0.716899982166258,-0.24238119726938684,0.06126638654374141,-8.828991794161787
UK100Cash,EU50Cash,336,2.5,72,127,0.0005393319729954684,0.004182865939512361,-0.02151462793679582,0.013496033419997852,0.06849516057042448
JP225Cash,HK50Cash,24,1.5,6,2430,-0.08364940783849101,-5.128572320266821,-0.07481673468483277,-0.0902137187331753,-203.26806104753314
JP225Cash,HK50Cash,24,1.5,24,1611,-0.12590368057230295,-3.708596235565848,-0.12588852360247724,-0.1259148076481061,-202.83082940198003
JP225Cash,HK50Cash,24,1.5,72,1386,-0.1443343617680321,-3.5225287231787656,-0.1733702251794263,-0.12337804295806937,-200.0474254104925
JP225Cash,HK50Cash,24,2.0,6,1523,-0.07214577616272014,-3.4641262858606163,-0.0730048786241505,-0.07151125642237145,-109.87801709582277
JP225Cash,HK50Cash,24,2.0,24,1202,-0.15674936923553273,-3.8546706200286573,-0.17422841590040777,-0.14360186474708453,-188.41274182111036
JP225Cash,HK50Cash,24,2.0,72,1085,-0.18831945911378228,-4.025971982853384,-0.2024853535110833,-0.17785395059269937,-204.32661313845378
JP225Cash,HK50Cash,24,2.5,6,786,-0.04374020346125636,-1.5711935273646094,-0.08694161079804591,-0.008701274008376347,-34.3797999205475
JP225Cash,HK50Cash,24,2.5,24,739,-0.20061851473370054,-3.9395773807395513,-0.25270568732496085,-0.15859218966006755,-148.2570823882047
JP225Cash,HK50Cash,24,2.5,72,689,-0.2474695732634045,-4.291385772603681,-0.2743119933213097,-0.22652277518204167,-170.5065359784857
JP225Cash,HK50Cash,72,1.5,6,1495,-0.07682774236922162,-3.5344709695886207,-0.07486060841841827,-0.07823316031801805,-114.85747484198632
JP225Cash,HK50Cash,72,1.5,24,966,-0.11351793897094167,-2.2360531888114417,-0.19111847706834117,-0.058442158834557265,-109.65832904592966
JP225Cash,HK50Cash,72,1.5,72,687,-0.18424586755615324,-2.2037576830440386,-0.2761343075580982,-0.12178868828832758,-126.57691101107729
JP225Cash,HK50Cash,72,2.0,6,1001,-0.07010983710302506,-2.7104836635218397,-0.0726782721181712,-0.06807073905336605,-70.17994694012808
JP225Cash,HK50Cash,72,2.0,24,659,-0.20375594547589515,-3.3101852156660763,-0.20535025919312774,-0.20254851855404438,-134.2751680686149
JP225Cash,HK50Cash,72,2.0,72,515,-0.2758798870337727,-2.777778525802535,-0.3173709704636356,-0.2451820921988405,-142.07814182239295
JP225Cash,HK50Cash,72,2.5,6,517,-0.0844276073622211,-2.2609725604910538,-0.10307658736952569,-0.06959907812030185,-43.64907300626831
JP225Cash,HK50Cash,72,2.5,24,398,-0.08894469476479379,-1.0366564667532832,-0.13858127372472467,-0.051168183343961435,-35.39998851638793
JP225Cash,HK50Cash,72,2.5,72,350,-0.2562150641429106,-2.002931797495313,-0.3276928552167797,-0.2038451974155215,-89.67527245001872
JP225Cash,HK50Cash,168,1.5,6,983,-0.07151878630444296,-2.855807047809733,-0.11044848817593579,-0.04149732251885929,-70.30296693726743
JP225Cash,HK50Cash,168,1.5,24,643,-0.12509948933942558,-2.0203193589974604,-0.21895394048722722,-0.05672702627207545,-80.43897164525065
JP225Cash,HK50Cash,168,1.5,72,437,-0.2450228393019542,-2.034635324696746,-0.2862713008961203,-0.21530445949198418,-107.07498077495399
JP225Cash,HK50Cash,168,2.0,6,685,-0.04369468103338034,-1.4681178238341155,-0.02964898891058911,-0.05400670816150556,-29.93085650786553
JP225Cash,HK50Cash,168,2.0,24,449,-0.09164710988636984,-1.2710817459491153,-0.09981720303211056,-0.0856536052620813,-41.14955233898006
JP225Cash,HK50Cash,168,2.0,72,303,-0.3870805265092367,-2.6526096544151407,-0.2955195966071735,-0.45871348931496847,-117.28539953229871
JP225Cash,HK50Cash,168,2.5,6,301,-0.11396365740841174,-2.332392631779786,-0.11064622499525043,-0.11619370919725908,-34.303060879931934
JP225Cash,HK50Cash,168,2.5,24,219,-0.24748095046821547,-2.0430671504358195,-0.1311443567710077,-0.33018899754982406,-54.19832815253919
JP225Cash,HK50Cash,168,2.5,72,170,-0.3760100039029437,-1.7690571339526673,-0.5367370586692041,-0.26350106556656155,-63.92170066350043
JP225Cash,HK50Cash,336,1.5,6,675,-0.10273736431777804,-3.5337724160610136,-0.08676442254412675,-0.11338599216687895,-69.34772091450017
JP225Cash,HK50Cash,336,1.5,24,441,-0.1358664686780305,-1.764431315781395,-0.16852573191413478,-0.11248396114712314,-59.91711268701145
JP225Cash,HK50Cash,336,1.5,72,285,-0.2503912101288115,-1.5496817384687436,-0.3209484043651438,-0.200536426177391,-71.36149488671127
JP225Cash,HK50Cash,336,2.0,6,475,-0.12011592575108697,-3.3245544349649143,-0.16826308094046644,-0.08196157635572966,-57.05506473176631
JP225Cash,HK50Cash,336,2.0,24,307,-0.19790417256994922,-1.7727988526605907,-0.24370200210487822,-0.16381601535929188,-60.75658097897441
JP225Cash,HK50Cash,336,2.0,72,209,-0.2126399233039507,-1.0435161451764943,-0.31067239828725135,-0.13849771533338717,-44.4417439705257
JP225Cash,HK50Cash,336,2.5,6,237,-0.16437907702073004,-3.1883916427939747,-0.18169195613040726,-0.15129823502675174,-38.95784125391302
JP225Cash,HK50Cash,336,2.5,24,159,-0.3008733803794222,-2.0243669325202003,-0.14489562343044374,-0.41446587728791723,-47.838867480328126
JP225Cash,HK50Cash,336,2.5,72,114,-0.4132818310201582,-1.4564251205775025,-0.2363913163793154,-0.5329430615124933,-47.114128736298035
JP225Cash,US500Cash,24,1.5,6,3797,-0.018941976587370502,-2.483257858055967,-0.027346847860787546,-0.012091926147037772,-71.9226851022458
JP225Cash,US500Cash,24,1.5,24,2550,-0.021817844110364176,-1.5617776625671211,-0.020480407998157382,-0.022912977246465023,-55.635502481428645
JP225Cash,US500Cash,24,1.5,72,2257,-0.02143584601451223,-1.283451942874439,-0.017594778636634282,-0.024591783537256183,-48.3807044547541
JP225Cash,US500Cash,24,2.0,6,2497,-0.021220090090882434,-2.3255740571803827,-0.02307839603811573,-0.01971350122285717,-52.986564956933435
JP225Cash,US500Cash,24,2.0,24,1963,-0.025317932316055166,-1.5821945284260321,-0.012913312144801237,-0.035522661630568615,-49.69910113641629
JP225Cash,US500Cash,24,2.0,72,1785,-0.03200136713595831,-1.706019244798876,-0.01672294921144752,-0.0446369471595046,-57.12244033768559
JP225Cash,US500Cash,24,2.5,6,1322,-0.006234928519065743,-0.48910569063056825,-0.02290530299226511,0.006755847820076154,-8.242575502204913
JP225Cash,US500Cash,24,2.5,24,1209,0.006582068588752203,0.3121242716187173,0.02734912116617315,-0.00979195363575277,7.957720923801414
JP225Cash,US500Cash,24,2.5,72,1151,-0.005163435735402171,-0.21404066333268124,0.02938855050057623,-0.032945832191604234,-5.943114531447899
JP225Cash,US500Cash,72,1.5,6,2374,-0.01966161691195333,-1.9804197950791016,-0.0336380103676092,-0.007736403760484255,-46.6766785489772
JP225Cash,US500Cash,72,1.5,24,1498,-0.01819479789428231,-0.8148199458505299,-0.02681036384386227,-0.010876885087725515,-27.2558072456349
JP225Cash,US500Cash,72,1.5,72,1087,-0.044135371045216955,-1.1983428781867014,-0.06924379124457371,-0.023296227681104356,-47.97514832615083
JP225Cash,US500Cash,72,2.0,6,1580,-0.015260247828470509,-1.1911491505049074,-0.031355201730042415,-0.002158844480348261,-24.111191568983404
JP225Cash,US500Cash,72,2.0,24,1061,-0.026303652776812583,-0.9341261694951064,-0.02654021412968289,-0.026112630491871316,-27.908175596198152
JP225Cash,US500Cash,72,2.0,72,819,-0.06581584088617336,-1.526465061385096,-0.0920852780212479,-0.044274902435412246,-53.903173685775975
JP225Cash,US500Cash,72,2.5,6,820,0.006177070452400684,0.3432287339445263,-0.03133823812978788,0.03568257458784746,5.065197770968561
JP225Cash,US500Cash,72,2.5,24,635,0.002389726664655219,0.060836155525194405,-0.016419960031950447,0.017225535890147026,1.517476432056064
JP225Cash,US500Cash,72,2.5,72,564,-0.07082872098502428,-1.4274478675377922,-0.05905311578496182,-0.0801370565241213,-39.9473986355537
JP225Cash,US500Cash,168,1.5,6,1555,-0.007626374415291678,-0.5897605347141514,-0.01224044261097696,-0.003647776689670834,-11.85901221577856
JP225Cash,US500Cash,168,1.5,24,991,0.007006994962187635,0.22978850637515066,0.004624639518626619,0.009054122153840445,6.9439320075279465
JP225Cash,US500Cash,168,1.5,72,677,0.006155623736827251,0.11783360862963957,-0.031050660555441686,0.0361190846868678,4.167357269832049
JP225Cash,US500Cash,168,2.0,6,1071,0.01754461522309472,1.11460500156623,0.02137981348502998,0.01417367780339372,18.790282903934443
JP225Cash,US500Cash,168,2.0,24,692,0.017484091887039213,0.4774147908829454,0.03549790635926959,0.00216753305770965,12.098991585831136
JP225Cash,US500Cash,168,2.0,72,486,0.05840074278198731,0.8900309092828446,0.018900102240190685,0.09134278640363655,28.38276099204583
JP225Cash,US500Cash,168,2.5,6,548,0.027205170704315756,1.1393595406980348,0.0024683332531962253,0.04536639313678325,14.908433545965034
JP225Cash,US500Cash,168,2.5,24,384,0.035717078022331795,0.712753215245359,0.013310498087959482,0.05296085152021278,13.715357960575409
JP225Cash,US500Cash,168,2.5,72,304,0.024394836986441147,0.2809423565918663,-0.10380544497826498,0.11514335118617688,7.416030443878109
JP225Cash,US500Cash,336,1.5,6,1074,-0.008859965561290217,-0.602099861202996,-0.007434879511076143,-0.00994808545184776,-9.515603012825693
JP225Cash,US500Cash,336,1.5,24,697,0.005012619622631687,0.14105472681057762,0.04507990123606542,-0.025800543648613006,3.4937958769742856
JP225Cash,US500Cash,336,1.5,72,472,-0.07583278199060801,-1.088206852719421,-0.04137807747069734,-0.10416811814018705,-35.79307309956698
JP225Cash,US500Cash,336,2.0,6,705,-0.012552285724865608,-0.6257453091772702,-0.017785863528586184,-0.00858468559436422,-8.849361436030254
JP225Cash,US500Cash,336,2.0,24,477,-0.008511765643074444,-0.1873828737257533,0.03187937403662706,-0.039743576250427286,-4.060112211746509
JP225Cash,US500Cash,336,2.0,72,320,0.035308145446773395,0.40573570415105004,0.028395683587293365,0.04082258131220129,11.298606542967487
JP225Cash,US500Cash,336,2.5,6,388,-0.0038891698511776536,-0.1327220943282151,0.05496884395833336,-0.04790011711414534,-1.5089979022569295
JP225Cash,US500Cash,336,2.5,24,258,0.0014553864925269588,0.021959793984162153,0.021212625935465097,-0.014185761399799058,0.3754897150719554
JP225Cash,US500Cash,336,2.5,72,191,0.07051244295975047,0.5393215396673617,0.19828735344531412,-0.029796832561626616,13.46787660531234
GOLD.,SILVER.,24,1.5,6,3857,-0.09699374800953729,-8.75725797816385,-0.09365890556819773,-0.09975487111144263,-374.10488607278535
GOLD.,SILVER.,24,1.5,24,2654,-0.12957015055046534,-6.038534559872597,-0.1334290263523362,-0.12632183941398412,-343.879179560935
GOLD.,SILVER.,24,1.5,72,2365,-0.13202250632656806,-5.176868023134534,-0.13255900714313024,-0.13155835696081986,-312.23322746233345
GOLD.,SILVER.,24,2.0,6,2550,-0.09016097648755594,-6.571499589032204,-0.10627805325092214,-0.07666814997528539,-229.91049004326766
GOLD.,SILVER.,24,2.0,24,1992,-0.1248919929069832,-4.941592278516806,-0.15319745404677787,-0.10059999267506986,-248.78484987071053
GOLD.,SILVER.,24,2.0,72,1821,-0.13279608903524687,-4.344890838191427,-0.16235228735732044,-0.10709372766071273,-241.82167813318455
GOLD.,SILVER.,24,2.5,6,1404,-0.12261034262269892,-7.217242906671724,-0.12875068007799934,-0.11706906248011066,-172.1449210422693
GOLD.,SILVER.,24,2.5,24,1261,-0.15482232426618495,-4.718606076183088,-0.19363070741639785,-0.12026133537379147,-195.2309508996592
GOLD.,SILVER.,24,2.5,72,1193,-0.1613635396432351,-3.9403773649702845,-0.211596950644443,-0.11632118065328075,-192.50670279437946
GOLD.,SILVER.,72,1.5,6,2325,-0.09083930961601175,-6.49800811473581,-0.09212693435049439,-0.08973577819420675,-211.2013948572273
GOLD.,SILVER.,72,1.5,24,1508,-0.14154184267084777,-4.139551827872886,-0.13467411907027632,-0.14716691423271502,-213.44509874763844
GOLD.,SILVER.,72,1.5,72,1116,-0.18133864758128823,-3.3456363001562344,-0.19202941400587684,-0.17243845287313309,-202.37393070071766
GOLD.,SILVER.,72,2.0,6,1559,-0.09913704225961877,-5.020910273011658,-0.1088141987578019,-0.09096013132505927,-154.55464888274565
GOLD.,SILVER.,72,2.0,24,1043,-0.17920125701078554,-4.233325170362137,-0.171863617520212,-0.18515035013942766,-186.90691106224932
GOLD.,SILVER.,72,2.0,72,846,-0.2360587936998404,-3.5540584706309466,-0.26205459102504697,-0.21555893661252112,-199.70573947006497
GOLD.,SILVER.,72,2.5,6,906,-0.10551490622629428,-3.5548725171787345,-0.11907264461910055,-0.09364135893818444,-95.59650504102262
GOLD.,SILVER.,72,2.5,24,672,-0.2189119580071203,-4.1183301816593385,-0.2161553106735751,-0.22120290470121104,-147.10883578078483
GOLD.,SILVER.,72,2.5,72,600,-0.2828710137979678,-3.3456614625821515,-0.3237476531768795,-0.25053576175196307,-169.72260827878068
GOLD.,SILVER.,168,1.5,6,1457,-0.08421960170351593,-4.949459332993456,-0.09554590040131465,-0.07383219355566632,-122.7079596820227
GOLD.,SILVER.,168,1.5,24,948,-0.15859579250834335,-4.00476899434318,-0.17419884712676612,-0.14502390476332475,-150.3488112979095
GOLD.,SILVER.,168,1.5,72,652,-0.2546136836143274,-3.1491640363301503,-0.3443929378870521,-0.17856836625584388,-166.00812171654147
GOLD.,SILVER.,168,2.0,6,1017,-0.08925183969184153,-3.7870328651606804,-0.08751839117708786,-0.09061666382999553,-90.76912096660283
GOLD.,SILVER.,168,2.0,24,669,-0.18301625900081372,-3.5300190527266757,-0.16725812966864834,-0.1957505310827528,-122.43787727154438
GOLD.,SILVER.,168,2.0,72,474,-0.32689092295532807,-2.966495060121926,-0.3881965619480575,-0.2755652717056012,-154.9462974808255
GOLD.,SILVER.,168,2.5,6,633,-0.1259496422480256,-3.454971185349385,-0.15905459380185727,-0.09778139399608109,-79.7261235430002
GOLD.,SILVER.,168,2.5,24,431,-0.24826903902479155,-3.5877754001626494,-0.2708754040666803,-0.22959005096051907,-107.00395581968516
GOLD.,SILVER.,168,2.5,72,321,-0.48089921120629986,-3.4654130019834093,-0.624049842073219,-0.3658961762963592,-154.36864679722225
GOLD.,SILVER.,336,1.5,6,937,-0.10218502083864475,-4.627359126189786,-0.12692320655427677,-0.08431350064334436,-95.74736452581013
GOLD.,SILVER.,336,1.5,24,656,-0.14080024405772076,-3.0244755858392067,-0.15006356129026951,-0.13419740958125648,-92.36496010186482
GOLD.,SILVER.,336,1.5,72,438,-0.3321887650904363,-2.9373868239766767,-0.5732886826566926,-0.15589040639574306,-145.49867910961112
GOLD.,SILVER.,336,2.0,6,693,-0.07306550193539806,-2.630687622819928,-0.11116905327698615,-0.040753690397731336,-50.63439284123085
GOLD.,SILVER.,336,2.0,24,457,-0.21492553455693772,-3.134109297521271,-0.3456973749225445,-0.10471862070043846,-98.22096929252054
GOLD.,SILVER.,336,2.0,72,304,-0.48832590833063844,-3.602774723120732,-0.6773922578181296,-0.3352721968407648,-148.4510761325141
GOLD.,SILVER.,336,2.5,6,431,-0.04343652306325915,-0.9561349763141455,-0.06921259439451984,-0.020486775342882308,-18.721141440264695
GOLD.,SILVER.,336,2.5,24,291,-0.2774844739889142,-2.819469502450737,-0.3078701506865638,-0.250077785202799,-80.74798193077403
GOLD.,SILVER.,336,2.5,72,200,-0.346435780010805,-1.7186964457319913,-0.6308422989251002,-0.0992413289918382,-69.287156002161
OILCash,BRENTCash,24,1.5,6,3132,-0.05486320930279294,-5.508930403424551,-0.07218200667107989,-0.04484205034170754,-171.8315715363475
OILCash,BRENTCash,24,1.5,24,2208,-0.053876212751889724,-3.430815838460244,-0.06997739837337845,-0.04483495293331684,-118.9586777561725
OILCash,BRENTCash,24,1.5,72,1967,-0.05370292890045546,-3.1198336858051863,-0.07182076246788953,-0.043781597537013967,-105.63366114719588
OILCash,BRENTCash,24,2.0,6,2010,-0.06229952770366541,-4.341332115243081,-0.09881770320065894,-0.04222438573808608,-125.22205068436747
OILCash,BRENTCash,24,2.0,24,1618,-0.07146967561965237,-3.5970319289881996,-0.11794071605150654,-0.046194395995456876,-115.63793515259754
OILCash,BRENTCash,24,2.0,72,1476,-0.06412847383436811,-3.1038585715777067,-0.10640278245300244,-0.04140603295185213,-94.65362737952732
OILCash,BRENTCash,24,2.5,6,1086,-0.06314642906316022,-2.919519337585459,-0.07874731130510856,-0.05501823831525434,-68.577021962592
OILCash,BRENTCash,24,2.5,24,1006,-0.06048362015158587,-2.5640009173622795,-0.11107866381675588,-0.033842527356723946,-60.84652187249539
OILCash,BRENTCash,24,2.5,72,956,-0.06052292052928382,-2.3249656126097666,-0.12560691654089642,-0.02653000541493837,-57.85991202599533
OILCash,BRENTCash,72,1.5,6,2041,-0.05917068116321913,-4.627755254173633,-0.08938495432226586,-0.04198500696053305,-120.76736025413024
OILCash,BRENTCash,72,1.5,24,1271,-0.06915673964378603,-2.927316064930258,-0.10196064520141708,-0.050550332052527985,-87.89821608725205
OILCash,BRENTCash,72,1.5,72,954,-0.06596105771838784,-1.7998363417472958,-0.10969833899089879,-0.0415196358308082,-62.926849063342
OILCash,BRENTCash,72,2.0,6,1282,-0.06488371240624095,-3.412891994716389,-0.07991121786292843,-0.056156270889471754,-83.1809193048009
OILCash,BRENTCash,72,2.0,24,840,-0.06603815003561907,-1.9274427402161747,-0.05522766264350974,-0.07229685326262972,-55.472046029920016
OILCash,BRENTCash,72,2.0,72,694,-0.08267064672875835,-1.8380749635719809,-0.11573711020704935,-0.06370054409835559,-57.373428829758296
OILCash,BRENTCash,72,2.5,6,661,-0.0951637178532335,-2.773069604368029,-0.13484141205258632,-0.07283915232262837,-62.903217500987346
OILCash,BRENTCash,72,2.5,24,529,-0.12057795157525486,-2.5278671985878662,-0.19298543101310106,-0.07932502560473119,-63.78573638330982
OILCash,BRENTCash,72,2.5,72,475,-0.10444086507856513,-1.7849461047772357,-0.18593680345120878,-0.057330256185409,-49.60941091231844
OILCash,BRENTCash,168,1.5,6,1325,-0.06889221187480171,-4.482127394280892,-0.09170874666164477,-0.0562668843022461,-91.28218073411226
OILCash,BRENTCash,168,1.5,24,832,-0.06484049892362732,-1.8472963537315976,-0.051067161557521196,-0.07272957495752175,-53.947295104457936
OILCash,BRENTCash,168,1.5,72,561,-0.0756811423318662,-1.19776728415614,-0.07031402990326108,-0.07877175482586628,-42.457120848176935
OILCash,BRENTCash,168,2.0,6,938,-0.06569676769982358,-3.1262931112096566,-0.09513504289854724,-0.05059778138822016,-61.62356810243451
OILCash,BRENTCash,168,2.0,24,570,-0.1153458804569036,-2.8379549998608784,-0.18544544667048704,-0.07945936512740334,-65.74715186043505
OILCash,BRENTCash,168,2.0,72,393,-0.12794687718286782,-1.7630009821280062,-0.20164362592985197,-0.09024815570844899,-50.28312273286705
OILCash,BRENTCash,168,2.5,6,476,-0.07756373721841561,-1.6004720214452588,-0.11333401740790486,-0.058231579316652786,-36.92033891596583
OILCash,BRENTCash,168,2.5,24,316,-0.08564951625565408,-1.233658315848584,-0.1150479607261352,-0.06995131775199914,-27.065247136786688
OILCash,BRENTCash,168,2.5,72,244,-0.13711745537832232,-1.23494594561183,-0.18517359118827179,-0.1114270683101104,-33.456659112310646
OILCash,BRENTCash,336,1.5,6,971,-0.07349426328432916,-3.7529390014482322,-0.11003733849840339,-0.05424594536496615,-71.36292964908361
OILCash,BRENTCash,336,1.5,24,626,-0.11898502730870773,-3.1475785204708524,-0.21389938656417498,-0.07003403815274035,-74.48462709525104
OILCash,BRENTCash,336,1.5,72,411,-0.08979378594738648,-1.2006410486600587,-0.107216178537147,-0.08009268098263353,-36.90524602437584
OILCash,BRENTCash,336,2.0,6,678,-0.07558346149773938,-2.7220305755049794,-0.1344437557875471,-0.04634821598955674,-51.2455868954673
OILCash,BRENTCash,336,2.0,24,424,-0.08656208944487005,-1.8381320378112183,-0.20732181675447162,-0.025753999806701858,-36.7023259246249
OILCash,BRENTCash,336,2.0,72,278,-0.023367285246318422,-0.2181208122513791,-0.0012840336703039401,-0.03539038888214853,-6.496105298476521
OILCash,BRENTCash,336,2.5,6,359,-0.10449637867232903,-2.053627961014369,-0.2392840402598281,-0.03249442269610089,-37.51419994336612
OILCash,BRENTCash,336,2.5,24,234,-0.07781232020899664,-0.7438262753438336,-0.19253932734166732,-0.01933855528331286,-18.208082928905213
OILCash,BRENTCash,336,2.5,72,173,-0.06160077265571522,-0.43533807293894744,-0.3614466287737862,0.09358260901942676,-10.656933669438734
