tot,y2,n,t,t1,t2,wy,ny,tt3,a,b,hold
-38366.70000000042,-18651.150000000125,925,-1.752555073602956,0.3074171219646509,-2.125916623232892,4,11,-50097.15000000037,875,896,21
-40153.80000000054,-19194.45000000025,962,-1.7133612826616205,-0.42220284162062266,-1.682150381290756,4,11,-55832.70000000062,875,897,22
-21292.500000000393,-1365.6000000001368,969,-0.8669594241963366,-0.44561856743519124,-0.7558945158750703,3,11,-37752.45000000039,875,898,23
-17525.250000000753,-2979.149999999916,972,-0.6820229266277468,0.8972071891424337,-1.152869412587194,4,11,-35237.700000000856,875,899,24
15651.30000000042,13329.74999999981,1147,0.4934592270407065,1.3840784572690792,-0.020095314379292635,5,11,-8275.199999999837,875,900,25
51983.550000000105,29628.75000000021,1247,1.5095999619288105,1.509574138897264,1.0255872809955815,8,11,25045.050000000047,875,901,26
62152.80000000021,35889.14999999976,1182,1.8167294719075902,1.7470044611297453,1.236652015634263,9,11,33907.80000000028,875,902,27
69136.35000000006,49096.200000000215,1183,1.9114008935791276,1.172535217974742,1.5846599611096615,9,11,38252.84999999998,875,903,28
73493.99999999967,41847.29999999989,1210,2.0321628241985663,1.8323110429497702,1.415378658328771,8,11,43718.999999999476,875,904,29
47680.349999998834,39416.69999999924,1245,1.2735099926771893,0.9517785137325385,0.9860531154628868,7,11,17274.299999998766,875,905,30
40579.19999999906,29010.59999999939,1216,1.1098937589948021,1.012542849475126,0.7744316576381994,6,11,11656.19999999908,875,906,31
33810.900000000154,24490.049999999974,1172,0.9455016608343007,1.0172837214019779,0.5939125871204342,6,11,5895.450000000128,875,907,32
20596.79999999979,13218.900000000282,1194,0.5800305386190371,0.86306900196815,0.2632615874355864,5,11,-7319.700000000361,875,908,33
19975.799999999414,17519.24999999954,1210,0.5204040920605791,0.9506353142922493,0.16895453561566334,6,11,-12958.20000000071,875,909,34
19825.199999999855,13363.500000000739,1170,0.5358671501664382,1.3966082020393598,-0.02693142564194239,5,11,-10098.30000000028,875,910,35
7235.850000000222,-3384.749999999824,1177,0.20389301147048816,1.0760589018425797,-0.27886466272688903,5,11,-18717.149999999674,875,911,36
11604.89999999941,1446.4499999993604,1149,0.3318538138708648,1.105607765019535,-0.1646309616223897,4,11,-12501.600000000384,875,912,37
11155.199999998922,-2812.5000000008204,1136,0.32407011652371276,0.7155334652825097,0.007005063925566913,6,11,-10987.800000001094,875,913,38
8170.500000001064,-4888.499999999134,1113,0.23929128130106395,0.6414222073123199,-0.053837162329449115,6,11,-14233.499999998836,875,914,39
11514.1499999991,-3247.2000000002536,1149,0.3238649944161656,0.7693324934098548,-0.012178516253987706,6,11,-12292.350000000966,875,915,40
5863.950000000358,-8540.099999999857,1188,0.16011702687040114,0.5153484470773995,-0.07006145118772768,5,11,-17774.549999999697,875,916,41
20877.29999999956,4101.75000000011,1164,0.5748220245435219,0.5670054983429541,0.36819699306657266,6,11,-2354.7000000003027,875,917,42
10641.60000000017,-1854.299999999861,1176,0.28998304044535717,0.9307945598362705,-0.13127901818867316,5,11,-13043.399999999907,875,918,43
13698.449999999637,2872.0499999997255,1163,0.3802913441556835,0.8416099679015124,0.00029855877867240605,5,11,-10247.550000000221,875,919,44
14438.250000000186,7147.9500000006265,1131,0.4030773765344507,0.9567973955386275,-0.031352676673791796,5,11,-9446.249999999884,875,920,45
-24745.500000000386,-12089.850000000075,863,-1.251820214187369,-0.37933930221501755,-1.2150770964043633,3,11,-36451.95000000042,876,896,20
-33130.65000000027,-19758.59999999999,968,-1.4980725067681069,-0.6126459870836332,-1.3672482969613442,3,11,-47402.100000000355,876,897,21
-36721.65000000015,-24266.549999999814,967,-1.6081808814447833,-0.2232286673743129,-1.6733822572742798,3,11,-51138.600000000035,876,898,22
-38800.20000000049,-23981.549999999614,960,-1.6299786873280488,0.6660602903766278,-2.1267129647811687,4,11,-53541.1500000004,876,899,23
-20402.849999999067,-16115.399999999434,1124,-0.7564830248655535,1.12410437810969,-1.3467133744215314,5,11,-37266.29999999917,876,900,24
26979.600000000668,5934.600000000804,1245,0.8741547582607991,1.669243596146053,0.1935646023165386,8,11,8734.650000000547,876,901,25
50845.649999999834,19907.54999999981,1149,1.5298736707851168,2.543480400422674,0.5309872865750442,7,11,23937.149999999907,876,902,26
62525.84999999972,29782.950000000208,1116,1.8036939117926236,1.9158570798241945,1.1143278018642448,8,11,33914.84999999945,876,903,27
46870.199999999146,16099.500000000127,1151,1.3625067358616205,1.5013652376599675,0.8134575451902883,6,11,19007.69999999914,876,904,28
32681.099999998944,17960.699999999786,1193,0.9205461357650065,0.8424294008122103,0.6367059260444892,6,11,3725.549999998999,876,905,29
-5317.050000001577,-11423.550000000574,1143,-0.17647813331693202,0.5231714450564626,-0.46202230850965137,6,11,-21703.0500000015,876,906,30
-13238.250000000195,-22052.54999999975,1116,-0.43059753720971183,0.4620374741026818,-0.7117600715332797,6,11,-30848.700000000128,876,907,31
-26044.800000001087,-20212.349999999915,1125,-0.8629195960679564,0.5889271960226843,-1.2605799212485567,5,11,-44638.80000000098,876,908,32
-35921.10000000105,-29251.050000000196,1143,-1.1609806399374532,0.6208310517582583,-1.6136148491658528,5,11,-53981.100000001024,876,909,33
-28216.20000000053,-30002.54999999917,1126,-0.9309680735390394,1.0366959679599965,-1.6145678849448657,5,11,-45283.20000000071,876,910,34
-17667.450000000314,-26253.2999999999,1147,-0.5725678690829904,1.0355885216940532,-1.1977639854435467,5,11,-34216.50000000029,876,911,35
-27123.00000000094,-30404.10000000031,1132,-0.8590531642490375,0.6782560904196557,-1.3373682996702227,5,11,-46113.00000000087,876,912,36
-26019.90000000126,-29016.150000000693,1084,-0.8456760086137148,0.4073465268337146,-1.1903256847565855,6,11,-43067.40000000119,876,913,37
-22739.849999999613,-25340.549999999323,1082,-0.747587150112491,0.5105542275539221,-1.1314464735683698,6,11,-39763.7999999997,876,914,38
-10417.200000000856,-22677.749999999993,1128,-0.32379763033434855,0.687470852764878,-0.731654841499614,6,11,-28072.650000000955,876,915,39
-16324.20000000022,-21427.649999999867,1166,-0.4974257748679437,0.8120941604649082,-0.992609807642426,5,11,-35917.200000000244,876,916,40
-21958.650000000227,-31580.249999999556,1141,-0.6669669248995065,0.7982610934818168,-1.1560481323093783,5,11,-44304.60000000021,876,917,41
-20783.099999999977,-27624.899999999692,1149,-0.6228440479224432,0.5323702209419792,-0.9930992255246661,5,11,-44279.55000000016,876,918,42
-13936.050000000465,-22756.949999999764,1144,-0.4165610767193227,0.43723701787201524,-0.7006687892796577,6,11,-37771.500000000466,876,919,43
-31367.550000000556,-33110.99999999944,1105,-0.9520433771288513,0.602464023339743,-1.4147320419168077,5,11,-54018.0000000007,876,920,44
-42938.10000000086,-23842.800000000345,855,-2.2503180151986704,-0.27257624675552644,-2.4177849748730873,2,11,-53295.15000000081,877,896,19
-45066.300000001014,-25642.200000000652,911,-2.2619039187650776,-0.7245096806831336,-2.175395782932253,2,11,-55672.35000000091,877,897,20
-45700.200000000696,-31676.100000000395,903,-2.2522768033583977,-0.13850265972947018,-2.463160693343641,2,11,-56309.25000000064,877,898,21
-35784.90000000143,-22542.60000000045,916,-1.6100721338771897,0.6462603865906662,-2.1438433483463704,5,11,-48037.95000000129,877,899,22
-24863.550000000127,-12714.15000000048,1100,-0.9471226143140984,0.6925944086138333,-1.3872400286019608,4,11,-40096.50000000026,877,900,23
27140.399999999907,837.4499999998989,1190,0.9675336120294998,2.453708666564144,-0.13650006925915342,7,11,11031.449999999953,877,901,24
25844.249999999705,-5787.450000000608,1111,0.9853248150837811,2.5011717103437556,-0.30182623677531384,7,11,12774.749999999825,877,902,25
26279.549999999123,2376.2999999993863,1084,0.9576884916386553,1.8725468823164997,0.0388896121075245,7,11,10811.099999999162,877,903,26
27373.499999999225,-2775.6000000003987,1111,1.0209363602886812,2.1354163790115974,-0.1053572408593031,7,11,12439.049999999348,877,904,27
17399.699999999477,-4924.350000000439,1144,0.6282642742725106,1.5295082953353987,-0.14918955238221993,6,11,2861.6999999994878,877,905,28
-14307.000000000891,-26262.45000000074,1118,-0.518944124625718,0.7382566609793673,-1.033354402079037,5,11,-30630.000000000757,877,906,29
-16398.600000000184,-28783.05000000038,1090,-0.5804104864307156,1.1417042873599317,-1.329406660754807,6,11,-34224.000000000175,877,907,30
-18881.10000000054,-23385.150000000176,1106,-0.6586073891015104,1.2013162430048863,-1.4188404331050133,5,11,-37273.05000000051,877,908,31
-19154.550000000876,-23827.050000000963,1110,-0.632003768582931,1.1310448312401997,-1.3592437536019586,6,11,-38379.45000000094,877,909,32
-21700.65000000005,-26628.149999999503,1092,-0.7697802640753532,1.1662800575600114,-1.5240379819579828,4,11,-36689.10000000009,877,910,33
-18896.55000000012,-31598.100000000544,1097,-0.6674645079124725,1.5352276909686269,-1.6250581500718455,5,11,-33370.500000000175,877,911,34
-10570.200000001203,-19594.500000001306,1081,-0.3591965003944707,0.9011526552017127,-0.9125583824520351,7,11,-26775.000000001164,877,912,35
-23079.750000001346,-33159.45000000137,1053,-0.8059364625673722,0.8152920157914463,-1.3993966322580402,6,11,-37755.30000000133,877,913,36
-12667.949999999386,-25313.399999999736,1048,-0.44865715943215806,0.8143203692690631,-0.9955909592804599,6,11,-24263.39999999944,877,914,37
-8091.600000000455,-25070.700000000375,1076,-0.27848200951069696,0.7960585518215315,-0.7794205533077524,6,11,-22654.65000000043,877,915,38
-18081.899999999983,-18451.200000000234,1106,-0.5972227358734788,1.0440109493607723,-1.2725548179833253,6,11,-34125.44999999995,877,916,39
-3540.450000000408,-13402.200000000274,1107,-0.11290745640134792,1.0191125180005107,-0.6696757018993448,5,11,-23925.45000000042,877,917,40
-8902.499999999516,-26050.19999999991,1110,-0.2875156903171961,0.8468661399971931,-0.7982735839993337,5,11,-27340.04999999958,877,918,41
-10436.550000000147,-21865.350000000228,1092,-0.34395020028807166,0.738126107373868,-0.8224261331334664,5,11,-28453.050000000047,877,919,42
-17582.399999999598,-16470.74999999964,1065,-0.557061449549315,0.5366438896514804,-0.9296845035942393,5,11,-38271.899999999674,877,920,43
-34720.349999999606,-16585.199999999804,781,-2.076001396841089,-0.18136592375060148,-2.312725015996997,2,11,-44289.449999999575,878,896,18
-40379.09999999977,-22129.95000000017,836,-2.2369476068588554,-0.6542917023657526,-2.197121978377489,2,11,-50579.69999999966,878,897,19
-43367.699999999495,-22745.549999999646,843,-2.2890769287574564,-0.5969100087960353,-2.2718090747702653,3,11,-52574.69999999946,878,898,20
-44622.15000000048,-23996.84999999999,859,-2.126775398802593,-0.06451235885798463,-2.3563991288704957,3,11,-54926.25000000041,878,899,21
-29082.74999999896,-15331.49999999989,1064,-1.0979128362875064,0.3489967970100111,-1.370806534370257,3,11,-45797.24999999898,878,900,22
26443.05000000054,3746.849999999962,1214,0.8876882911988014,2.097268768800315,0.04278762189124944,7,11,5351.100000000384,878,901,23
32742.599999999842,8480.999999999349,1109,1.1246701457113963,2.0241649715910515,0.28157036163330523,7,11,11461.650000000023,878,902,24
42503.099999999395,17792.549999999486,1091,1.352747558328886,1.902811707159249,0.6191650128179467,6,11,17722.64999999944,878,903,25
32901.89999999885,5849.549999999059,1099,1.0520705960761436,1.9640767625818891,0.23118844703940655,6,11,8571.449999998847,878,904,26
16815.149999999565,8549.2499999991,1141,0.5291073266616982,1.0862247818936275,0.08417565764852508,5,11,-8642.850000000442,878,905,27
-870.3000000006023,-4926.900000000638,1104,-0.028266507586757233,0.7212998647592195,-0.36150683339852535,5,11,-24938.250000000407,878,906,28
-42157.3499999994,-37150.79999999996,1082,-1.583704639422974,0.4892493895617429,-2.0833234227278643,5,11,-55667.849999999395,878,907,29
-34691.250000000255,-21809.400000000045,1077,-1.175479560444373,0.7389480964057239,-1.6399899414779477,5,11,-57896.700000000244,878,908,30
-60871.800000001094,-48781.950000001,1096,-2.158298559154985,0.32226506675765726,-2.614068555131289,5,11,-75030.3000000011,878,909,31
-44705.55000000028,-36091.04999999966,1064,-1.6475471396453625,0.882277717847884,-2.3754818370507405,5,11,-58323.00000000035,878,910,32
-21840.59999999989,-24964.650000000056,1068,-0.7215841513159499,1.0722780031376258,-1.3274306283397854,5,11,-43639.049999999814,878,911,33
-33517.65000000071,-25879.350000000682,1077,-1.1137686392691113,0.5949274545170683,-1.5617920074956864,5,11,-53469.60000000056,878,912,34
-14844.450000000934,-12838.350000000772,1019,-0.5166700777525502,0.5752124234600665,-0.9055901001661775,5,11,-33435.000000000815,878,913,35
-19558.34999999949,-18620.99999999957,1020,-0.7258616130138861,0.5523086048711636,-1.1668696555772236,6,11,-33062.39999999944,878,914,36
-33307.50000000021,-26650.350000000024,1047,-1.2041263050614333,0.6236605881854278,-1.755393183516284,5,11,-46811.55000000016,878,915,37
-20031.899999999543,-10868.849999999886,1071,-0.6692291596735367,0.46409828532865044,-1.0129740958003186,4,11,-39721.34999999957,878,916,38
-21883.04999999991,-18307.94999999972,1076,-0.7217496409812423,0.9578479730230216,-1.3421483212211618,5,11,-43088.999999999825,878,917,39
-18451.649999999525,-15652.49999999981,1071,-0.6103954060132116,0.5022653123739373,-0.979718757892607,5,11,-37859.09999999951,878,918,40
-31897.350000000064,-21098.55000000016,1085,-1.0712326566428494,0.2938882965468113,-1.4028019473872102,5,11,-49777.799999999814,878,919,41
-28857.600000000064,-9657.599999999675,1038,-0.9595646816398752,0.32750279709019453,-1.2924288512706794,5,11,-47488.05000000005,878,920,42
-38953.65000000024,-16433.40000000033,785,-1.8477412295921154,0.7204402659000396,-2.3609308958382034,3,11,-52803.15000000011,879,896,17
-52498.950000000405,-25496.400000000474,844,-2.1852433907578757,0.2581844225100118,-2.4650387436669283,3,11,-72334.95000000054,879,897,18
-64590.15000000004,-38978.099999999904,835,-2.8673568072776603,-0.33903348933365257,-2.967331922852864,3,11,-79858.6499999999,879,898,19
-39756.75000000116,-24594.450000000426,825,-1.5953338259158791,0.7657093995336269,-2.0454493685817794,4,11,-61128.750000001135,879,899,20
-7846.199999999699,4620.000000000034,1066,-0.24260430784708661,0.6266726960800952,-0.48656690829165333,5,11,-36147.15000000002,879,900,21
39101.400000001,16626.450000000965,1189,1.146146595375366,2.4913455724601095,0.28298125743085234,8,11,10585.950000000827,879,901,22
32528.85000000011,13742.999999999929,1113,0.9533610715880292,2.3888632413540845,0.07146768828823592,8,11,-2256.5999999999185,879,902,23
49931.84999999977,27278.70000000017,1110,1.3810640383891468,1.6810929825647443,0.8251623384229223,8,11,14639.399999999558,879,903,24
26448.749999999804,-2139.1500000000287,1104,0.7673952503717539,1.956791721577028,0.003851801401966626,7,11,-5304.750000000233,879,904,25
16465.649999999307,-1083.6000000008535,1115,0.46278638133177813,1.70596653963146,-0.18494236501178668,7,11,-18445.800000000745,879,905,26
-8795.10000000038,-9276.900000000187,1110,-0.25929602478578645,1.1176743717473088,-0.763985988823057,5,11,-39481.050000000454,879,906,27
-20599.049999999123,-22399.949999999273,1092,-0.6330174931217428,1.1307862585674096,-1.218066893062103,4,11,-49519.94999999943,879,907,28
-25421.249999999713,-24263.099999999224,1105,-0.7745384128116107,0.9961179017089954,-1.3073971395073478,4,11,-53032.199999999895,879,908,29
-25758.300000000552,-16943.850000000035,1117,-0.7524214118884394,0.7931318167709829,-1.1560308180254009,4,11,-56843.70000000065,879,909,30
-33367.650000000554,-28131.44999999955,1071,-0.9932204072458896,0.924069149099943,-1.4798010326255686,4,11,-64167.60000000079,879,910,31
-16927.499999999745,-19149.899999999874,1068,-0.5101507247381931,0.8356459255098201,-0.9335593689105481,4,11,-45459.44999999984,879,911,32
-17657.550000001018,-10761.30000000104,1053,-0.5322791078360767,0.3648577776972958,-0.7550383017479638,5,11,-42733.95000000106,879,912,33
-26982.60000000089,-24035.250000000487,1024,-0.9155177358651473,0.7209540596905398,-1.4236602219151524,4,11,-44096.100000000966,879,913,34
-565.1999999993532,-3816.4499999992786,1005,-0.01709845703871089,0.9137854064812486,-0.4315878161967817,5,11,-27901.64999999944,879,914,35
-3951.0000000005202,-8554.649999999829,1031,-0.11941538760673007,0.5241101499766995,-0.3775901880464967,4,11,-31840.95000000071,879,915,36
-11415.599999999922,-1628.249999999903,1083,-0.3245396065995577,0.6329565567010286,-0.6396319099851595,5,11,-38828.550000000105,879,916,37
-10862.700000000248,-2614.4999999995835,1083,-0.29416127501855305,0.39025315655399445,-0.48493216620723284,5,11,-42252.150000000314,879,917,38
-20364.299999999646,-4862.99999999965,1081,-0.545924971557524,0.39178196725261155,-0.764900572265586,6,11,-52472.849999999744,879,918,39
-19510.050000000643,-1199.8500000004642,1076,-0.5409715891198394,0.3312704215668715,-0.7337632285721832,4,11,-50444.55000000063,879,919,40
-44048.25000000083,-17632.650000000016,1055,-1.2216998737550393,0.619643730764605,-1.637446084054848,3,11,-72167.70000000094,879,920,41
-49632.29999999919,-22153.649999999354,828,-2.4719050686802553,-0.251409288091676,-2.6252197202491074,3,11,-62583.2999999992,880,896,16
-44552.999999999396,-21635.699999999386,882,-1.9857304897336516,-0.4181597285568055,-1.9740940029647773,3,11,-60095.99999999939,880,897,17
-64502.69999999936,-36619.34999999947,853,-3.0089782718384006,-0.38255389587205624,-3.1147726670667004,3,11,-77898.14999999938,880,898,18
-54090.29999999958,-26285.549999999275,897,-2.417396580253043,0.3635509509552187,-2.8431140206379606,3,11,-67683.29999999955,880,899,19
-24993.59999999868,-9493.94999999915,1115,-0.9421135381896406,0.5538911001334489,-1.2644008384615124,5,11,-40791.59999999893,880,900,20
13707.750000001088,-2720.699999999064,1205,0.48074142549665866,2.416471097899504,-0.5955549334998685,5,11,-1003.1999999989057,880,901,21
7207.2000000004955,-11340.599999999671,1164,0.23296468641571855,2.106465887601619,-0.6527332764328138,6,11,-16065.749999999418,880,902,22
9479.250000000447,2580.900000000449,1164,0.27357619533692895,1.3068711731926668,-0.23166459721502758,5,11,-21755.24999999971,880,903,23
8829.450000000019,-7771.6499999998305,1143,0.26940466700478755,1.9332625843794735,-0.555722385737985,7,11,-15950.550000000105,880,904,24
-4200.750000000175,-2073.600000000315,1161,-0.11639301799505686,1.1578350083565188,-0.5787107869498507,4,11,-39335.25000000012,880,905,25
-43908.4499999999,-33832.200000000325,1140,-1.549910808310644,0.6018889455297527,-2.0775663206255603,4,11,-56800.95000000007,880,906,26
-41095.34999999916,-35541.29999999964,1097,-1.5370374768736668,0.9557526907927383,-2.3116009886907443,3,11,-53674.34999999945,880,907,27
-42747.44999999939,-36185.09999999963,1095,-1.6189313749328058,1.1302315811841288,-2.511878509281208,3,11,-54374.249999999476,880,908,28
-35170.94999999998,-23932.500000000262,1107,-1.0457941682984682,0.8310050695442384,-1.528849214275303,3,11,-65771.40000000002,880,909,29
-42951.600000000406,-31396.799999999792,1046,-1.4313094577100651,1.0507948525572564,-2.1006182191058893,3,11,-65193.00000000041,880,910,30
-38753.250000000044,-38499.1500000003,1093,-1.4435519413911975,1.1419394006630692,-2.3498129499986997,2,11,-49885.649999999965,880,911,31
-18179.54999999994,-12970.200000000636,1057,-0.6183024027201817,0.7153058498927268,-1.0721859007492986,5,11,-36059.54999999993,880,912,32
-25100.10000000087,-20967.600000000723,1023,-0.922584600243919,0.8098433667946164,-1.5339563870340096,2,11,-39229.6500000009,880,913,33
-20551.349999999155,-20391.29999999927,1005,-0.7605248900638668,0.8828851412143387,-1.3852904533314705,5,11,-35198.84999999934,880,914,34
-20216.700000000237,-20183.549999999912,1056,-0.675168572586363,0.8474528148835065,-1.201788750840833,3,11,-40679.700000000244,880,915,35
-20297.24999999928,-7647.299999999845,1107,-0.5901985911587505,0.851890586096488,-1.0306544179811103,3,11,-48200.24999999936,880,916,36
-23995.64999999946,-11241.599999999411,1098,-0.6752200453259786,0.6096031810677569,-1.00598156199228,4,11,-55348.64999999938,880,917,37
-31847.09999999889,-21556.799999999545,1087,-0.8819872049922419,0.5385134436756787,-1.2061735078469193,2,11,-62746.64999999909,880,918,38
-24211.80000000007,-12309.45000000016,1088,-0.6881350343614578,0.3188571992626914,-0.8925470789528647,2,11,-53859.30000000005,880,919,39
-49694.99999999964,-32530.050000000007,1026,-1.4529183392407956,0.8169092508635859,-2.0034940164396966,3,11,-77342.99999999977,880,920,40
-46764.449999999364,-19391.099999999475,749,-2.0566431307639403,-0.6292760832100289,-1.9617798078751796,1,11,-66670.94999999937,881,896,15
-25063.349999999937,744.5999999998701,768,-0.9420597230223383,-0.9927987170382575,-0.6730114737872123,1,11,-51868.499999999825,881,897,16
-26783.399999999503,768.450000000118,751,-1.0382023499751334,-0.6237699026601324,-0.8871867956480236,1,11,-52106.99999999962,881,898,17
-27243.299999999614,-150.74999999937063,762,-1.0233585670600363,-0.5493996730611316,-0.8915833447009166,3,11,-52243.94999999952,881,899,18
-12394.049999998804,15419.40000000008,1015,-0.40348913400627695,-0.29624444250754456,-0.3253224219341164,5,11,-41083.64999999871,881,900,19
13591.050000000614,13663.95000000053,1162,0.4294990545537348,1.9488190728304955,-0.3181351769173871,6,11,-11918.54999999929,881,901,20
37221.59999999976,21980.849999999573,1089,1.0668962394979662,2.2113025188740245,0.32570614763694633,6,11,730.9499999997206,881,902,21
20780.40000000022,18372.45000000039,1061,0.5835484057019074,0.7823050881029914,0.3391848974312567,5,11,-14953.199999999837,881,903,22
31424.250000000146,20115.600000000457,1064,0.9005548524963555,1.4134330574909884,0.41119463033421705,6,11,-2249.3999999998487,881,904,23
7790.850000000088,15128.700000000208,1067,0.22042622852643762,0.7687644290190857,-0.05833236679622152,4,11,-29057.249999999825,881,905,24
-27538.65000000023,-7231.200000000219,1066,-0.877552990545783,-0.29267361370007106,-0.8291203592172103,3,11,-51488.25000000006,881,906,25
-36028.19999999966,-12328.049999999666,1051,-1.1879287530277025,-0.29565461367068885,-1.1685850641903548,3,11,-57605.849999999744,881,907,26
-32392.349999998787,-10079.549999998748,1022,-1.0519370560087087,0.13087017772584622,-1.204301849878475,3,11,-55720.04999999894,881,908,27
-34177.049999999384,-14303.999999999436,1029,-1.0855642665111114,0.2514973499011789,-1.3022953017926653,2,11,-58526.69999999949,881,909,28
-24391.050000000087,-17388.29999999944,1028,-0.7901667830394536,0.6301016024308044,-1.170385763486462,3,11,-46903.65000000002,881,910,29
-19940.549999999246,-20749.349999999635,1059,-0.6136362947985229,0.4575307279957218,-0.8836317184160263,5,11,-45510.59999999928,881,911,30
-29840.849999999526,-16468.949999999797,1033,-0.8963119161931488,0.2189217363506217,-1.0787737773304087,2,11,-56615.999999999476,881,912,31
-26217.900000000158,-17836.350000000224,1004,-0.794049463160802,0.23301875236365782,-0.9748173720992296,3,11,-53631.60000000009,881,913,32
-28391.399999999227,-15722.099999999482,993,-0.833437495854547,-0.16993611539945166,-0.8339683047844404,3,11,-59603.54999999906,881,914,33
-18333.44999999988,-9522.599999999604,1001,-0.5410576670784816,0.17040228371478647,-0.6665675729304751,3,11,-50831.549999999814,881,915,34
-33698.99999999869,-13865.249999999302,1034,-0.9850974501020267,0.056939058626262674,-1.0948663842664756,3,11,-65076.599999998754,881,916,35
-38568.59999999966,-20418.449999999655,1018,-1.089603374161588,0.09764311628146417,-1.224760491650442,2,11,-71636.69999999966,881,917,36
-27581.69999999897,-13591.349999999602,998,-0.761423893891893,0.17567310422939758,-0.9015429966336886,3,11,-62275.349999999045,881,918,37
-36877.34999999982,-5335.349999999974,993,-1.0341449371607445,-0.6744787905312009,-0.8444994876130325,2,11,-70671.44999999966,881,919,38
-53403.44999999918,-24122.249999999534,942,-1.5667939859084945,-0.3343506319944024,-1.5578608231927051,2,11,-85133.09999999922,881,920,39
-34877.09999999902,-13707.899999999398,703,-1.8870114786353593,-0.3151635878463977,-1.938253770047996,1,11,-48079.04999999906,882,896,14
-38156.24999999985,-16204.650000000129,749,-1.8457550078753118,-0.5562661020062283,-1.7697440861058142,1,11,-54648.29999999987,882,897,15
-35702.699999999706,-8633.249999999874,738,-1.6871483149127546,-0.6997775807038447,-1.537777381151647,2,11,-51180.599999999686,882,898,16
-31972.050000000298,-9251.549999999952,760,-1.4853925862891373,-0.30517757128004175,-1.4922110879727868,2,11,-46542.60000000009,882,899,17
-11101.949999998436,2050.3500000005515,1006,-0.41164159109881787,-0.3086667244129356,-0.3194522199071148,4,11,-29275.949999998644,882,900,18
12261.600000001219,6594.600000000588,1134,0.4246158336371303,1.7449878808749675,-0.3102871339480927,5,11,-3596.3999999987427,882,901,19
17850.750000000415,4330.950000000041,1071,0.5918019778172531,2.042067265336459,-0.24237649258840768,5,11,-5696.249999999593,882,902,20
24340.950000000274,19187.25000000014,1068,0.7927449667951332,1.258865004066072,0.31276125893621826,5,11,1383.000000000291,882,903,21
11049.449999999917,667.8000000001957,1058,0.38676890353814736,1.3530860698624962,-0.24336998391720815,5,11,-5571.000000000058,882,904,22
481.350000000195,9066.75000000017,1063,0.01696484106092182,0.6414651318325006,-0.294331622430168,4,11,-18049.04999999993,882,905,23
-12218.549999999845,4169.250000000015,1042,-0.4583089190001538,0.13204171412560148,-0.5896870212124292,2,11,-26935.949999999837,882,906,24
-19691.24999999903,-6025.049999999403,1016,-0.7386270652456738,0.18150836039111412,-0.943241234316036,4,11,-32931.29999999923,882,907,25
-16749.89999999947,-8965.949999999117,1018,-0.6074730634655712,0.6351391436115329,-1.021463409625781,4,11,-31399.34999999951,882,908,26
-22988.69999999932,-2987.249999999416,1011,-0.8220089404479033,0.14425906527881585,-0.9982621377960292,4,11,-38999.09999999945,882,909,27
-22938.75000000016,-19514.249999999323,1010,-0.8454831105155002,0.7088043712171143,-1.3502774057894555,3,11,-37252.20000000007,882,910,28
-21661.64999999923,-31026.59999999954,1055,-0.75973796840515,0.9600396115379717,-1.3811130029659036,5,11,-36194.54999999923,882,911,29
-28859.69999999995,-20626.799999999996,1045,-0.9173501634267563,0.26443233037461794,-1.1496029483794923,4,11,-51160.19999999984,882,912,30
-30482.100000000537,-26491.200000000412,994,-1.0457963871732707,0.25800906901941706,-1.318295103222663,4,11,-47931.600000000384,882,913,31
-21024.149999998623,-18489.749999998938,1004,-0.6877750979819226,0.22825013514419823,-0.8908002471607621,6,11,-40621.64999999857,882,914,32
-9448.649999999978,-4056.1499999997523,1021,-0.29491290255323843,0.4238865024551587,-0.5377465308479926,5,11,-33243.600000000035,882,915,33
-20318.09999999925,-2633.249999999508,1055,-0.622294217061623,-0.32741873114070313,-0.5339375117102464,3,11,-43580.54999999929,882,916,34
-19941.149999999252,-3398.8499999991545,1051,-0.5965143722008793,-0.2174571102690318,-0.5558479305588289,4,11,-46742.09999999928,882,917,35
-29210.399999999005,-12209.849999999446,1054,-0.8339537409449311,0.28543361395567707,-1.0454726032164101,4,11,-58334.399999999034,882,918,36
-28398.599999999424,-12169.349999999373,1051,-0.8075112976613048,0.32467652397361535,-1.0349867641311867,3,11,-57892.049999999406,882,919,37
-38132.69999999944,-7016.399999999421,980,-1.1554434367306157,-0.1204364258066277,-1.2163529832699316,2,11,-63626.69999999949,882,920,38
-19716.750000000648,1198.6499999995576,738,-1.1324424327935638,-0.7695014921936651,-0.88581623596937,3,11,-30466.95000000071,883,896,13
-21720.750000000047,2174.6999999996588,794,-1.0930063471075941,-1.0204081268443945,-0.764018501681645,3,11,-36947.40000000011,883,897,14
-14425.35000000061,6312.899999999264,774,-0.7353443624922342,-0.817416832287982,-0.4627249613318646,2,11,-28637.850000000646,883,898,15
-16420.650000000598,6857.399999999986,817,-0.7847464279894988,0.08045519286283853,-0.8997795959077673,4,11,-29853.30000000054,883,899,16
-8378.099999999153,9884.250000000382,1090,-0.3283919331358313,0.041885795802229175,-0.3768296377927534,4,11,-22903.199999999313,883,900,17
18645.90000000013,11047.950000000044,1226,0.6855908895763384,1.7584677441627954,-0.06718830518664234,5,11,4107.300000000163,883,901,18
8460.299999999552,1746.1499999992047,1153,0.31740057764752144,1.833755405034641,-0.5608253127519874,5,11,-6109.800000000512,883,902,19
3645.150000000269,6537.000000000135,1137,0.1319768534684332,0.7639396744023407,-0.23171761155227158,5,11,-11283.449999999837,883,903,20
8616.299999999783,4242.449999999735,1120,0.32457930720136063,1.6910439845389482,-0.533851521053326,5,11,-5734.650000000198,883,904,21
-9171.60000000053,2551.6499999996413,1169,-0.3485801064251289,0.8179084103723475,-0.8399413239239837,2,11,-21811.05000000063,883,905,22
-15886.35000000065,-10596.600000000908,1138,-0.613064320002669,0.510326288856433,-0.9897219241912318,4,11,-27921.300000000687,883,906,23
-18706.199999999935,-10098.300000000403,1087,-0.7206206469290255,0.5333761500552693,-1.1366808249166518,5,11,-29687.100000000035,883,907,24
-33798.900000000314,-13354.200000000106,1086,-1.2798819146820273,0.16636898800308897,-1.5339253582351546,3,11,-46439.40000000043,883,908,25
-31027.7999999999,-10132.950000000208,1101,-1.1445708915195538,0.2535253375428612,-1.4391477331091906,4,11,-45630.75,883,909,26
-32078.85000000085,-20886.600000000148,1086,-1.186648443386632,1.0309307083579877,-1.9829667355087894,3,11,-44801.250000000815,883,910,27
-35441.25000000032,-28403.250000000517,1124,-1.294646841068975,0.394673618794488,-1.6786369870990467,3,11,-46529.25000000023,883,911,28
-30389.55000000031,-17165.10000000049,1087,-1.055061772828023,0.18733281523730824,-1.2766056597067839,2,11,-45527.55000000034,883,912,29
-25361.400000000896,-10931.550000000901,1067,-0.8921216743495365,-0.4486041952666479,-0.7726216532296032,2,11,-41409.9000000009,883,913,30
-29992.499999999665,-21318.449999999735,1062,-1.0075811277959066,-0.14788210711351185,-1.0484988672878353,4,11,-48188.99999999977,883,914,31
-34002.450000000834,-23467.200000000237,1078,-1.150781814019907,0.1223042136027782,-1.3494449076073363,3,11,-50760.450000000885,883,915,32
-51173.699999999386,-22414.94999999986,1112,-1.6825519505383162,-0.48236534209678444,-1.6352386474140987,1,11,-68741.69999999949,883,916,33
-39607.05000000009,-15273.149999999936,1097,-1.1934254108917275,-0.35852016321733077,-1.1460174369295628,2,11,-64776.00000000006,883,917,34
-36887.69999999972,-18949.950000000026,1118,-1.0752908298153938,-0.2422912166776926,-1.06874792556303,3,11,-65111.69999999972,883,918,35
-59068.350000000064,-30929.850000000075,1144,-1.7734547580876343,-0.22573357001410393,-1.8627605675798007,1,11,-82202.84999999998,883,919,36
-39393.74999999964,-17160.449999999706,1064,-1.1934030193878489,0.1433184821066721,-1.391098422040521,2,11,-64584.74999999965,883,920,37
-22232.24999999936,-5626.049999999261,673,-1.4254081509560321,-0.7742531212923818,-1.201441316516252,1,11,-30286.19999999937,884,896,12
-24421.94999999999,-9078.899999999774,719,-1.3502164362456466,-0.7606937518803245,-1.141705314049763,1,11,-37737.44999999985,884,897,13
-25420.950000000128,-4608.149999999936,733,-1.4274908977618859,-1.0011408686549816,-1.122524198314166,2,11,-37451.399999999994,884,898,14
-15804.900000000624,5491.050000000189,774,-0.8359327916307814,-0.3130194528307075,-0.7779591873646415,3,11,-27587.400000000373,884,899,15
2637.750000000713,12735.750000000193,1019,0.11187893326065436,0.8604837604763242,-0.27821902350207633,5,11,-12635.249999999389,884,900,16
14346.300000000947,261.60000000074433,1177,0.5544731160296696,1.6775792274795078,-0.19078400443607701,6,11,1278.300000001036,884,901,17
10076.550000000341,-536.8499999999622,1125,0.4033346297279671,1.5262420432516703,-0.32000311794428377,6,11,-3312.8999999995576,884,902,18
8648.550000000494,-301.049999999439,1091,0.33942336576802806,1.6285194932170945,-0.4972391326924163,4,11,-3861.8999999995576,884,903,19
11972.099999999751,1176.7499999999745,1064,0.47433975827373953,2.0313305588066997,-0.5952477610671546,5,11,-1020.9000000001979,884,904,20
-16136.39999999961,-8219.849999999737,1101,-0.6557116532713282,0.7977553779954473,-1.2247516585975278,4,11,-28544.849999999627,884,905,21
-27061.35000000008,-17257.500000000167,1067,-1.1249245896252595,0.6155502505825524,-1.676618320177728,3,11,-38407.80000000005,884,906,22
-7506.899999999352,-9.149999999855936,1005,-0.3195799229826944,0.9640312255604461,-0.9590566994386355,4,11,-18692.849999999395,884,907,23
-19864.650000000212,-4610.099999999995,1002,-0.8538634390470959,0.9100065941436529,-1.5571311415714988,4,11,-30927.000000000233,884,908,24
-34276.049999999654,-17750.699999999957,1019,-1.3975397399703309,0.8258819425410421,-2.1538504680999417,4,11,-46996.49999999968,884,909,25
-21561.150000000285,-14688.29999999981,1019,-0.8779447348263506,1.1845714943048737,-1.774971603233626,4,11,-33821.10000000021,884,910,26
-29594.399999999932,-14722.950000000104,1051,-1.1917106750066053,-0.2000570637944699,-1.2557174752102218,4,11,-39248.39999999973,884,911,27
-28167.600000000006,-11828.250000000335,1038,-1.0648100886877923,-0.1159179586122933,-1.140749873681946,4,11,-42089.09999999998,884,912,28
-11552.850000000453,-11972.55000000076,991,-0.43353658462908035,0.7489858135428176,-0.9145544845230966,4,11,-26639.40000000043,884,913,29
-22639.349999999045,-14930.249999999389,995,-0.8254271210909087,-0.11737639348174007,-0.8658940046704418,5,11,-39619.349999999045,884,914,30
-16984.800000000054,-842.549999999711,1020,-0.5982612968703681,-0.44532735690580516,-0.44621591751639417,4,11,-35577.75,884,915,31
-37479.899999999056,-7059.149999999367,1065,-1.3022306156608572,-0.1615012592262529,-1.3672253049241692,4,11,-55520.8499999991,884,916,32
-27715.349999999446,-3730.649999999523,1045,-0.9181180256715827,-0.27569790963672897,-0.8841127129756118,4,11,-49639.799999999406,884,917,33
-46865.09999999938,-12862.199999999862,1061,-1.4891241407402098,-1.0263523032132924,-1.1711529807335443,3,11,-71531.0999999994,884,918,34
-39276.60000000024,-7403.400000000066,1074,-1.236847443838926,-0.8288024819563768,-0.9775758896511187,2,11,-64909.050000000105,884,919,35
-47003.24999999972,-12568.649999999696,1001,-1.5806627337623378,-0.5550012717871499,-1.4885256853274154,2,11,-68636.24999999959,884,920,36
-32064.749999999447,-11216.999999999258,724,-1.8063739207548013,-1.2075842172136482,-1.421066647250392,1,11,-43246.79999999939,885,896,11
-25284.74999999935,-9965.399999999268,760,-1.3235264507730717,-0.4676387436615903,-1.238851344225507,1,11,-39490.79999999929,885,897,12
-35092.19999999947,-16132.799999999497,751,-1.9195112404664678,-0.455543842267746,-1.9006443446858823,2,11,-47368.64999999938,885,898,13
-21520.499999999523,-2912.549999999176,815,-1.0761842254377911,-0.259601147456569,-1.0626263289366447,3,11,-33667.499999999476,885,899,14
-733.3499999988189,11688.000000000653,1036,-0.029504868031108532,0.46221389480819086,-0.22641706155692812,5,11,-16603.94999999873,885,900,15
34210.650000001,26835.150000000507,1233,1.2524066546544355,1.6991118644730077,0.6029607482002092,7,11,18514.050000001094,885,901,16
27518.850000000402,14683.95000000004,1163,1.0328399354942157,1.5229568495198322,0.3983230005154269,6,11,10419.750000000524,885,902,17
27861.60000000045,22060.650000000045,1163,0.9708574179543107,1.6004917555526266,0.3261173346127439,5,11,6705.000000000407,885,903,18
27699.300000000036,15728.40000000002,1166,1.0136172137824202,1.3896919780856818,0.42682361041923345,5,11,13380.450000000128,885,904,19
-5512.949999999624,4815.150000000049,1196,-0.20371767249471284,0.48715307636910904,-0.4837310476962865,3,11,-18277.799999999697,885,905,20
-2103.0000000001783,6772.94999999969,1190,-0.0797831769942679,-0.20638911071244948,0.020516634094340413,4,11,-13769.849999999977,885,906,21
-13459.649999999225,338.5500000003085,1140,-0.5270568900266069,0.2896193040346436,-0.7674674585084551,4,11,-24955.04999999923,885,907,22
-16622.849999999355,-5102.999999999527,1115,-0.6396447408116577,0.46350032923168843,-0.9799193479835505,4,11,-28839.44999999937,885,908,23
-13568.100000000079,7152.899999999731,1126,-0.49124596253256975,-0.0660587771898761,-0.5259107344374578,5,11,-28186.650000000023,885,909,24
-8362.949999999797,-10109.549999999592,1097,-0.3129421312817647,0.9967318743333957,-0.9505019561308939,3,11,-21439.799999999872,885,910,25
-14360.849999999653,-6037.350000000119,1114,-0.524353069707135,0.09136860641127019,-0.6452432869739055,4,11,-28549.349999999627,885,911,26
-35716.65000000015,-9755.400000000565,1093,-1.2427380856082437,-0.3416036460467284,-1.2174616274338004,2,11,-51242.25000000006,885,912,27
-21631.50000000075,-15236.100000000943,1051,-0.7697898179583454,0.3427819837379509,-1.0662210116905684,3,11,-37183.65000000055,885,913,28
-21886.949999998513,-8392.949999999168,1047,-0.7458387074183325,-0.13744186488937063,-0.7620282765757915,3,11,-41357.09999999846,885,914,29
-28990.35000000056,-7336.200000000312,1053,-1.0117334210037618,-0.6989521283081865,-0.7800291690697881,2,11,-45528.450000000594,885,915,30
-26074.049999999115,1768.8000000004076,1107,-0.8549516520850536,-0.6077868529581147,-0.6539935863309316,4,11,-42738.14999999909,885,916,31
-33942.29999999968,-6874.049999999757,1093,-1.084899648895426,-0.6762288191036441,-0.8813090046868455,3,11,-54435.2999999997,885,917,32
-40221.14999999966,-9479.250000000242,1096,-1.2489658553157255,-0.3537368995969349,-1.2138610008495945,3,11,-62677.7999999997,885,918,33
-45436.050000000534,-8650.650000000518,1094,-1.4004299378591165,-0.16315521543549144,-1.47597175113948,4,11,-68672.10000000062,885,919,34
-20395.4999999995,18717.900000000434,1048,-0.4855574321018573,-0.3196731573068143,-0.40223558634836065,3,11,-62018.69999999949,885,920,35
-29107.949999999353,-12567.449999999577,635,-2.186799639202277,-0.9143404155506502,-1.9884622246135195,1,11,-35734.94999999937,886,896,10
-45016.7999999993,-22043.099999999846,677,-2.945990518345282,-1.0692177707002481,-2.7539070789851987,1,11,-55154.849999999366,886,897,11
-34962.29999999995,-16594.050000000214,676,-2.4734840478758464,-0.9035596048160834,-2.3082311673992804,2,11,-41220.299999999974,886,898,12
-19908.600000000297,-8987.399999999852,752,-1.2125905038999325,0.10915376781205467,-1.4067413693043682,3,11,-29109.600000000224,886,899,13
-323.6999999998766,7509.000000000013,1023,-0.015649661978321083,0.6937790014272616,-0.32611740803649564,3,11,-11612.249999999942,886,900,14
19062.450000000284,9196.200000000073,1285,0.8251875904487556,1.903481962241789,-0.07601481244114515,6,11,8211.45000000042,886,901,15
13622.250000000195,3057.7499999998035,1236,0.6088449242112788,2.225299675656858,-0.600740991980253,5,11,4893.300000000221,886,902,16
7651.650000000236,5530.499999999827,1260,0.28897267707780033,0.9500580062957087,-0.16295708897893196,4,11,-7709.399999999616,886,903,17
-10143.449999999903,-9136.650000000012,1272,-0.3840251323851505,1.394881818857092,-1.1777672853114234,3,11,-23921.84999999992,886,904,18
-27056.549999999745,-10432.349999999939,1268,-1.0820784459941757,0.29416913142334894,-1.3870804674712003,3,11,-39186.44999999984,886,905,19
-5911.650000000369,424.6499999992484,1244,-0.22915668419063132,0.21612978177505163,-0.37179110539609284,3,11,-18203.550000000454,886,906,20
-6485.099999999642,464.8500000000531,1185,-0.24923503136060032,0.8627711171690724,-0.7321751522983501,3,11,-18447.599999999686,886,907,21
-39395.999999999935,-19133.099999999788,1162,-1.6094865476781328,0.26095929147982017,-1.9701219868092197,3,11,-49353.0,886,908,22
-33133.800000000134,-6806.700000000212,1119,-1.338667824275531,-0.16110208649065388,-1.4464282308313168,2,11,-44301.75000000003,886,909,23
-5710.349999999915,-7101.8999999995585,1119,-0.2287792818280758,0.9392882877674954,-0.8073627655111048,3,11,-16376.849999999802,886,910,24
-31913.54999999964,-15514.200000000084,1148,-1.268351091000575,-0.02582481363143122,-1.4322436832375338,3,11,-41291.549999999406,886,911,25
-46333.64999999965,-20729.400000000205,1122,-1.75281319013243,-0.09431400681092363,-1.9304538928553414,2,11,-57985.649999999674,886,912,26
-44965.65000000057,-18261.750000000753,1061,-1.8093997897177783,-0.07151013900027381,-2.0509910083459086,2,11,-55667.70000000045,886,913,27
-35065.49999999944,-13154.249999999647,1044,-1.3997259176969012,-0.23160016609558598,-1.465083014959499,3,11,-46783.49999999956,886,914,28
-43968.90000000045,-13141.349999999864,1084,-1.6823660555898778,-0.7635377097588849,-1.4993520940550222,3,11,-54891.90000000049,886,915,29
-46017.899999999085,-9284.699999999548,1138,-1.6345921108479968,-0.4461714025404268,-1.6062363746125397,3,11,-59118.89999999915,886,916,30
-51578.2499999993,-14715.749999999616,1121,-1.7833888901486452,-0.7505950944001459,-1.618274166530382,2,11,-67416.2999999994,886,917,31
-78232.4999999995,-32998.94999999988,1133,-2.6886628318890207,-0.8483094112060707,-2.5891047605305606,1,11,-94532.99999999953,886,918,32
-62622.60000000034,-21263.250000000215,1129,-2.184998969777811,-0.5867048704905985,-2.1578621630941783,2,11,-76340.10000000033,886,919,33
-67467.60000000005,-29770.79999999955,1076,-2.378953393768759,-0.6143951361299634,-2.3621496827973054,2,11,-80715.6000000001,886,920,34
-24687.599999999293,-9049.499999999493,594,-1.9168795414705841,-0.6250314424380847,-1.8215669584146812,1,11,-33299.09999999934,887,896,9
-28003.049999999675,-10046.849999999695,596,-2.105436477834537,-0.7369274531375465,-1.9814163801500975,2,11,-36934.049999999566,887,897,10
-31060.199999999404,-18272.24999999944,635,-2.0375641152860693,-0.3752830308253906,-2.030641426046359,3,11,-42662.69999999946,887,898,11
-11973.599999999928,-7657.949999999457,729,-0.6763168150861791,0.8181816933669142,-1.0876275102951365,4,11,-24117.599999999948,887,899,12
5331.599999999857,10683.749999999483,986,0.2364365033718745,0.7950275187432373,-0.045425947731803334,4,11,-9827.850000000151,887,900,13
28970.99999999955,26294.249999999287,1318,1.1220935453582415,2.02635919706132,0.3153968867398955,5,11,14348.999999999709,887,901,14
17270.400000000314,12646.499999999749,1274,0.6937189718827703,1.9756077892561275,-0.2009268771455329,6,11,980.4000000004307,887,902,15
18211.19999999998,15236.249999999838,1321,0.6752577698610324,0.7932500053743777,0.3564175830725264,6,11,2402.249999999942,887,903,16
2565.5999999994983,740.099999999893,1342,0.09539187034532529,1.1891508122781875,-0.5238837218452403,4,11,-9185.8500000005,887,904,17
-11280.600000000552,-2153.250000000342,1352,-0.41499041064876696,-0.3766076016515255,-0.27361206524486437,3,11,-22748.10000000056,887,905,18
-5313.900000000934,-85.80000000070231,1305,-0.1951714394463001,-0.21084520200269588,-0.1123314838051062,4,11,-16965.90000000113,887,906,19
-2451.5999999993883,1869.000000000262,1205,-0.09290989055429624,0.6476060513242319,-0.42750350354707706,4,11,-16008.59999999957,887,907,20
-21372.44999999912,-5469.449999998913,1170,-0.789356932857725,0.1242363740872438,-0.9299956897563556,4,11,-35032.9499999992,887,908,21
-23292.000000000015,-8945.09999999985,1168,-0.8558600229939483,-0.1501405368649096,-0.8768571678408035,3,11,-37468.49999999994,887,909,22
-9043.199999999246,-5312.2499999987085,1154,-0.34256504635408996,0.25701006649376895,-0.5075859662992679,5,11,-21206.24999999936,887,910,23
-6972.599999999375,2243.400000000436,1186,-0.25035999077041143,0.29008251278821984,-0.4248115677832606,5,11,-20976.59999999922,887,911,24
589.9500000000644,19790.249999999513,1147,0.019782831633511556,-0.43248977238199005,0.21739160413415218,4,11,-17714.549999999872,887,912,25
-26195.700000000164,-829.0500000005959,1104,-0.9398098237990166,-0.20075633628405307,-0.9528076754608091,3,11,-41629.20000000007,887,913,26
-28645.199999998367,-3040.649999998963,1086,-1.0145074080833463,-0.3788279997716414,-0.9429635171414613,4,11,-46447.19999999844,887,914,27
-46766.85000000031,-11841.299999999812,1128,-1.6521843155794567,-0.905701380671696,-1.3940375234611222,1,11,-61596.30000000022,887,915,28
-36798.899999999216,-3477.899999999455,1143,-1.2679378281937579,-0.2935589917831853,-1.2691477625525929,4,11,-51269.84999999922,887,916,29
-31828.94999999964,5512.200000000208,1145,-1.0413200245548035,-0.48412302293853554,-0.9229137260737097,4,11,-48766.94999999978,887,917,30
-31255.649999998914,6077.2500000006985,1143,-0.9995865772325124,-0.19019837404111192,-1.0118102966411282,3,11,-50081.09999999881,887,918,31
-36098.10000000016,3685.9499999999935,1144,-1.1755722839913791,-0.5946643250972203,-1.0193825423210383,3,11,-56069.55000000016,887,919,32
-39294.900000000205,-4202.249999999904,1119,-1.2886343219345207,-0.3367678153693329,-1.270228886932204,4,11,-56826.900000000256,887,920,33
-24233.39999999942,-13233.599999999757,620,-2.1782043434923652,0.2109253282023142,-2.7160380310476833,2,11,-32872.94999999937,888,896,8
-27187.34999999978,-16241.249999999942,623,-2.179466246356486,0.554873826886292,-2.902305991759523,3,11,-36243.89999999976,888,897,9
-31451.399999999427,-19373.849999999726,642,-2.4971548490715865,0.1841246027089829,-2.816303640894898,2,11,-38167.94999999947,888,898,10
-16286.399999999883,-12715.649999999385,710,-1.1387315825330357,1.109832014050858,-1.91407651496323,4,11,-24898.949999999866,888,899,11
-19577.400000000438,-17769.15000000016,1049,-0.9757763211054038,1.108919234331733,-1.5786064253751608,4,11,-30935.400000000314,888,900,12
6108.29999999921,-3862.2000000002718,1358,0.25700665747987544,1.61508769126379,-0.5278850108681499,5,11,-8143.200000000652,888,901,13
2409.0000000001637,-7863.900000000012,1304,0.10630537169926312,1.7362394881841845,-0.8314822355631221,5,11,-11444.999999999738,888,902,14
22904.84999999981,6258.599999999971,1323,0.9293130848044736,1.4457558328010405,0.2638847296831902,6,11,10042.349999999977,888,903,15
-11949.300000000974,-25375.05000000044,1334,-0.49237677801003005,1.4696182744080353,-1.4231277775044924,5,11,-21300.75000000099,888,904,16
-17817.150000000653,-25737.90000000038,1364,-0.7208840101473033,0.28850645818322523,-0.999830328055172,5,11,-28101.600000000617,888,905,17
-19939.95000000146,-22113.450000001252,1299,-0.8185983995664347,-0.3537804948386391,-0.7405709451032396,5,11,-30407.400000001246,888,906,18
-33178.20000000037,-29353.800000000017,1201,-1.3745986298576323,-3.905855837627369e-05,-1.5650414735190468,3,11,-42838.650000000314,888,907,19
-43330.349999999555,-30359.249999999163,1172,-1.8557468058640514,0.27911428042885006,-2.2442754925063055,3,11,-53194.79999999952,888,908,20
-49998.900000000256,-34427.09999999987,1151,-2.111786289010361,-0.05331887555819953,-2.3719422937483094,2,11,-59594.400000000256,888,909,21
-29249.699999999953,-22082.24999999925,1119,-1.261815906764274,-0.47290773539935965,-1.1780696030603581,4,11,-39526.199999999895,888,910,22
-40096.0499999996,-24139.649999999416,1152,-1.6108812285828968,-0.142232644109788,-1.7500244717163427,5,11,-51485.54999999958,888,911,23
-27275.70000000034,-10592.700000000194,1136,-1.0118944064704523,-0.33468678943599145,-0.9632553506109018,2,11,-41955.75000000023,888,912,24
-47397.450000000856,-27625.80000000044,1121,-1.8753255946468124,-0.41556372891312277,-1.9076470635700005,2,11,-59374.95000000068,888,913,25
-45112.64999999941,-26117.8499999992,1094,-1.811295591416951,-0.6582083654897046,-1.7064440163929548,2,11,-56451.14999999941,888,914,26
-64313.85000000053,-47040.14999999955,1134,-2.4553285927793533,-0.5223261645268163,-2.518796737371234,2,11,-78353.8500000005,888,915,27
-65437.04999999962,-36336.2999999992,1153,-2.3926463764357027,-0.32607377622477146,-2.5367269772931103,3,11,-79118.54999999952,888,916,28
-62810.24999999962,-29074.199999999495,1165,-2.1689453203922984,-0.4983618244369242,-2.179098822774838,2,11,-79062.74999999971,888,917,29
-53803.19999999954,-10475.849999999413,1187,-1.7518405302064033,-0.733568121235784,-1.5911208391993041,3,11,-72185.6999999996,888,918,30
-58152.3000000006,-25786.949999999593,1179,-1.9767831890235945,-0.580579236066108,-1.921435412693838,2,11,-75181.80000000057,888,919,31
-57710.850000000835,-20854.199999999815,1129,-1.9547174157342857,-0.47295653641982777,-1.9554297028416978,1,11,-73038.90000000078,888,920,32
-14697.599999999526,-2271.599999999574,548,-1.4570123733971136,-0.9252085725233644,-1.1447769647854225,3,11,-21559.649999999587,889,896,7
-16295.400000000118,-841.1999999999509,559,-1.5376803125444636,-1.074667865350758,-1.1653860154714202,1,11,-23445.45000000001,889,897,8
-11236.35000000097,6423.149999999442,607,-1.0353059505142634,-1.1251818050943687,-0.608426848559001,3,11,-18093.900000000926,889,898,9
-15659.25000000068,-201.9000000000715,700,-1.212658837820095,0.013520788218256379,-1.417956924286823,3,11,-23963.25000000064,889,899,10
-1605.6000000003423,1404.899999999725,994,-0.09020838798757176,0.5612064157280294,-0.37047771201181745,5,11,-11727.150000000373,889,900,11
11042.399999999892,2793.900000000285,1246,0.5273988761914576,1.2630100996172846,-0.07650718761581841,5,11,-1064.1000000001804,889,901,12
18595.950000000154,3985.6499999998523,1238,0.9496209261539007,1.86258357318663,-0.0037261522355419127,6,11,9786.000000000087,889,902,13
13352.099999999486,-556.9500000002081,1243,0.6139412099017669,1.2646000422029093,-0.05497723352490473,6,11,4106.099999999278,889,903,14
20483.69999999935,233.09999999951015,1259,0.913789815440253,1.703280077637145,0.0466401047205087,5,11,10547.249999999243,889,904,15
15390.450000000019,9299.250000000284,1254,0.6790106290523695,-0.30246834712221216,0.9480561863896326,6,11,4293.449999999895,889,905,16
15000.749999999225,8342.999999999283,1195,0.6732765295125906,0.12017931526787158,0.7114822027826336,5,11,3555.749999999098,889,906,17
4711.350000000537,3519.4500000004236,1149,0.20467108423651262,0.33428771923145534,0.04695447744504427,3,11,-8619.149999999558,889,907,18
-10459.649999999989,-987.2999999997164,1086,-0.47204322181525316,0.2041010431973641,-0.658676656551077,3,11,-21187.649999999965,889,908,19
-14470.200000000852,-4449.150000000728,1087,-0.6348137832246475,-0.039603640376295775,-0.7125968239752201,3,11,-25078.200000000885,889,909,20
8076.29999999957,1221.9000000002168,1047,0.34498048925749314,0.5258719834342046,0.09163589752633788,5,11,-3005.7000000005064,889,910,21
-16992.150000000933,3255.149999999341,1081,-0.7218327937722425,-0.560026178381857,-0.5155560367140911,3,11,-29002.650000001042,889,911,22
-24106.6500000009,-6453.900000000698,1071,-0.9697959926462251,-0.5219076750654922,-0.8194791996987499,3,11,-36028.650000000955,889,912,23
-28403.85000000096,-2405.250000000752,1001,-1.224850340890235,-0.46829249125396755,-1.1454126369463848,3,11,-40894.350000001024,889,913,24
-27696.149999999914,563.8500000002468,991,-1.2123527476911788,-0.7036142498921668,-0.9916776261088481,3,11,-40243.65000000005,889,914,25
-24918.450000001023,2241.7499999994325,1005,-1.0604910020683316,-0.4659889011123431,-0.9575279724762432,2,11,-37635.450000001,889,915,26
-21411.90000000014,3181.0500000000084,1051,-0.8634573243254785,-0.061343110053351135,-0.9669290265942416,4,11,-35547.90000000023,889,916,27
-28071.149999999463,-523.1999999997179,1049,-1.0747253732984339,-0.5207317137434304,-0.9400622567157947,3,11,-44570.699999999546,889,917,28
-50969.399999999485,-13196.999999999638,1083,-1.965784286583222,-0.7832469843071133,-1.8205280822977736,3,11,-64436.39999999956,889,918,29
-41965.65000000091,-5107.650000000183,1118,-1.6114810111383508,-0.979732818881574,-1.2942648103135908,3,11,-54647.100000000966,889,919,30
-44679.45000000151,-6592.500000000617,1086,-1.6625872119903309,-0.7381597747904768,-1.4925767475834593,3,11,-58167.450000001525,889,920,31
-12803.250000000082,-3770.249999999636,505,-1.1481359918028862,-0.672799536560508,-0.9631812471663661,4,11,-21387.30000000014,890,896,6
-15306.750000000437,-2443.9499999996638,523,-1.1582889648611034,-0.6179135340362802,-1.0001162515096707,2,11,-27648.750000000407,890,897,7
-28422.750000000495,-13132.649999999814,595,-2.0611505049084515,-0.9428226695955078,-1.8633836248018907,2,11,-39702.30000000051,890,898,8
-24010.950000000394,-11909.54999999936,738,-1.5874132398408667,-0.673828020314536,-1.440718881409438,1,11,-35091.00000000038,890,899,9
10967.249999999696,14267.550000000037,1009,0.502207081732767,0.7545017334681698,0.26366991251547933,5,11,-6349.200000000477,890,900,10
36484.94999999905,26958.45000000016,1275,1.4216763232708238,1.7169024804650244,0.8446944037575026,5,11,16438.49999999904,890,901,11
42635.84999999906,32251.49999999991,1235,1.6022296726896728,1.570936041266565,1.1104567306571365,6,11,16559.399999999267,890,902,12
53969.099999999715,44349.60000000065,1199,1.811955874160618,0.9750405250420945,1.566304666489522,7,11,25534.649999999674,890,903,13
41417.399999998335,26974.49999999951,1255,1.3483849140843496,1.5168445747570594,0.8644419659261935,7,11,11422.949999998324,890,904,14
22831.799999998977,22744.049999999843,1279,0.7383354876937077,0.1662326471519708,0.7263850604626191,5,11,-5830.650000000955,890,905,15
24815.549999998995,26107.049999999246,1216,0.8382986199841785,-0.11634537284940931,0.947304095252017,5,11,680.099999998929,890,906,16
20852.24999999932,30226.8000000002,1175,0.6504526670083681,-0.15305165178067473,0.7511951765629602,4,11,-12141.750000000582,890,907,17
11125.499999999993,17208.450000001012,1155,0.351818824401739,0.10918292008994386,0.3347696135305588,4,11,-20518.5,890,908,18
-9563.250000001086,3330.749999999658,1145,-0.2882685643304269,-0.1182402000460087,-0.2632210057627645,3,11,-42235.200000001,890,909,19
-2329.8000000003876,-1089.449999999281,1093,-0.0785940704169213,0.23430527603685233,-0.19258529576337452,4,11,-24735.300000000338,890,910,20
2397.4499999995896,16726.350000000126,1099,0.07405075837139347,-0.33394509456874477,0.2111035349562558,5,11,-29731.50000000029,890,911,21
3862.349999999436,19634.10000000007,1063,0.11956547595563416,-0.4161616331199631,0.29210555339219807,5,11,-26067.150000000605,890,912,22
-15119.250000001062,46.79999999964093,1006,-0.5635963067530558,0.0733688893803806,-0.6638760559037413,3,11,-31480.20000000106,890,913,23
-25709.99999999957,-4238.699999999024,986,-0.9610054967576922,-0.5767501969672164,-0.7864307281699724,3,11,-42955.949999999575,890,914,24
1334.5499999990097,28009.200000000266,1018,0.038720176499938204,-0.7281176894169631,0.3230506795540753,5,11,-32908.950000000885,890,915,25
2339.2499999998345,28750.500000000786,1079,0.062192603175874495,-0.6060332034806074,0.28646167551324747,6,11,-34649.70000000036,890,916,26
4061.4000000003125,29766.90000000069,1063,0.09959086759558945,-0.7449730530586628,0.35683673166160146,5,11,-36831.59999999963,890,917,27
14054.100000000433,43688.2500000009,1066,0.31747676245022793,-0.6297216650764851,0.52241430210406,5,11,-31013.399999999558,890,918,28
3253.199999999186,31422.150000000358,1079,0.08311554119821926,-0.5614799873071591,0.2841726594696815,4,11,-34556.2500000007,890,919,29
1638.749999999356,32926.350000000435,1045,0.04070087661056065,-0.34030729987112185,0.15831634366495248,5,11,-37838.250000000815,890,920,30
-20044.799999999967,-8643.000000000142,427,-2.220703855470844,-1.1177907197458146,-1.9249661336435908,2,11,-25909.050000000047,891,896,5
-19824.000000000564,-5803.3500000004815,456,-1.5040318429102193,-1.737099223576698,-0.9151716061061616,3,11,-32308.50000000059,891,897,6
-24202.950000000084,-8949.750000000044,507,-1.8271842783174577,-0.7625008821299575,-1.6691660777053168,2,11,-35106.000000000146,891,898,7
-28916.25000000033,-11636.549999999468,662,-1.9888878928998122,-1.2816706671370364,-1.5982476748186571,1,11,-38619.30000000032,891,899,8
19153.949999999862,25204.20000000002,1028,0.9204413292609488,0.28041033113934005,0.8774882410045192,6,11,3130.4999999998254,891,900,9
53638.49999999994,39887.7,1282,2.149174920802147,1.4241458947784,1.7408751846683452,7,11,34673.54999999993,891,901,10
58494.29999999949,45607.199999999604,1253,2.154352540313326,1.5911614122367037,1.6950737113649714,8,11,32482.79999999967,891,902,11
69292.6499999995,54666.30000000015,1247,2.3506455026854183,1.0447182733418443,2.1184079162662313,7,11,41702.69999999943,891,903,12
55561.049999998475,42611.09999999911,1262,1.825283332148572,1.540425001896386,1.3660208875385806,7,11,26691.59999999858,891,904,13
36615.89999999937,37286.699999999844,1244,1.2048933980764,0.1652702317947053,1.2254379179212205,5,11,8017.949999999488,891,905,14
18716.69999999818,21525.89999999841,1199,0.6198296613221228,-0.22952722269638978,0.7575838499256777,5,11,-8636.250000001804,891,906,15
17327.399999999674,25964.85000000002,1173,0.5459551673988358,0.26793187278783676,0.481732170156531,5,11,-14541.600000000268,891,907,16
1438.3500000000113,18575.55000000059,1125,0.045904406066902353,-0.4514104732429808,0.21957939757239903,5,11,-29113.649999999907,891,908,17
-2636.850000001188,13230.749999999238,1115,-0.07993956551429192,-0.14173619808138058,-0.031469444261267084,4,11,-36615.30000000115,891,909,18
2526.1499999993002,10907.250000000273,1066,0.07752370699319665,0.025707106565347897,0.07315690579193948,4,11,-29959.35000000085,891,910,19
-6646.350000000322,10745.249999999767,1075,-0.20805090256784933,-0.049834422507135094,-0.20376803274340805,5,11,-37650.30000000028,891,911,20
-12172.350000000755,11306.999999999429,1019,-0.376953935913287,-0.31352274899377003,-0.2830994727099909,5,11,-41060.85000000062,891,912,21
-12729.600000000995,6029.399999999316,947,-0.4304808410381954,0.1851448952590937,-0.545321753433708,4,11,-38528.55000000095,891,913,22
-23649.599999999467,5265.90000000054,938,-0.7629270621878068,-1.0073265905810993,-0.4101443256675696,3,11,-52685.09999999934,891,914,23
-26093.10000000096,14001.149999999547,958,-0.7752828523305197,-1.4627505817350706,-0.27624090208667124,3,11,-59335.05000000095,891,915,24
-6405.750000000181,20337.30000000023,1019,-0.17597990170090014,-0.5723128469257517,0.015660842682733492,4,11,-43744.20000000013,891,916,25
-10751.699999999664,23359.05000000012,1001,-0.266132061979289,-1.0962728087515028,0.09060790483929168,4,11,-52418.699999999546,891,917,26
-15985.650000000005,26619.600000000275,1033,-0.36925092275623633,-1.239692812616896,-0.00910352151692623,4,11,-61724.69999999978,891,918,27
-18632.25000000086,22527.44999999983,1047,-0.4888859394941648,-0.8168055463556254,-0.23208062961577783,4,11,-55892.2500000007,891,919,28
-19951.800000000396,25942.200000000306,1026,-0.5024005561260013,-1.3806037934681508,-0.059473219928961346,4,11,-59632.800000000396,891,920,29
-19981.34999999944,-6928.499999999602,517,-2.1238221275605325,-1.6593436319451556,-1.612109923043741,0,11,-27185.399999999398,892,896,4
-19203.6,-4043.250000000117,579,-1.4659577728558402,-2.240755783257348,-0.7456227842808176,0,11,-30185.699999999997,892,897,5
-11444.849999999427,2427.000000000483,618,-0.8296470507379518,-1.52588860248425,-0.3790869709607545,2,11,-22362.8999999995,892,898,6
437.6999999997852,8836.20000000063,777,0.028666242790055547,-0.8966247550382871,0.37031338580443424,4,11,-9919.800000000265,892,899,7
35404.64999999975,30482.09999999981,1132,1.7326221619735873,1.0458492694917643,1.4599067784667634,7,11,19417.649999999587,892,900,8
61794.59999999996,45582.00000000004,1357,2.536816005092299,1.5812744879879608,2.1100070341299535,7,11,42927.59999999983,892,901,9
70906.4999999994,47925.29999999922,1310,2.6406465987990435,1.809848556983403,2.1462862269936864,8,11,45731.999999999534,892,902,10
81838.50000000017,62491.3500000003,1315,2.8121656839676805,1.1552726163086209,2.572052695639954,8,11,55147.050000000105,892,903,11
76005.29999999984,51152.24999999979,1301,2.557507676960067,2.0999415867541287,1.9323947310301297,7,11,47800.79999999987,892,904,12
44032.80000000021,41975.550000000076,1311,1.4753552226821938,-0.32533817422570005,1.6960421135297956,5,11,15787.350000000151,892,905,13
23234.54999999966,21133.19999999948,1267,0.7954905954298147,0.16885394749583205,0.7885827610147589,5,11,-3453.450000000419,892,906,14
31925.400000000514,36232.650000000365,1208,1.0208088508813338,0.24718347077317399,0.9971127690049738,5,11,721.3500000006752,892,907,15
7477.350000000641,21525.75000000074,1165,0.2503468336748946,-0.23792401151622444,0.36021253130340797,5,11,-22376.69999999937,892,908,16
-2817.9000000002907,12892.349999999553,1163,-0.08817484115599751,0.28779583120982927,-0.2076239195577103,3,11,-33699.90000000014,892,909,17
18828.749999999894,19027.950000000576,1106,0.6014781336745416,0.9434593547575824,0.2680838996061329,5,11,-12988.800000000105,892,910,18
4782.7500000001355,21117.14999999997,1115,0.15799805160221997,-0.24693650230303438,0.26909110703983574,5,11,-25556.249999999825,892,911,19
6074.400000000411,24921.600000000384,1076,0.19613489259494749,-0.14710860013710014,0.2712320753851143,6,11,-22065.149999999616,892,912,20
8028.5999999991045,32904.89999999918,1035,0.27347949263458443,-0.4962633250101728,0.5148597003794646,4,11,-17186.400000000896,892,913,21
11967.300000001002,36031.35000000079,1021,0.3941713210334913,-0.6531779980662957,0.7066896243615651,5,11,-15250.199999998906,892,914,22
4644.599999999349,25373.699999999895,1048,0.13802819590995946,-0.5839207552882387,0.37061237666278884,4,11,-28714.350000000675,892,915,23
15593.40000000006,45546.74999999997,1060,0.4245033590546679,-0.3083956755949941,0.5623113298072736,5,11,-20385.59999999992,892,916,24
15628.65000000067,49822.50000000033,1071,0.38923217315154085,-0.8099250628902352,0.6737254945350301,4,11,-24528.899999999092,892,917,25
15723.150000000476,54235.05000000005,1094,0.3655225662708036,-0.9886800379038824,0.6886916003412387,4,11,-28274.399999999616,892,918,26
6966.749999999396,49747.500000000044,1122,0.18564582619132583,-0.9750533538174061,0.5506447011393862,4,11,-28619.250000000407,892,919,27
11239.349999999811,52625.850000000166,1094,0.28826867794254984,-0.8914892664046562,0.6161040019597638,5,11,-26932.200000000128,892,920,28
-6381.899999999101,-1055.9999999993406,460,-0.7035907925367717,-1.526307340697453,-0.2748250029506131,2,10,-13330.94999999916,893,896,3
-5829.000000000011,3859.19999999989,533,-0.49599169641285434,-2.2728369791026024,0.10324057500024371,2,11,-17334.60000000005,893,897,4
3068.700000001041,13073.550000000982,626,0.19982063096001257,-1.8686170568741909,0.6415154063115646,3,11,-13185.899999999034,893,898,5
8002.649999999847,17303.850000000406,782,0.4947936324655914,-1.294211757015049,0.9286757572132244,4,11,-6304.050000000119,893,899,6
49374.90000000029,50680.7999999998,1132,2.583637496339604,0.7801302843795435,2.4673160383631023,7,11,35382.30000000034,893,900,7
72550.95000000026,63459.300000000614,1386,3.170293202149837,1.0907004302560204,2.9836915903484043,6,11,55370.85000000018,893,901,8
80806.80000000008,66581.54999999955,1315,3.1918390664682246,1.5180705519860105,2.842117237852697,6,11,56037.15000000011,893,902,9
89479.49999999959,79448.25000000006,1285,3.266516233015109,1.0589550158690337,3.1001500303965104,7,11,63665.39999999959,893,903,10
81574.64999999976,66487.65,1318,2.9139853087985355,1.65928656965181,2.480110649895277,6,11,54237.14999999973,893,904,11
63913.1999999992,64765.79999999977,1320,2.266563859396679,0.4899217218152883,2.2429721303930674,5,11,37515.74999999913,893,905,12
49453.79999999935,49390.499999999316,1250,1.7445194372501382,0.41137759441823035,1.7155546672642001,5,11,23632.79999999929,893,906,13
24814.95000000066,36883.80000000057,1205,0.8256737110992025,0.5335521682009176,0.6794587732970014,5,11,-5522.09999999922,893,907,14
13523.850000001115,27796.05000000136,1147,0.4615273170598481,0.4122427443019157,0.33855256772801023,5,11,-15463.199999998964,893,908,15
23318.99999999997,36522.000000000255,1160,0.7336761891065252,0.3184157932678873,0.6641774076253636,5,11,-7866.000000000058,893,909,16
17978.40000000068,24372.15000000141,1139,0.566714427831433,0.18627217771055207,0.5353517074272268,5,11,-12972.149999999441,893,910,17
14646.450000000148,27136.950000000466,1091,0.49002573630799573,-0.16538870587551083,0.5888914781782132,5,11,-14825.549999999814,893,911,18
1927.5000000005894,30042.60000000087,1064,0.06403877882839627,-0.8482974516891529,0.39212308710714416,5,11,-25345.049999999435,893,912,19
4054.199999999557,29385.899999999543,996,0.1411751361612932,-0.566737000986364,0.3930880496684907,5,10,-19954.800000000454,893,913,20
-3736.499999999186,23871.45000000082,992,-0.12362063117814776,-0.9881093440905272,0.25898362698526606,5,11,-31530.149999999092,893,914,21
3915.899999999796,33912.00000000027,1023,0.11733469220697759,-1.2728697148277568,0.5906181659010866,4,11,-27670.65000000014,893,915,22
7258.9500000002945,41757.0000000002,1071,0.19783758661177872,-0.44695630972458406,0.36493671669557404,5,11,-27286.049999999756,893,916,23
23877.45000000093,51440.400000000904,1037,0.6000972262029907,-0.5891375002608856,0.8205296650897476,5,11,-15263.099999999045,893,917,24
7635.150000000456,46862.25000000037,1080,0.1771136766625394,-1.3925020980570868,0.6077654415057689,4,11,-36113.399999999616,893,918,25
6967.199999999861,42610.65000000043,1126,0.18273333621737384,-0.7140638802706998,0.444333004783106,4,11,-29606.40000000008,893,919,26
-5593.0500000000175,39829.20000000038,1066,-0.1428085168156567,-1.15053215639708,0.2446276756921927,3,11,-43023.75000000012,893,920,27
-7138.799999998948,-768.4499999991804,427,-1.0070637314183624,-2.4888257269197083,-0.2299754032605017,1,9,-12173.699999998942,894,896,2
-12446.549999999737,-3899.249999999769,526,-1.0823351278930369,-2.9693714762990933,-0.2975023306511183,1,11,-22061.099999999642,894,897,3
405.75000000067394,4827.450000000564,601,0.03226744022746418,-1.0977133371300707,0.30560260358220603,3,11,-8184.299999999304,894,898,4
-690.8999999999032,8466.150000000687,700,-0.04588497468848903,-1.5779694276467513,0.4045444697025475,3,11,-12462.449999999895,894,899,5
40827.15000000052,49579.80000000003,1046,2.3152614429101,-0.1318753589685737,2.4744533176235897,5,11,29263.650000000314,894,900,6
68589.15000000037,61516.35000000019,1390,3.136820031183492,1.0674917580430476,2.957516605989184,6,11,53937.15000000034,894,901,7
55097.699999999844,45731.69999999911,1343,2.3959038793179745,1.3443140555563144,2.0347016196414875,6,11,36119.54999999984,894,902,8
73777.05000000037,67373.85000000015,1351,2.8567132996602354,0.7421011739284419,2.7925162988383794,6,11,53299.9500000003,894,903,9
65340.4499999995,48547.04999999938,1358,2.473835772309209,1.6473926823037115,1.984128476786977,6,11,43456.949999999546,894,904,10
46049.99999999932,46677.4499999995,1335,1.7716664854008246,0.33602730519780555,1.7858800509652748,5,11,24184.49999999936,894,905,11
28158.599999999777,27179.699999999608,1282,1.0540291791679186,0.2536875459666767,1.03930517747814,5,11,5585.099999999802,894,906,12
4432.5000000005,16230.300000000469,1202,0.16797635886894347,0.6902466014714054,-0.1230459597277696,4,11,-16556.999999999534,894,907,13
-691.9500000001344,8250.900000000558,1123,-0.0279082773454557,-0.0013633429740861334,-0.030005348826186246,4,11,-19227.000000000087,894,908,14
-637.8000000000393,9988.50000000015,1138,-0.023637481446808176,0.39595984439324006,-0.20487982595219945,4,11,-21972.29999999999,894,909,15
-6245.849999999653,-3335.5499999989024,1101,-0.24818833441111965,-0.12794534381449088,-0.2145111624993585,4,11,-25112.849999999744,894,910,16
-11209.05000000011,12578.55000000008,1073,-0.4589786231596264,-0.5847512868807825,-0.2291764900863894,4,11,-29479.050000000047,894,911,17
-12672.750000000391,1594.5000000000523,1035,-0.530722792804577,-0.43995512644319057,-0.3726539518911654,3,11,-27990.75000000032,894,912,18
-23887.950000000674,-597.9000000004598,965,-1.0666571227716446,-0.6951831087972449,-0.8342930725724518,3,11,-37492.950000000856,894,913,19
-23619.600000000457,-2153.70000000005,961,-1.0513625032848994,-0.7217882230033668,-0.8018357730861033,4,11,-36282.6000000005,894,914,20
-13552.800000000725,15237.599999999853,997,-0.5580219468119366,-1.0647898068959323,-0.08576955967860032,4,11,-28698.300000000745,894,915,21
-7798.95000000052,16119.149999999558,1026,-0.3083265861003335,-0.3917178211317183,-0.14449411564733405,4,11,-23050.950000000594,894,916,22
-18760.349999999366,11498.250000000502,1000,-0.7370961249086526,-0.4942188000362183,-0.5755065275982559,3,11,-35761.349999999424,894,917,23
-25482.90000000005,2871.7500000002633,1013,-1.0058462719659202,-0.7854974386693608,-0.7234119491470763,3,11,-40847.40000000008,894,918,24
-29487.450000000787,1309.9499999999766,1045,-1.1795525426889886,-0.23272245147883452,-1.218984773664095,3,11,-44284.95000000068,894,919,25
-40914.30000000043,-2767.9499999996624,992,-1.633262370995134,-1.0810355112052379,-1.269879311197658,3,11,-55134.30000000048,894,920,26
-8756.249999999665,-7567.349999999661,180,-1.9665759411244295,-0.5518599300323394,-1.9052884161528876,0,4,-10775.24999999969,895,896,1
-562.2000000001667,2321.0999999998558,315,-0.05816501993309737,-1.1544762149865224,0.25413499085594654,1,7,-9175.200000000194,895,897,2
5708.100000000711,9591.75000000043,410,0.49837721273412217,-2.471830646658462,1.0135618006034017,1,9,-3720.899999999252,895,898,3
2289.2999999989934,6087.299999999318,524,0.17594833363583756,-1.5824960815203988,0.594730943479154,2,10,-8381.700000000943,895,899,4
35545.649999999965,39411.8999999994,914,2.277688069184687,-0.10417582676920224,2.4221721689749276,5,11,25030.649999999732,895,900,5
62502.60000000038,55047.15000000049,1316,3.1500534277167587,1.0928297319606513,2.961704595477853,7,11,50041.650000000256,895,901,6
51586.799999999734,45265.49999999897,1254,2.4962530481184957,0.9090052001407094,2.329349852313578,7,11,35627.84999999986,895,902,7
69395.7000000006,57043.0500000004,1277,3.0236377506934224,0.8881662613849932,2.924094213632272,6,11,53145.7500000007,895,903,8
60527.699999999415,49421.39999999921,1282,2.5143941023182306,0.9630642839804125,2.325915095043092,6,11,42215.249999999505,895,904,9
52819.94999999934,42607.799999999304,1276,2.212803584896633,1.0500621986454772,1.9555841405557,5,11,34525.49999999939,895,905,10
14813.099999999402,15218.699999998855,1214,0.6267318481696487,-0.18872200512367177,0.7699174144404128,5,11,-2588.850000000588,895,906,11
17477.100000000726,21511.80000000028,1144,0.673574884452223,0.238476380837633,0.6300802384780639,6,11,-5014.349999999336,895,907,12
-720.2999999995131,8866.800000000405,1096,-0.030263415844296586,-0.19546457026293484,0.05569066140958974,5,11,-17187.74999999971,895,908,13
-2309.550000000325,-472.05000000034215,1129,-0.094916346730023,0.316021254267509,-0.26229273824043803,4,11,-18919.50000000032,895,909,14
-6823.3499999998985,-4421.999999999658,1085,-0.2998000495491201,0.1612715580922395,-0.415979745045219,3,11,-20652.300000000047,895,910,15
-4856.849999999753,15212.70000000019,1058,-0.20926827990405147,-0.6619741940585999,0.08400363604349022,5,11,-21744.299999999726,895,911,16
-15402.899999999618,12229.800000000332,1002,-0.6830161242099189,-1.3093866656325748,-0.1271411346255094,4,11,-29454.899999999674,895,912,17
-13162.80000000022,6515.249999999436,924,-0.6098024507103809,-0.6924286823007844,-0.3173303046768436,4,11,-24634.35000000015,895,913,18
-10591.79999999943,7493.100000000273,916,-0.4930266637759371,-0.7826640858255236,-0.128260150551642,3,11,-20613.299999999406,895,914,19
-24212.85000000051,-159.30000000040673,968,-1.0595648898479417,-0.7737633415588395,-0.7885545628770884,4,11,-34748.85000000047,895,915,20
-19181.849999999904,6505.649999999579,1019,-0.7766584730954602,-1.0453593682791777,-0.33527954299939966,3,11,-33304.3499999998,895,916,21
-23851.349999999125,7952.850000000345,977,-0.9604822525177344,-1.156832002769798,-0.4964789513110829,4,11,-39429.89999999909,895,917,22
-30652.649999999485,-967.0499999997451,1007,-1.2395837864920518,-0.8567299513754538,-0.9517538335277663,3,11,-44602.64999999938,895,918,23
-21847.650000000376,11984.699999999983,1018,-0.8944801532775332,-0.5780214865115396,-0.7066134441733701,2,11,-35998.65000000037,895,919,24
-27554.84999999985,1752.9000000001897,965,-1.1174066971374719,-0.8883843869738556,-0.7949851265760289,2,11,-42422.84999999986,895,920,25
-2313.150000000577,-1559.5500000005995,152,-0.3844074785818815,-2.0824430844454693,0.17707707119028587,1,3,-7665.150000000636,896,897,1
2422.800000000994,6099.900000000691,269,0.29376564542932876,-3.1713983595526214,0.8450128408300027,2,7,-4171.19999999916,896,898,2
-10556.700000000004,-4511.549999999603,448,-1.0782708383442885,-2.145864821975728,-0.512335880828284,0,10,-18647.69999999996,896,899,3
29764.650000000416,30747.300000000174,1007,2.3040691300112903,0.227987716537524,2.365014015738453,6,11,21468.600000000297,896,900,4
54677.40000000073,41476.9500000006,1302,3.08560203529098,1.0616584847853083,2.908001002549433,7,11,43518.450000000594,896,901,5
47086.50000000009,34468.34999999922,1282,2.5299800754560025,0.3801639270460284,2.6278000253522866,7,11,32849.550000000134,896,902,6
69318.90000000075,50468.55000000042,1266,3.228432237783185,0.5819752348340018,3.294598964488576,6,11,53463.00000000055,896,903,7
56676.45000000028,36547.4999999999,1264,2.511405334210293,1.2105153468076952,2.2089778720150157,7,11,38659.50000000023,896,904,8
38066.849999999664,31733.699999999448,1228,1.7043110760059361,0.30188201603825393,1.7394837483413834,5,11,20067.899999999558,896,905,9
18738.149999999347,17070.299999999064,1156,0.8167257419923064,-0.35519371778935216,1.0628916899121483,4,11,31.199999999225838,896,906,10
4630.200000000188,10554.150000000092,1121,0.18954940810462167,0.13604617545095637,0.14719297270172213,4,11,-16233.749999999913,896,907,11
21116.10000000024,23310.000000000437,1037,0.9159817476213389,-0.15453807314084284,1.0725998325689616,6,11,2433.1500000000815,896,908,12
9072.150000000429,12565.500000000266,1069,0.3823671672755461,0.5655432182270421,0.14211097245313298,5,11,-8295.74999999965,896,909,13
2924.700000000265,8432.400000000915,1013,0.1298153332467649,-0.34751020031972857,0.3109471303664813,6,11,-13280.249999999884,896,910,14
-4922.249999999369,11154.900000000169,1020,-0.20731196741278074,-0.5450160054104393,0.022943652698928164,5,11,-21712.64999999944,896,911,15
-4991.399999999621,17421.00000000016,1000,-0.21347632187869867,-1.3003374664115697,0.37166638751350917,4,11,-21893.849999999715,896,912,16
-13951.6500000003,3404.249999999536,972,-0.6247084451063649,-0.6766371951404715,-0.34771959822183096,4,11,-27579.600000000355,896,913,17
-11978.999999999141,3909.600000000578,957,-0.5510215047240641,-0.8691471966656907,-0.16098801027740656,3,11,-24063.44999999914,896,914,18
-8980.650000000358,7750.199999999821,984,-0.38247884533771215,-1.263091662719022,0.2042292039996889,4,11,-23185.6500000004,896,915,19
-4726.949999999973,13910.699999999393,1007,-0.18956020831426404,-1.0636890359544227,0.3164127141039677,6,11,-19306.949999999895,896,916,20
-3736.1999999990912,20701.950000000317,992,-0.14678088012180282,-1.3222213820347892,0.45784407937817057,6,11,-21168.14999999921,896,917,21
-15036.449999999004,9113.100000000299,1016,-0.5936304418007143,-0.9459435977101021,-0.1975241355642607,5,11,-30831.899999999063,896,918,22
-26892.300000000003,7944.749999999992,1027,-1.082830401199712,-0.8190485409326557,-0.7962562803425757,2,11,-42120.74999999991,896,919,23
-28696.19999999972,8141.400000000402,955,-1.1362994167939608,-1.619470926303791,-0.4435170127970601,3,11,-43525.19999999975,896,920,24
-398.69999999991614,642.6000000001738,144,-0.07407064552251774,-0.3302453714960625,0.05274341386132834,2,5,-4583.700000000015,897,898,1
-15017.39999999982,-10788.59999999947,396,-1.899161868374783,-2.5908169041211315,-1.4114858218687252,0,8,-20061.899999999714,897,899,2
25153.04999999999,28827.149999999325,1001,2.0362026064704977,-0.47863335544753105,2.3650979946386386,4,10,18005.549999999886,897,900,3
52622.55000000038,33368.85000000046,1264,3.206998685577062,3.0178766975727767,2.1460499505560384,7,11,44374.05000000025,897,901,4
40364.549999999464,29036.399999999245,1241,2.290952958800051,1.3111209415093412,1.9080914230391148,7,11,30214.049999999435,897,902,5
66259.34999999995,45449.24999999992,1239,3.38245087075051,1.282579353531472,3.143036113587677,7,11,53888.84999999989,897,903,6
45753.44999999966,28096.799999999774,1193,2.3445535469653556,1.6613204888215958,1.7741381699362184,5,11,33357.449999999604,897,904,7
29071.049999999475,24037.949999999866,1168,1.4308600542146177,0.601074368766051,1.299772196536104,5,11,15796.049999999494,897,905,8
14829.599999999216,13525.199999999117,1120,0.7518256114836047,-0.14652807420960198,0.9418896992341688,4,11,2306.09999999922,897,906,9
-77.39999999963311,8834.250000000113,1059,-0.0038563081190236682,0.17747397976639984,-0.10380005385889017,4,11,-12174.899999999732,897,907,10
-1377.1499999997184,7397.400000000361,999,-0.06659016093372293,-0.08881307264019138,-0.02685737298431839,4,11,-14188.649999999674,897,908,11
-14966.100000000502,-5519.700000000622,1014,-0.6892982800402201,0.42054653201425385,-1.036662660967863,4,11,-29420.10000000053,897,909,12
-18324.150000000413,-9481.499999999567,966,-0.8709659601011644,-0.24776019342741595,-0.8634861286877371,3,11,-29810.700000000477,897,910,13
-26097.150000000318,-10141.50000000024,975,-1.2403944197311554,-0.42438206407949064,-1.1755490304919756,4,11,-37735.650000000314,897,911,14
-29452.35000000051,-12097.350000000406,940,-1.3634278596489506,-0.40167649711777276,-1.3236305132329291,4,10,-41713.35000000053,897,912,15
-19450.200000000557,-3083.100000000644,910,-0.9279741406232115,-0.7486938365574649,-0.654030065793426,3,11,-31793.700000000506,897,913,16
-19070.100000000115,-1403.0999999999804,908,-0.9089387336323806,-0.8426430974345894,-0.5764242517696249,4,11,-30018.60000000018,897,914,17
-19208.550000000076,-1025.0999999999594,927,-0.8903569031567212,-0.9501907702378132,-0.5004036684535909,3,11,-30688.050000000076,897,915,18
-23761.499999999996,1115.0999999996347,943,-1.0519693716463514,-0.9192121257558434,-0.6970494490316046,4,11,-36761.99999999997,897,916,19
-19426.649999999456,3786.7500000001514,933,-0.8196178998010982,-0.8595747808551026,-0.4692962669558166,5,11,-35565.1499999995,897,917,20
-23980.199999999542,-3758.9999999998213,954,-1.0179961877681416,-0.7925375582526957,-0.7314691249045485,3,11,-38761.6499999995,897,918,21
-32586.75000000061,-5436.300000000011,976,-1.3949224918214747,-0.7189087554397491,-1.1969181373049065,3,11,-46521.750000000466,897,919,22
-32887.65000000058,-9779.999999999998,933,-1.3739595857035785,-0.8857521243917419,-1.0822959015855786,2,11,-46612.65000000069,897,920,23
-9988.649999999943,-6957.299999999944,289,-2.231078467072041,-0.13429991816337541,-2.5011122736332965,2,9,-12124.65000000006,898,899,1
23407.950000000903,23229.00000000059,906,2.5675131136237157,-0.18358670745254765,2.83174723347368,6,9,19007.400000000824,898,900,2
40651.95000000161,26071.200000001216,1261,2.7704708532593507,2.1126346513395995,2.0262662856203626,8,11,34808.400000001595,898,901,3
27235.950000000877,20766.750000000236,1253,1.7358152943013159,1.3339811163363398,1.2458348701631965,5,11,20394.00000000093,898,902,4
49698.60000000135,33897.90000000103,1222,2.8342180221970246,1.2731593422906373,2.540282450662646,4,11,41921.10000000126,898,903,5
34996.95000000073,23220.000000000524,1189,1.9662592769602432,1.2366239903269194,1.5494754241835254,4,11,26815.500000000786,898,904,6
19322.550000001138,18497.250000000913,1142,1.0503486182147435,0.21379530616451878,1.0942760357235233,4,11,11369.550000001182,898,905,7
3358.8000000002476,5266.199999999774,1090,0.1779552784333676,-0.2757791280233406,0.37094975752409715,4,11,-5732.699999999575,898,906,8
-3008.699999998824,760.6500000006063,1049,-0.1580359123258892,0.049829103476007684,-0.21283408225217532,4,11,-13090.64999999883,898,907,9
-384.8999999988623,6373.6500000008455,1024,-0.019098050740070992,-0.1338511065190538,0.053869623811803984,4,10,-12143.399999998685,898,908,10
-14717.999999999325,277.2000000000103,1042,-0.6927508851546174,-0.25143427334661567,-0.6559555921611615,3,10,-26460.44999999937,898,909,11
-20294.24999999903,-7066.049999999078,983,-0.977469058966889,-0.06820237814135194,-1.1008477984723297,3,11,-30759.749999999098,898,910,12
-26124.149999999514,-10159.500000000133,969,-1.2705993177698403,-0.23084604406933962,-1.314139620268028,3,11,-37024.64999999959,898,911,13
-19494.149999999234,-5567.399999999624,931,-0.9320853208218374,-0.26486600292780793,-0.9153417861584349,4,10,-30916.64999999915,898,912,14
-16458.449999999495,-7376.549999999957,875,-0.8077694901531192,-0.01694263268647659,-0.9174302785699625,3,10,-27594.44999999943,898,913,15
-29397.29999999904,-12617.999999999534,878,-1.4646866624097783,-1.0309387622387964,-1.0954227598492383,1,11,-39138.29999999906,898,914,16
-29857.649999999438,-13732.199999999622,897,-1.4212593953599357,-0.552537730701722,-1.3182715939000873,2,11,-40270.649999999325,898,915,17
-38758.4999999993,-8618.99999999969,914,-1.7915265925606925,-1.4990306333769394,-1.2073011579965915,1,11,-50660.99999999924,898,916,18
-31237.949999998422,-8316.749999999167,909,-1.3736245289928855,-0.6811800156501591,-1.1928156342188314,1,11,-46302.44999999844,898,917,19
-35446.0499999984,-15068.849999999024,946,-1.5283390936299939,-0.5034195420274411,-1.4654337450853157,1,11,-49193.54999999836,898,918,20
-24240.149999999256,-6668.8499999993,974,-1.0427304725537858,-0.5443810351739133,-0.8901582621418299,3,10,-37132.64999999921,898,919,21
-32428.199999999848,-7442.699999999566,909,-1.3868359621725275,-0.8140902882542775,-1.1314127248616104,3,10,-45135.14999999988,898,920,22
18630.749999999498,25076.54999999926,685,2.7089485138184077,-2.7961891359625386,3.8217521221386312,2,10,13128.749999999432,899,900,1
36371.549999999246,28310.699999999033,1216,2.7203175538039237,1.9030709518206164,2.098941515391284,7,11,29645.099999999133,899,901,2
34320.74999999882,30084.299999998253,1139,2.136386249470041,0.4462814416965775,2.150504029040288,5,11,22323.749999998865,899,902,3
46678.94999999917,37901.24999999942,1137,2.599839501267911,0.9894162981403493,2.4148505105385025,5,10,34645.94999999914,899,903,4
31121.99999999927,27001.799999999428,1117,1.6473876373717993,0.4369442031097643,1.6163503979626805,4,11,17387.549999999203,899,904,5
14509.049999999344,13219.799999999614,1054,0.7750107043113852,0.6766216540874798,0.5215580818709313,4,11,2091.599999999278,899,905,6
2618.849999999263,-815.1000000007502,996,0.15390532985691194,0.865049327146286,-0.3474660898242275,5,11,-4461.150000000722,899,906,7
-6423.299999999619,-7013.549999999848,950,-0.36139179927304316,0.5272218832766434,-0.7239866710085083,4,11,-14832.299999999697,899,907,8
-18448.94999999975,-6642.599999999828,921,-0.996104835207312,-0.5283867010197042,-0.845903369635982,3,10,-28182.44999999972,899,908,9
-40793.099999999904,-13388.700000000048,981,-2.0806552188143526,-0.8854400217694088,-1.890270239233854,2,10,-50813.100000000064,899,909,10
-34299.74999999937,-13638.149999999154,949,-1.7789501332944835,-0.752678668969212,-1.6224481490697702,2,11,-44071.79999999935,899,910,11
-30010.049999999934,-13417.20000000028,953,-1.542902760879848,-0.8883693701162085,-1.277045120746167,2,11,-39583.04999999999,899,911,12
-44779.499999999876,-24848.250000000175,930,-2.1598451944969312,-1.3374021295522927,-1.747366410866355,2,10,-55730.99999999988,899,912,13
-32825.250000000895,-11868.30000000088,871,-1.6643223514860863,-1.1601711594640467,-1.267740684622826,0,11,-43649.25000000087,899,913,14
-41817.59999999935,-18215.999999999876,881,-2.073967179466719,-0.8619367194303902,-1.8940912457185495,1,11,-51024.599999999395,899,914,15
-50733.15000000049,-28809.450000000284,927,-2.3554159440601774,-0.8925126952738973,-2.192512070749216,1,11,-60969.15000000046,899,915,16
-19877.84999999999,6412.349999999753,962,-0.6177578582299851,-1.1279551317144516,-0.26043623650239706,3,11,-50983.80000000005,899,916,17
-32381.999999999774,-3708.449999999795,961,-0.8951575996639138,-1.16557477444109,-0.5867950724729876,1,11,-69722.9999999998,899,917,18
-18740.8499999997,10723.350000000106,981,-0.46450767592097625,-0.7381547150252087,-0.27598754485909754,3,11,-61220.8499999996,899,918,19
-30291.90000000059,2156.0999999995365,962,-0.8886994775783008,-1.0489019257536834,-0.5926658158522559,2,10,-63613.35000000053,899,919,20
-27599.850000000373,3025.9500000001935,886,-0.7826930915069933,-0.9126018786956563,-0.5339496423835772,3,10,-62548.3500000005,899,920,21
-11745.449999999852,-7515.599999999837,762,-1.34825722834852,-0.03249319088553613,-1.5623822600744743,2,11,-15054.899999999878,900,901,1
-5753.700000000616,-4226.100000000877,786,-0.47993543444242764,0.30040016772462014,-0.7394589264433263,4,11,-13279.650000000664,900,902,2
6635.849999998969,10029.299999999725,818,0.402798863398951,-0.1122059224321003,0.5035584239832589,4,11,-7818.600000001228,900,903,3
-2784.300000000837,-5322.300000000712,838,-0.16485073390372448,0.6822947565895316,-0.5361569059370512,4,11,-16574.250000000844,900,904,4
-10187.250000000993,-1455.7500000004864,800,-0.6093474120389043,-0.13435960540863234,-0.6195240607737112,3,11,-23959.20000000103,900,905,5
-12411.600000001094,-8599.200000000787,736,-0.9101087642080713,0.1987863900764851,-1.2694808872140766,3,11,-18245.250000001048,900,906,6
-31252.35000000042,-21865.950000000434,697,-2.0759792517559132,0.6475862885354952,-2.9827625885100737,2,11,-40238.250000000495,900,907,7
-38162.250000000655,-20618.85000000026,649,-2.558638944382391,-0.9640517982551764,-2.4246556445481997,2,11,-46255.200000000696,900,908,8
-48622.05000000069,-26770.800000000312,694,-2.7748600045215515,-0.40329558211862704,-3.0379694218683686,1,11,-61786.5000000007,900,909,9
-42470.85000000106,-20340.60000000021,660,-2.692021775470158,-0.4301352197195452,-2.922067159777623,1,11,-52029.750000001266,900,910,10
-41395.50000000052,-16191.899999999961,645,-2.7749896608656024,-1.3367286410027814,-2.440862746054853,1,10,-48513.90000000053,900,911,11
-46525.50000000056,-22775.400000000172,602,-3.10943084464597,-1.6923968906138973,-2.6122265803104137,0,10,-53416.50000000045,900,912,12
-31420.350000001057,-9730.800000000365,559,-2.1420937632815193,-1.601769972943235,-1.4981921056380285,2,11,-38728.800000000934,900,913,13
-41516.70000000011,-11110.499999999787,537,-3.061128167978678,-1.3933638896785963,-2.7827872057723875,0,10,-47845.65000000017,900,914,14
-57447.45000000137,-28495.950000000645,612,-3.6800373980429795,-1.3471579000554617,-3.538351778586801,0,11,-64478.40000000132,900,915,15
-63224.700000000994,-32011.35000000062,684,-3.4686592604244484,-1.359510545490045,-3.229181568286152,1,11,-71829.60000000088,900,916,16
-69765.30000000047,-39750.9,707,-3.429620802599422,-1.0534233887370257,-3.3248762694308196,1,11,-82835.85000000056,900,917,17
-67993.950000001,-37825.95000000052,723,-3.246204076974335,-1.2712794937168714,-3.005956894627288,0,11,-80780.40000000098,900,918,18
-74311.3500000017,-34203.60000000071,714,-3.802567227233311,-1.8583339088482702,-3.3265171310111867,0,10,-85531.35000000165,900,919,19
-52776.45000000095,-11241.149999999705,669,-1.6535126318123683,-1.670480270492353,-1.2115933992548764,0,10,-85285.50000000106,900,920,20
