A,B,W,zin,H,n,mean,t,first,second,wy,ny,sum
US500Cash,US100Cash,24,1.5,6,3493,-0.019799046513659675,-4.126192730556215,-0.01874684471827605,-0.02066608277116117,3,11,-69.15806947221324
US500Cash,US100Cash,24,1.5,24,2493,-0.02639744241797447,-3.112010352981535,-0.023632760798871957,-0.02861999037660174,2,11,-65.80882394801036
US500Cash,US100Cash,24,1.5,72,2137,-0.03068593542601632,-2.875203556115402,-0.03385361177809598,-0.02816031962974086,3,11,-65.57584400539687
US500Cash,US100Cash,24,2.0,6,2534,-0.011678373153125915,-2.08960045300475,-0.008089563113170673,-0.014543817649186696,3,11,-29.59299757002107
US500Cash,US100Cash,24,2.0,24,2027,-0.02393439610644651,-2.546954605950552,-0.016341146840395632,-0.02994991453472378,1,11,-48.51502090776708
US500Cash,US100Cash,24,2.0,72,1776,-0.026732961323271742,-2.2678355772852026,-0.029843999046660477,-0.02431879604992209,2,11,-47.477739310130616
US500Cash,US100Cash,24,2.5,6,1684,-0.008480945870273354,-1.288405368855855,-0.007545522227664076,-0.009255895098623922,4,11,-14.281912845540326
US500Cash,US100Cash,24,2.5,24,1478,-0.015471362414244287,-1.3822180044723194,-0.01311569180586356,-0.017382457932317866,2,11,-22.866673648253055
US500Cash,US100Cash,24,2.5,72,1348,-0.023502764122423598,-1.7039790586054266,-0.04286924506302754,-0.008337477459940082,4,11,-31.68172603702701
US500Cash,US100Cash,72,1.5,6,2156,-0.021543580950431705,-3.4804645887525405,-0.022496236670654434,-0.020749701183579432,2,11,-46.447960529130754
US500Cash,US100Cash,72,1.5,24,1410,-0.04682809208476963,-3.495402738254365,-0.0459139970424955,-0.04754962395823984,2,11,-66.02760983952518
US500Cash,US100Cash,72,1.5,72,1017,-0.04575967493137831,-2.185785601841212,-0.06249784859627478,-0.03252826652374007,1,11,-46.53758940521174
US500Cash,US100Cash,72,2.0,6,1448,-0.009555509072886532,-1.256081734656726,-0.005771570239159514,-0.01258642525313554,4,11,-13.836377137539698
US500Cash,US100Cash,72,2.0,24,987,-0.035984136167960395,-2.1338561281234045,-0.0548070694817209,-0.02127234893897429,2,11,-35.51634239777691
US500Cash,US100Cash,72,2.0,72,787,-0.03361780310707888,-1.3478152030891426,-0.07068963028429061,-0.0034649114168582885,2,11,-26.45721104527108
US500Cash,US100Cash,72,2.5,6,782,-0.009649708704419049,-1.012806059144517,-0.011540437342685318,-0.008125772688818759,6,11,-7.546072206855696
US500Cash,US100Cash,72,2.5,24,639,-0.03604131154065778,-1.7462196342137195,-0.026008521914936134,-0.04416986064251723,4,11,-23.03039807448032
US500Cash,US100Cash,72,2.5,72,565,-0.03675538226930522,-1.257252577151817,-0.05495547054666577,-0.021784341912121537,3,11,-20.76679098215745
US500Cash,US100Cash,168,1.5,6,1379,-0.012882255357290819,-1.7341181872667981,-0.0027419266293355,-0.02123863736458733,4,11,-17.76463013770404
US500Cash,US100Cash,168,1.5,24,942,-0.03783425884794003,-2.204094937700661,0.001477591601511321,-0.0700122985980701,4,11,-35.63987183475951
US500Cash,US100Cash,168,1.5,72,628,-0.06351654544415225,-2.0978478898449753,-0.046434754027747334,-0.07743869914191577,3,11,-39.88839053892761
US500Cash,US100Cash,168,2.0,6,978,-0.020583070168205243,-2.253377820434222,-0.021095475117210123,-0.020155264910593294,2,11,-20.130242624504728
US500Cash,US100Cash,168,2.0,24,674,-0.0510232813892882,-2.462189018382743,-0.045020032642861335,-0.056045072574991334,3,11,-34.38969165638025
US500Cash,US100Cash,168,2.0,72,459,-0.06545220755148407,-1.8146264626758977,-0.060396658826526034,-0.0695685831931495,4,11,-30.042563266131186
US500Cash,US100Cash,168,2.5,6,489,-0.006346831651710211,-0.46814534184789364,-0.013901816373087005,-0.0006602840119642476,3,11,-3.103600677686293
US500Cash,US100Cash,168,2.5,24,359,-0.00231062133695971,-0.07965086360561408,-0.02614206086845287,0.016422550036054813,7,11,-0.8295130599685359
US500Cash,US100Cash,168,2.5,72,277,-0.01936034328905298,-0.38545178824608084,-0.08845664196522948,0.03914118959010979,6,11,-5.3628150910676755
US500Cash,US100Cash,336,1.5,6,1002,-0.009717275841631344,-1.0831009415825144,-0.002985342689543918,-0.015570038619378992,4,11,-9.736710393314606
US500Cash,US100Cash,336,1.5,24,688,-0.03628211087336849,-1.7408047688616952,-0.027776314592334102,-0.04338161550260519,3,11,-24.96209228087752
US500Cash,US100Cash,336,1.5,72,450,-0.031033404583264413,-0.788887696543887,-0.08291497871519886,0.011606107759985355,7,11,-13.965032062468985
US500Cash,US100Cash,336,2.0,6,667,-0.0028159351983538944,-0.22988287924676992,-0.02393459729610211,0.01455214483285434,4,11,-1.8782287773020476
US500Cash,US100Cash,336,2.0,24,454,-0.026370869228821675,-0.9963045107771075,-0.06391998627031012,0.005945993798688874,4,11,-11.97237462988504
US500Cash,US100Cash,336,2.0,72,302,-0.05205458611890033,-0.9803456348441392,-0.126304869951003,0.010424311252015329,4,11,-15.720485007907898
US500Cash,US100Cash,336,2.5,6,318,-0.0033263386880421626,-0.2016127688274023,-0.020938882920313127,0.010004703078925363,7,11,-1.0577757027974077
US500Cash,US100Cash,336,2.5,24,232,-0.050419330022352556,-1.1820408663733146,-0.07733202692455315,-0.03038657067409797,4,11,-11.697284565185793
US500Cash,US100Cash,336,2.5,72,171,-0.11543374660877456,-1.6297932937285011,-0.15204611176687044,-0.08683033632901216,4,11,-19.73917067010045
US500Cash,US30Cash,24,1.5,6,3449,-0.015973639267885965,-4.736373383649593,-0.020091388507454642,-0.012512884170596384,1,11,-55.09308183493869
US500Cash,US30Cash,24,1.5,24,2500,-0.01713324822119778,-2.9001831113520526,-0.0246723907963756,-0.010823855573785918,2,11,-42.833120552994444
US500Cash,US30Cash,24,1.5,72,2154,-0.017098785706508156,-2.396741118867254,-0.027596478727172708,-0.008187010258064172,2,11,-36.83078441181857
US500Cash,US30Cash,24,2.0,6,2559,-0.014097101800685002,-3.629020856593931,-0.019872579563286353,-0.009471842339854363,2,11,-36.07448350795292
US500Cash,US30Cash,24,2.0,24,2067,-0.014684716526809145,-2.2272143253777643,-0.023904212475465914,-0.007114170073815216,3,11,-30.353309060914505
US500Cash,US30Cash,24,2.0,72,1830,-0.018420863711959674,-2.368970268304263,-0.02612722662476551,-0.012052731484611142,3,11,-33.7101805928862
US500Cash,US30Cash,24,2.5,6,1735,-0.015782864767936767,-3.414698489345254,-0.021694059637907846,-0.011077162019481529,1,11,-27.38327037237029
US500Cash,US30Cash,24,2.5,24,1529,-0.018938845339810717,-2.37867131322222,-0.02655548916848311,-0.012789710901296238,3,11,-28.957494524570585
US500Cash,US30Cash,24,2.5,72,1394,-0.018299804590279214,-1.9709583782861644,-0.028016260177478974,-0.010287544092980988,5,11,-25.509927598849224
US500Cash,US30Cash,72,1.5,6,2160,-0.016989720981779186,-3.954106968665691,-0.025483347942083866,-0.009319264916305798,2,11,-36.69779732064304
US500Cash,US30Cash,72,1.5,24,1395,-0.021852724920602296,-2.264284450274795,-0.024953006757088014,-0.019139978313677298,3,11,-30.484551264240203
US500Cash,US30Cash,72,1.5,72,1008,-0.038339229043498076,-2.5622416629979097,-0.03771575218379487,-0.038894860391263573,3,11,-38.64594287584606
US500Cash,US30Cash,72,2.0,6,1445,-0.014251021610288725,-2.596945710581138,-0.014427806335442214,-0.014089904314480846,3,11,-20.592726226867207
US500Cash,US30Cash,72,2.0,24,979,-0.02281232039976245,-1.8550660984450347,-0.018069356020922633,-0.026813917465148954,4,11,-22.33326167136744
US500Cash,US30Cash,72,2.0,72,772,-0.04473911130525755,-2.4267151036746233,-0.037404299369662365,-0.05095088983444581,3,11,-34.53859392765883
US500Cash,US30Cash,72,2.5,6,791,-0.018708857280820505,-2.598267361313195,-0.01506915877028973,-0.021891437258038163,5,11,-14.798706109129018
US500Cash,US30Cash,72,2.5,24,635,-0.023901903720495988,-1.4631374780555189,-0.0016118477002658603,-0.043119723280459786,4,11,-15.177708862514953
US500Cash,US30Cash,72,2.5,72,556,-0.03870629005247824,-1.7203164672682232,-0.03816336309841294,-0.03916958771994729,3,11,-21.5206972691779
US500Cash,US30Cash,168,1.5,6,1397,-0.017133129463797518,-3.1657067075291065,-0.022302219239379417,-0.012712287743379534,2,11,-23.934981860925134
US500Cash,US30Cash,168,1.5,24,932,-0.014615295887834969,-1.1658181755719907,-0.04283690013048426,0.008137005207014086,4,11,-13.62145576746219
US500Cash,US30Cash,168,1.5,72,612,-0.020289033338949252,-0.8922055587866888,-0.05797250761984759,0.010870137932121895,4,11,-12.416888403436943
US500Cash,US30Cash,168,2.0,6,946,-0.025222060687144734,-3.6308151082059856,-0.02782257211340895,-0.022892544439569375,1,11,-23.860069410038918
US500Cash,US30Cash,168,2.0,24,635,-0.014256320718995394,-0.8968281044313081,-0.02149876836884293,-0.008433557409600924,5,11,-9.052763656562075
US500Cash,US30Cash,168,2.0,72,446,-0.03704750711630102,-1.3838142384456404,-0.07254934435569581,-0.00844481233638375,4,11,-16.523188173870253
US500Cash,US30Cash,168,2.5,6,504,-0.01707942598711473,-1.6901048663490765,-0.016941771833475283,-0.017228456517088014,3,11,-8.608030697505823
US500Cash,US30Cash,168,2.5,24,360,-0.040946360335565805,-1.7833075241127305,-0.0400375878754585,-0.04188593864177844,2,11,-14.74068972080369
US500Cash,US30Cash,168,2.5,72,283,-0.05386037106392662,-1.5628295017791238,-0.0585075790481632,-0.049113580051456385,3,11,-15.242485011091233
US500Cash,US30Cash,336,1.5,6,966,-0.0184199467589029,-2.7971047914017984,-0.020408927293522446,-0.01670689415972189,1,11,-17.7936685691002
US500Cash,US30Cash,336,1.5,24,663,-0.0030030048953584437,-0.18712340174675476,-0.017962268692899495,0.008915758130324672,4,11,-1.9909922456226483
US500Cash,US30Cash,336,1.5,72,452,-0.016291165085830873,-0.6003928685314911,-0.03875235685459764,0.0015351775877935436,3,11,-7.363606618795555
US500Cash,US30Cash,336,2.0,6,687,-0.01011585066252873,-1.2173573117771026,-0.014477022278956517,-0.0064659931332723165,3,11,-6.949589405157238
US500Cash,US30Cash,336,2.0,24,461,-0.0035195642172958356,-0.18366347170997893,-0.015137894631567948,0.005462298910660686,4,11,-1.6225191041733802
US500Cash,US30Cash,336,2.0,72,309,-0.019450413536098724,-0.5556907957028783,-0.06013542391837623,0.013815565541175252,5,11,-6.010177782654506
US500Cash,US30Cash,336,2.5,6,342,-0.027206042555033786,-2.1988626022143434,-0.01577538138239384,-0.03702150160545288,2,11,-9.304466553821555
US500Cash,US30Cash,336,2.5,24,247,-0.04342439040399037,-1.6044322975481575,-0.014339658358415547,-0.06639711354143712,3,11,-10.725824429785622
US500Cash,US30Cash,336,2.5,72,178,-0.07753596569459666,-1.705039194204545,-0.10259811479576968,-0.05707706846914924,3,11,-13.801401893638204
US100Cash,US30Cash,24,1.5,6,3365,-0.010795045408119257,-1.4456962829262503,-0.011763486711568941,-0.010042892737910973,4,11,-36.3253277983213
US100Cash,US30Cash,24,1.5,24,2421,-0.005270155547736595,-0.3966601744763502,-0.0053727427162616765,-0.005190390634764451,5,11,-12.759046581070297
US100Cash,US30Cash,24,1.5,72,2066,-0.0067189706612037076,-0.4052778732686422,-0.00492797598269436,-0.008098665790578097,5,11,-13.88139338604686
US100Cash,US30Cash,24,2.0,6,2511,-0.012475802269121119,-1.4405871481740806,-0.019055783980020342,-0.007270952256719376,3,11,-31.32673949776313
US100Cash,US30Cash,24,2.0,24,2010,-0.016690022863113885,-1.1127891657266402,-0.023108113419866218,-0.011486165654936317,5,11,-33.546945954858906
US100Cash,US30Cash,24,2.0,72,1763,-0.02171956788112699,-1.1921522539073932,-0.03345103156814511,-0.012410776756127874,4,11,-38.29159817442688
US100Cash,US30Cash,24,2.5,6,1747,-0.005922044318731261,-0.5906277510131271,-0.009677327706185372,-0.002600218668556103,3,11,-10.345811424823513
US100Cash,US30Cash,24,2.5,24,1502,-0.00731224439976304,-0.4168065726540784,-0.02400126475646158,0.007332370963239925,4,11,-10.982991088444086
US100Cash,US30Cash,24,2.5,72,1387,-0.014742492004442744,-0.7205137955615419,-0.04677856090229481,0.012545908471965288,4,11,-20.447836410162086
US100Cash,US30Cash,72,1.5,6,2051,-0.007778758641655603,-0.7705317817315444,0.004801286938282255,-0.017831759977904184,4,11,-15.954233974035642
US100Cash,US30Cash,72,1.5,24,1343,-0.0038704143359477227,-0.177019523187776,0.04065300692471107,-0.03918004347991477,6,11,-5.197966453177791
US100Cash,US30Cash,72,1.5,72,952,-0.029950540517229018,-0.849741970256776,0.017834309323039126,-0.0662528940927377,5,11,-28.512914572402025
US100Cash,US30Cash,72,2.0,6,1417,-0.010771813636002879,-0.9476662536208905,-0.02335845858473573,-0.0004927202612043809,5,11,-15.263659922216078
US100Cash,US30Cash,72,2.0,24,968,-0.02915290718291071,-1.095437034145181,-0.0230360986956476,-0.03394046447036344,5,11,-28.220014153057566
US100Cash,US30Cash,72,2.0,72,749,-0.039195512358340866,-0.9561511776435005,-0.048919589689581586,-0.03149534585920049,5,11,-29.357438756397308
US100Cash,US30Cash,72,2.5,6,757,0.0034492159877901906,0.2294929785261852,0.0016090443551922803,0.005065644667541213,5,11,2.611056502757174
US100Cash,US30Cash,72,2.5,24,623,-0.03976214054683457,-1.1698466124619626,-0.034682392626799036,-0.0441292074154024,4,11,-24.771813560677938
US100Cash,US30Cash,72,2.5,72,556,-0.034148781624489616,-0.6961304996446138,-0.061278047286658206,-0.01099847492610578,5,11,-18.986722583216228
US100Cash,US30Cash,168,1.5,6,1366,-0.017223420294044244,-1.4251513465456558,-0.01615075596024687,-0.018058645908120837,4,11,-23.527192121664434
US100Cash,US30Cash,168,1.5,24,899,0.009725900423085222,0.33478929067800434,-0.001135068654995768,0.018315152861328555,4,11,8.743584480353615
US100Cash,US30Cash,168,1.5,72,600,-0.010989290020919636,-0.21602962919231294,-0.08752189851352611,0.05037469336504411,5,11,-6.593574012551782
US100Cash,US30Cash,168,2.0,6,898,-0.015399029975798242,-0.9558487266125588,-0.005861034592242179,-0.02330527054831824,2,11,-13.828328918266822
US100Cash,US30Cash,168,2.0,24,631,-0.049747397709746025,-1.371820348411092,-0.045919835716667315,-0.052781175539487385,5,11,-31.39060795484974
US100Cash,US30Cash,168,2.0,72,435,-0.054784184357939025,-0.863151282052644,-0.12501260616020987,0.002276408356406012,6,11,-23.831120195703477
US100Cash,US30Cash,168,2.5,6,463,-0.016426491527202713,-0.7435911851598022,-0.043009909529049484,0.005447265805025532,4,11,-7.605465577094856
US100Cash,US30Cash,168,2.5,24,332,0.0312681667180008,0.624195789172551,-0.014881195018275364,0.06976846297312622,8,11,10.381031350376265
US100Cash,US30Cash,168,2.5,72,265,-0.0023253024083038096,-0.027964017575483,-0.1573445929218541,0.12793396253711004,6,11,-0.6162051382005096
US100Cash,US30Cash,336,1.5,6,940,-0.006062172631370729,-0.4135080253005809,-0.007777569029904848,-0.004735167870240563,4,11,-5.698442273488485
US100Cash,US30Cash,336,1.5,24,656,-0.024609933034127087,-0.7247240797127671,-0.03362300004867006,-0.017813984108723032,4,11,-16.14411607038737
US100Cash,US30Cash,336,1.5,72,438,-0.049120658495118895,-0.796657919331798,-0.11091419620440622,-0.004356835902564324,6,11,-21.514848420862076
US100Cash,US30Cash,336,2.0,6,688,-0.0006203701492454802,-0.03414655583491005,-0.020023939503688026,0.015199426501210327,5,11,-0.4268146626808904
US100Cash,US30Cash,336,2.0,24,469,0.004414805132464739,0.10366894709894636,-0.08074151144929353,0.07526752166338077,4,11,2.0705436071259626
US100Cash,US30Cash,336,2.0,72,323,-0.10163986334471779,-1.2670257140222536,-0.20501121688863924,-0.01637309714464701,3,11,-32.82967586034385
US100Cash,US30Cash,336,2.5,6,337,-0.059112876470061436,-1.8230740253878794,-0.0701312548505887,-0.04961637355645784,5,11,-19.921039370410703
US100Cash,US30Cash,336,2.5,24,237,-0.0955770342461819,-1.414010952250162,-0.0850850321692684,-0.10421275903256454,3,11,-22.65175711634511
US100Cash,US30Cash,336,2.5,72,175,-0.141162788205996,-1.2157774899120988,-0.29733583222602,-0.009648645873344242,5,11,-24.703487936049303
US500Cash,US2000Cash,24,1.5,6,2921,-0.05305184226155874,-6.2009586212322345,-0.0567065978846852,-0.050939152625283604,0,10,-154.96443124601308
US500Cash,US2000Cash,24,1.5,24,2154,-0.044385555415505755,-3.355394032841515,-0.05458678862666345,-0.038406040219569434,1,10,-95.6064863649994
US500Cash,US2000Cash,24,1.5,72,1884,-0.035238503339337035,-2.2637542172551615,-0.04255799422239095,-0.030940537757628037,2,10,-66.38934029131097
US500Cash,US2000Cash,24,2.0,6,2200,-0.04540076076827728,-4.998320152202532,-0.03438639289835035,-0.051571931418803715,0,10,-99.88167369021002
US500Cash,US2000Cash,24,2.0,24,1784,-0.03295803956549986,-2.2534452707903623,-0.035815453357141154,-0.031382734918629786,2,10,-58.79714258485174
US500Cash,US2000Cash,24,2.0,72,1598,-0.02111029840559391,-1.2369286667849442,-0.011382978623670348,-0.026459852543664366,3,10,-33.73425685213907
US500Cash,US2000Cash,24,2.5,6,1573,-0.0466354501422494,-4.356123740723987,-0.043098298706444146,-0.04851069093263253,0,10,-73.35756307375831
US500Cash,US2000Cash,24,2.5,24,1369,-0.033725790163071805,-1.9475708168592134,-0.010249892420632187,-0.04599906262018707,2,10,-46.1706067332453
US500Cash,US2000Cash,24,2.5,72,1264,-0.02198820097442273,-1.1091605162948388,0.014300631184189672,-0.04102998865716868,3,10,-27.79308603167033
US500Cash,US2000Cash,72,1.5,6,1911,-0.018475103163897475,-1.5428122601613585,0.013603980289597422,-0.03812861758350702,2,10,-35.305922146208076
US500Cash,US2000Cash,72,1.5,24,1234,-0.01841947287183866,-0.8373498369931736,0.0035160186900065815,-0.03159214808991175,4,10,-22.729629523848907
US500Cash,US2000Cash,72,1.5,72,892,-0.025322858962837817,-0.7706742603252237,-0.041715779669262994,-0.015225770121923757,4,10,-22.587990194851333
US500Cash,US2000Cash,72,2.0,6,1285,-0.06024211141501435,-4.075086541283551,-0.05364229114847511,-0.06415129863608714,0,10,-77.41111316829344
US500Cash,US2000Cash,72,2.0,24,871,-0.041637865751287646,-1.576986309304909,-0.04156776049128158,-0.04167817944510668,2,10,-36.26658106937154
US500Cash,US2000Cash,72,2.0,72,688,-0.02201984365065114,-0.5682928979157975,-0.0031987799830990745,-0.03381081734308919,3,10,-15.149652431647986
US500Cash,US2000Cash,72,2.5,6,708,-0.04391121280303054,-2.481600089807131,-0.03385637639833515,-0.050297078879915615,2,10,-31.089138664545626
US500Cash,US2000Cash,72,2.5,24,573,-0.028026807965172398,-0.8923026150513743,-0.04169826953424931,-0.019443305105041716,4,10,-16.059360964043783
US500Cash,US2000Cash,72,2.5,72,508,-0.012147196711082303,-0.2619570712964511,0.01388132225278536,-0.028498445803768434,5,10,-6.17077592922981
US500Cash,US2000Cash,168,1.5,6,1283,-0.05124442938030572,-3.337554279260045,-0.07827074494975975,-0.03398624574719331,1,10,-65.74660289493224
US500Cash,US2000Cash,168,1.5,24,866,-0.04591531243829957,-1.640158427792388,-0.025185082306348826,-0.058004788511594435,4,10,-39.76266057156743
US500Cash,US2000Cash,168,1.5,72,591,-0.06326370071589583,-1.3119162264345363,-0.03145784724014846,-0.0822612510351936,3,10,-37.388847123094436
US500Cash,US2000Cash,168,2.0,6,859,-0.04543643726975852,-2.3263892801837627,-0.020429085570083227,-0.0611905943177513,2,10,-39.02989961472257
US500Cash,US2000Cash,168,2.0,24,580,-0.05976844130299767,-1.705156407222143,-0.07282643653475274,-0.05201974083580236,2,10,-34.66569595573865
US500Cash,US2000Cash,168,2.0,72,409,-0.05189737014376077,-0.8668472917392284,-0.001852781677367289,-0.08275490295307852,5,10,-21.226024388798155
US500Cash,US2000Cash,168,2.5,6,461,-0.0825381306582782,-2.793535566949249,-0.07881501155485747,-0.08517189269069805,1,10,-38.05007823346625
US500Cash,US2000Cash,168,2.5,24,324,0.008702303253870555,0.16950191977004359,0.05159580563728736,-0.021935912734284302,4,10,2.8195462542540595
US500Cash,US2000Cash,168,2.5,72,257,-0.022119026921713265,-0.2867936444112157,-0.01701963494070705,-0.025934898472126097,4,10,-5.684589918880309
US500Cash,US2000Cash,336,1.5,6,888,-0.010551498449842885,-0.662900694840939,0.01378590327800782,-0.026309853186428967,3,10,-9.369730623460482
US500Cash,US2000Cash,336,1.5,24,576,0.05699974953827284,1.6926206346738581,0.12270789766566863,0.018155706170143865,8,10,32.831855734045156
US500Cash,US2000Cash,336,1.5,72,394,0.01724496330341198,0.2770956213107164,0.08881888670899274,-0.024891298056325086,6,10,6.794515541544321
US500Cash,US2000Cash,336,2.0,6,619,-0.04856108443054345,-1.836187296126893,-0.04067573945957112,-0.05322337066016719,3,10,-30.059311262506398
US500Cash,US2000Cash,336,2.0,24,426,-0.037031896229502724,-0.7833025119248094,0.06617494550332947,-0.09666251589736134,3,10,-15.77558779376816
US500Cash,US2000Cash,336,2.0,72,284,-0.09783463320179246,-1.1302911059058842,-0.12195694024686493,-0.08368467655524159,4,10,-27.78503582930906
US500Cash,US2000Cash,336,2.5,6,328,-0.021899727381147777,-0.48859455883972835,0.07387007721095767,-0.08805000477981853,3,10,-7.1831105810164715
US500Cash,US2000Cash,336,2.5,24,223,-0.04101404256016011,-0.6157491788292796,0.015978550230148283,-0.07816476971236111,4,10,-9.146131490915705
US500Cash,US2000Cash,336,2.5,72,169,-0.1274283233042377,-0.9957035261039994,0.0108982809845731,-0.21174168210884622,4,10,-21.53538663841617
GER40Cash,EU50Cash,24,1.5,6,2839,-0.05061465235176812,-14.362610074475462,-0.048435444078878453,-0.052059798083994885,0,11,-143.69499802666968
GER40Cash,EU50Cash,24,1.5,24,1906,-0.05763833663473028,-8.822253427399367,-0.055144996131504885,-0.05924181251008041,0,11,-109.85866962579591
GER40Cash,EU50Cash,24,1.5,72,1679,-0.0533586729310158,-6.949942055669583,-0.04822377150360065,-0.056667943390603624,0,11,-89.58921185117553
GER40Cash,EU50Cash,24,2.0,6,1796,-0.045604920969411,-9.930268484601951,-0.04756853454648443,-0.04437699609904201,0,11,-81.90643806106216
GER40Cash,EU50Cash,24,2.0,24,1432,-0.06336036742669304,-8.178488359964105,-0.07257228434022328,-0.05753070506978394,0,11,-90.73204615502443
GER40Cash,EU50Cash,24,2.0,72,1304,-0.05706605261663615,-6.302232798688563,-0.06466946115079834,-0.052197958347593935,0,11,-74.41413261209354
GER40Cash,EU50Cash,24,2.5,6,872,-0.048445410458950455,-7.636622088552372,-0.058941365935765905,-0.043322811028286265,0,11,-42.2443979202048
GER40Cash,EU50Cash,24,2.5,24,813,-0.06630234421704354,-6.300292350078191,-0.08424216476123325,-0.05708187779209686,0,11,-53.90380584845639
GER40Cash,EU50Cash,24,2.5,72,776,-0.06447767325418348,-5.4899692037585535,-0.08394488701263199,-0.05420756835799411,0,11,-50.03467444524638
GER40Cash,EU50Cash,72,1.5,6,1804,-0.0489225314532809,-10.926777767061058,-0.04891013320331353,-0.04893057784951199,0,11,-88.25624674171874
GER40Cash,EU50Cash,72,1.5,24,1145,-0.06851609762041277,-6.791354722344087,-0.07689310125665141,-0.06301224863220388,0,11,-78.45093177537262
GER40Cash,EU50Cash,72,1.5,72,866,-0.07595808558210256,-5.1998818828561655,-0.0775424751733075,-0.074938905180929,0,11,-65.77970211410081
GER40Cash,EU50Cash,72,2.0,6,1168,-0.048952178957213405,-8.178726346586402,-0.048363227710999185,-0.04932666616418995,0,11,-57.17614502202525
GER40Cash,EU50Cash,72,2.0,24,771,-0.05641249817947883,-4.365115346260236,-0.041997030971507754,-0.06559432442659419,1,11,-43.49403609637818
GER40Cash,EU50Cash,72,2.0,72,623,-0.06136271948343627,-3.309685342418738,-0.05489248009028839,-0.06555639316418027,1,11,-38.2289742381808
GER40Cash,EU50Cash,72,2.5,6,567,-0.04538522262371197,-5.284985817585035,-0.045963067438396926,-0.04501063136302958,1,11,-25.733421227644687
GER40Cash,EU50Cash,72,2.5,24,431,-0.047326767000555235,-2.6144657712283483,-0.04448290138925548,-0.04907356085918131,2,11,-20.397836577239307
GER40Cash,EU50Cash,72,2.5,72,395,-0.03571896972175492,-1.4334682952657172,-0.04058940251635322,-0.03286321394660893,2,11,-14.108993040093194
GER40Cash,EU50Cash,168,1.5,6,1162,-0.04532340969657621,-7.605098156692918,-0.040395320880835806,-0.048494952003735874,1,11,-52.66580206742155
GER40Cash,EU50Cash,168,1.5,24,755,-0.0624671900571287,-4.5849757356987,-0.046244987414167694,-0.07322243894596407,1,11,-47.16272849313217
GER40Cash,EU50Cash,168,1.5,72,525,-0.07103182703206688,-2.9825284524437987,-0.04194190833968934,-0.0886459062402955,2,11,-37.29170919183511
GER40Cash,EU50Cash,168,2.0,6,809,-0.05119047639077213,-7.162377108008607,-0.05790017051169319,-0.046889739388315615,0,11,-41.41309540013465
GER40Cash,EU50Cash,168,2.0,24,518,-0.05571698647409271,-3.226142689599498,-0.037777016687971794,-0.06690837828424338,1,11,-28.861398993580025
GER40Cash,EU50Cash,168,2.0,72,368,-0.08622988866508342,-2.752269870107114,-0.06594126862596118,-0.09868781325050936,2,11,-31.7325990287507
GER40Cash,EU50Cash,168,2.5,6,405,-0.04055547690641555,-4.160250975736792,-0.045265643666573575,-0.037182518506132904,1,11,-16.424968147098298
GER40Cash,EU50Cash,168,2.5,24,273,-0.05957230956053357,-2.635719826800449,-0.02879710725520077,-0.07971607834220597,2,11,-16.263240510025664
GER40Cash,EU50Cash,168,2.5,72,211,-0.04196561903401674,-0.955104380681673,0.0019251734680949346,-0.07042605479710479,5,11,-8.854745616177533
GER40Cash,EU50Cash,336,1.5,6,834,-0.04010007689372399,-5.69580327981523,-0.03372206667139553,-0.043912220934655945,1,11,-33.44346412936581
GER40Cash,EU50Cash,336,1.5,24,527,-0.04854325497325096,-2.9170860413082327,-0.023108976813312605,-0.06336082242979163,4,11,-25.582295370903257
GER40Cash,EU50Cash,336,1.5,72,344,-0.04455718573931504,-1.351434123925724,0.014508536614525086,-0.07827049758511422,4,11,-15.327671894324373
GER40Cash,EU50Cash,336,2.0,6,538,-0.024875880329731093,-2.7386956312357067,-0.032106595350620847,-0.019949955721749957,2,11,-13.383223617395327
GER40Cash,EU50Cash,336,2.0,24,338,-0.014352973788161206,-0.7020700209462898,-0.0038071924382413005,-0.0215408944097484,3,11,-4.8513051403984875
GER40Cash,EU50Cash,336,2.0,72,226,-0.003385374636812139,-0.07972694532249729,0.001980855647415427,-0.006871465843354142,5,11,-0.7650946679195434
GER40Cash,EU50Cash,336,2.5,6,326,-0.034708662128105784,-2.808388825296855,-0.030429650613539482,-0.03792942348315569,2,11,-11.315023853762487
GER40Cash,EU50Cash,336,2.5,24,212,-0.03854789319174747,-1.3005326246661768,-0.012899454967231066,-0.056750010641404294,4,11,-8.172153356650464
GER40Cash,EU50Cash,336,2.5,72,144,-0.033087229719323735,-0.6099754417426311,-0.03082733461363748,-0.034567850650635425,5,11,-4.764561079582618
GER40Cash,FRA40Cash,24,1.5,6,2355,-0.03927613557617256,-6.50080859821701,-0.0421378458770887,-0.036981512473372155,0,11,-92.49529928188637
GER40Cash,FRA40Cash,24,1.5,24,1559,-0.05276097670292033,-4.380659933971242,-0.054209901199104,-0.05153351104560835,0,11,-82.25436267985279
GER40Cash,FRA40Cash,24,1.5,72,1348,-0.06366359631674873,-4.410078301642245,-0.06047596283037816,-0.06641094893483607,0,11,-85.81852783497729
GER40Cash,FRA40Cash,24,2.0,6,1499,-0.04072628894850551,-5.192336171439025,-0.04871215237689706,-0.03425465324747805,0,11,-61.048707133809756
GER40Cash,FRA40Cash,24,2.0,24,1159,-0.06190554676242498,-4.272144629933516,-0.06252731351210078,-0.06140658619814391,1,11,-71.74852869765056
GER40Cash,FRA40Cash,24,2.0,72,1035,-0.07147506773741669,-4.194732396867279,-0.05353301898222373,-0.08605494623550694,1,11,-73.97669510822627
GER40Cash,FRA40Cash,24,2.5,6,723,-0.03792941250441015,-3.07305000764231,-0.0540364303700207,-0.02542371804364126,2,11,-27.422965240688537
GER40Cash,FRA40Cash,24,2.5,24,661,-0.05830587103945474,-2.947959650282443,-0.07534388421466878,-0.04465689045767565,1,11,-38.54018075707958
GER40Cash,FRA40Cash,24,2.5,72,620,-0.07173433835019921,-3.0425387604198133,-0.06040949573869059,-0.0811215972700633,0,11,-44.47528977712351
GER40Cash,FRA40Cash,72,1.5,6,1446,-0.04353958798946919,-5.461492839271623,-0.04991258079710393,-0.038378979295427045,0,11,-62.95824423277245
GER40Cash,FRA40Cash,72,1.5,24,934,-0.06903346671367239,-3.9875757551813713,-0.09452740332568425,-0.048201845357553744,1,11,-64.47725791057
GER40Cash,FRA40Cash,72,1.5,72,684,-0.1005539908350022,-3.767504684374351,-0.1299322320006624,-0.07562218617009057,1,11,-68.7789297311415
GER40Cash,FRA40Cash,72,2.0,6,966,-0.03936982628193937,-3.9567505089629895,-0.04511107638811154,-0.034802437721638844,0,11,-38.031252188353434
GER40Cash,FRA40Cash,72,2.0,24,628,-0.055757465578333484,-2.539902275754434,-0.07501590567058719,-0.039858055734728656,3,11,-35.01568838319343
GER40Cash,FRA40Cash,72,2.0,72,502,-0.1058745694063411,-3.2219150271503882,-0.13345985933143326,-0.08140040240513151,1,11,-53.14903384198323
GER40Cash,FRA40Cash,72,2.5,6,480,-0.0553118994425045,-3.8720132031550896,-0.059466656318279916,-0.0517067991183881,1,11,-26.549711732402162
GER40Cash,FRA40Cash,72,2.5,24,366,-0.07558889867729864,-2.660032509495611,-0.08822442552954501,-0.06438626662272966,3,11,-27.6655369158913
GER40Cash,FRA40Cash,72,2.5,72,330,-0.0881882673137039,-2.170573897191601,-0.11529713958973595,-0.06358657397649566,2,11,-29.102128213522285
GER40Cash,FRA40Cash,168,1.5,6,976,-0.037487279898563305,-3.908682241482376,-0.03910636925830976,-0.03621217289363477,0,11,-36.587585180997785
GER40Cash,FRA40Cash,168,1.5,24,646,-0.049412744568729385,-2.169133736592461,-0.04762454838302613,-0.050780763508611645,3,11,-31.92063299139918
GER40Cash,FRA40Cash,168,1.5,72,440,-0.08764216201400876,-2.2889871589011634,-0.09679104681010339,-0.08029305783353927,3,11,-38.56255128616385
GER40Cash,FRA40Cash,168,2.0,6,670,-0.045286690777619154,-3.800367670073986,-0.06615845687461701,-0.029646490073080272,1,11,-30.342082821004833
GER40Cash,FRA40Cash,168,2.0,24,440,-0.07210182613151339,-2.7410446661804007,-0.08666850289912563,-0.06133515199893045,2,11,-31.724803497865892
GER40Cash,FRA40Cash,168,2.0,72,302,-0.09157263326437305,-1.8725456185481695,-0.12533442798381914,-0.06428016447919212,3,11,-27.65493524584066
GER40Cash,FRA40Cash,168,2.5,6,365,-0.05757048803799347,-3.649195034754939,-0.0744461623436209,-0.0420271038091261,0,11,-21.013228133867617
GER40Cash,FRA40Cash,168,2.5,24,246,-0.04010930247582265,-1.118023283361678,-0.0695544062693381,-0.014679440108695693,5,11,-9.866888409052372
GER40Cash,FRA40Cash,168,2.5,72,199,-0.08465780892083183,-1.429691019585295,-0.12388277263146664,-0.05227022420562874,5,11,-16.846903975245535
GER40Cash,FRA40Cash,336,1.5,6,665,-0.04572630123316658,-3.530910711802346,-0.05478546429469044,-0.039258805954707515,1,11,-30.407990320055774
GER40Cash,FRA40Cash,336,1.5,24,440,-0.06084789219467044,-2.182893480945759,-0.1145847085896112,-0.02038471172198595,1,11,-26.773072565654992
GER40Cash,FRA40Cash,336,1.5,72,302,-0.08436050319720789,-1.7078724275937942,-0.09997471247498303,-0.0720723976709114,2,11,-25.476871965556782
GER40Cash,FRA40Cash,336,2.0,6,484,-0.04060603188790691,-2.776918952822185,-0.04087174893466183,-0.040384601015611137,2,11,-19.653319433746944
GER40Cash,FRA40Cash,336,2.0,24,320,-0.07769280016484796,-2.257405240073301,-0.06622602899285732,-0.08661139996528512,1,11,-24.86169605275135
GER40Cash,FRA40Cash,336,2.0,72,210,-0.1363772750647416,-2.0845712131980485,-0.13123874520195117,-0.1404617475197802,2,11,-28.639227763595734
GER40Cash,FRA40Cash,336,2.5,6,254,-0.07443641389288264,-3.545180484432059,-0.07964464804873662,-0.0690615162440413,0,11,-18.90684912879219
GER40Cash,FRA40Cash,336,2.5,24,169,-0.07597686192751608,-1.6131211171388953,-0.0617703150220556,-0.09001627298702994,3,11,-12.840089665750218
GER40Cash,FRA40Cash,336,2.5,72,120,-0.10584195466180343,-1.1624424785575829,-0.04011327177023329,-0.16531076299227168,5,11,-12.701034559416412
EU50Cash,FRA40Cash,24,1.5,6,2509,-0.06141510714644929,-17.25338962181055,-0.0628670360528217,-0.060176571040939576,0,11,-154.09050383044126
EU50Cash,FRA40Cash,24,1.5,24,1685,-0.07042874224436194,-11.10890889470539,-0.07542491407366735,-0.06608135188456676,0,11,-118.67243068174986
EU50Cash,FRA40Cash,24,1.5,72,1501,-0.0737832388241783,-10.086762267193324,-0.07742866383433543,-0.07050235631503689,0,11,-110.74864147509163
EU50Cash,FRA40Cash,24,2.0,6,1539,-0.05690336123724599,-12.237058438884995,-0.05568982686479308,-0.05786401708505505,0,11,-87.57427294412159
EU50Cash,FRA40Cash,24,2.0,24,1218,-0.07039178299011552,-9.238784318940867,-0.0739822334531775,-0.06736624455149898,0,11,-85.7371916819607
EU50Cash,FRA40Cash,24,2.0,72,1117,-0.07091316584516678,-8.156555020851727,-0.07625661483256659,-0.06640738625348151,0,11,-79.2100062490513
EU50Cash,FRA40Cash,24,2.5,6,689,-0.06310864058513381,-8.54303211466548,-0.06043320164747836,-0.06532279694733142,0,11,-43.48185336315719
EU50Cash,FRA40Cash,24,2.5,24,649,-0.06371768702021105,-5.603411308131592,-0.06993635343561379,-0.05859951494236553,1,11,-41.35277887611697
EU50Cash,FRA40Cash,24,2.5,72,622,-0.07102723438119601,-5.693736418203184,-0.07664665808768316,-0.06642653660980304,1,11,-44.17893978510392
EU50Cash,FRA40Cash,72,1.5,6,1570,-0.06030444790992145,-13.861382572091426,-0.06177575356008183,-0.05897920407975277,0,11,-94.67798321857667
EU50Cash,FRA40Cash,72,1.5,24,991,-0.0703730917143506,-7.395195202042678,-0.071297427205846,-0.06957559173202657,0,11,-69.73973388892145
EU50Cash,FRA40Cash,72,1.5,72,737,-0.09396485353630604,-7.178189410270989,-0.08294863789778999,-0.10350294403851486,0,11,-69.25209705625755
EU50Cash,FRA40Cash,72,2.0,6,1036,-0.06650299519137436,-11.367742591498889,-0.0666334307883101,-0.06638639005992725,0,11,-68.89710301826383
EU50Cash,FRA40Cash,72,2.0,24,674,-0.08092023133812647,-6.406448348350515,-0.07330016250727862,-0.08733274827774704,1,11,-54.540235921897235
EU50Cash,FRA40Cash,72,2.0,72,535,-0.1041043491665518,-6.2808479978810725,-0.09392002961609099,-0.11290473679203715,0,11,-55.69582680410521
EU50Cash,FRA40Cash,72,2.5,6,507,-0.07203562357090584,-8.402602902880643,-0.07372561007961748,-0.07062117834078852,0,11,-36.52206115044926
EU50Cash,FRA40Cash,72,2.5,24,377,-0.07845592641082758,-4.406650494638282,-0.06439949438989717,-0.0897548765520539,0,11,-29.577884256881994
EU50Cash,FRA40Cash,72,2.5,72,346,-0.13090891509830882,-5.961641766784311,-0.09687224332324225,-0.1582091622512268,1,11,-45.29448462401485
EU50Cash,FRA40Cash,168,1.5,6,1078,-0.06057008472745288,-10.885334209442597,-0.054428233453867256,-0.06570747650825448,0,11,-65.2945513361942
EU50Cash,FRA40Cash,168,1.5,24,682,-0.07476394466837334,-6.048840418663582,-0.0767314799979154,-0.07312433189375497,2,11,-50.98901026383062
EU50Cash,FRA40Cash,168,1.5,72,448,-0.10253396481463373,-4.6603131019516,-0.10659403511901049,-0.09931838913356733,1,11,-45.93521623695591
EU50Cash,FRA40Cash,168,2.0,6,673,-0.05604802835658083,-8.338996409132216,-0.05203834327228692,-0.0595342267770919,0,11,-37.7203230839789
EU50Cash,FRA40Cash,168,2.0,24,438,-0.08399343286176017,-4.834636132670748,-0.07664774302766088,-0.08999800090042225,0,11,-36.78912359345095
EU50Cash,FRA40Cash,168,2.0,72,301,-0.11009599729741058,-3.7790713536283103,-0.11945957114328941,-0.10268316800275652,1,11,-33.138895186520585
EU50Cash,FRA40Cash,168,2.5,6,360,-0.06982459755324223,-5.837234772501506,-0.07773761705219845,-0.06320349960513602,0,11,-25.1368551191672
EU50Cash,FRA40Cash,168,2.5,24,234,-0.0733711166321433,-2.762751347914173,-0.07284209115036762,-0.07380921585923876,2,11,-17.16884129192153
EU50Cash,FRA40Cash,168,2.5,72,182,-0.12171026797960037,-3.1274498420326924,-0.11581356133123218,-0.1265455674312623,1,11,-22.151268772287267
EU50Cash,FRA40Cash,336,1.5,6,747,-0.06901105804715565,-9.862956541013672,-0.06281527836503466,-0.07462203199397442,0,11,-51.551260361225275
EU50Cash,FRA40Cash,336,1.5,24,470,-0.07008811108505862,-4.415760624132405,-0.07583446004008815,-0.06536630496697232,1,11,-32.94141220997755
EU50Cash,FRA40Cash,336,1.5,72,305,-0.0715081644006877,-2.259552711131308,-0.07343585101937972,-0.06993618186044483,3,11,-21.80999014220975
EU50Cash,FRA40Cash,336,2.0,6,495,-0.061609407639896745,-6.962186366783111,-0.06396669257890124,-0.05935461335041419,0,11,-30.49665678174889
EU50Cash,FRA40Cash,336,2.0,24,320,-0.09021401305744406,-4.176704056365157,-0.08522844436858168,-0.09472476568070051,2,11,-28.868484178382097
EU50Cash,FRA40Cash,336,2.0,72,200,-0.10800337406277169,-2.678511691319752,-0.08906687176482135,-0.12446220316285939,2,11,-21.600674812554338
EU50Cash,FRA40Cash,336,2.5,6,238,-0.05941447779926523,-4.065840069875513,-0.05591285602498979,-0.06280034348182909,1,11,-14.140645716225125
EU50Cash,FRA40Cash,336,2.5,24,166,-0.1081996230693568,-3.290586182761531,-0.09909700148732542,-0.11626785583524826,1,11,-17.96113742951323
EU50Cash,FRA40Cash,336,2.5,72,114,-0.1717244624094327,-2.922010029494018,-0.21099460055727196,-0.13511670650890456,2,11,-19.576588714675328
UK100Cash,EU50Cash,24,1.5,6,2696,-0.044815470201940454,-6.054406691997139,-0.04795816133847015,-0.042698884303036214,0,11,-120.82250766443147
UK100Cash,EU50Cash,24,1.5,24,1816,-0.03905894667765064,-2.8453484721128834,-0.03068275594621027,-0.04449852558135624,1,11,-70.93104716661357
UK100Cash,EU50Cash,24,1.5,72,1590,-0.03446630007168786,-2.0959016721921557,-0.026954988813635904,-0.039382652601671925,3,11,-54.8014171139837
UK100Cash,EU50Cash,24,2.0,6,1757,-0.06251080887149149,-6.831278247053501,-0.07641731611110884,-0.05420483136564732,0,11,-109.83149118721055
UK100Cash,EU50Cash,24,2.0,24,1395,-0.059101365255669655,-3.660300347706831,-0.04627333693976672,-0.06688981101889645,1,11,-82.44640453165917
UK100Cash,EU50Cash,24,2.0,72,1260,-0.07195967664495144,-3.728185490409278,-0.05357277342473975,-0.08319873001996576,1,11,-90.66919257263882
UK100Cash,EU50Cash,24,2.5,6,862,-0.0499204665257534,-3.685759802586465,-0.06814788951868328,-0.03983791002335795,1,11,-43.031442145199435
UK100Cash,EU50Cash,24,2.5,24,807,-0.07631605650687641,-3.5609259796712136,-0.05501268710020345,-0.08845980599355965,2,11,-61.58705760104926
UK100Cash,EU50Cash,24,2.5,72,765,-0.07940410717545289,-3.122426051615914,-0.05643525959732381,-0.0924417522146778,3,11,-60.74414198922146
UK100Cash,EU50Cash,72,1.5,6,1683,-0.04906061113802014,-5.082970666044395,-0.03413428253441381,-0.0587145281702939,1,11,-82.5690085452879
UK100Cash,EU50Cash,72,1.5,24,1108,-0.07677952698797853,-3.5575539450107736,-0.05462816847439134,-0.09126056434462207,2,11,-85.07171590268021
UK100Cash,EU50Cash,72,1.5,72,814,-0.09162278307804751,-2.8242646080828417,-0.04549226222387346,-0.12089435855981255,2,11,-74.58094542553067
UK100Cash,EU50Cash,72,2.0,6,1111,-0.04746688309949482,-3.9447709997880387,-0.035675789026393394,-0.05531582728009007,1,11,-52.73570712353874
UK100Cash,EU50Cash,72,2.0,24,742,-0.05783771447695975,-2.0974611120640425,-0.04271830245531956,-0.06781584992748292,2,11,-42.915584141904134
UK100Cash,EU50Cash,72,2.0,72,595,-0.05437757410881019,-1.3566022407094396,0.007836600040215412,-0.0941398011131461,3,11,-32.35465659474206
UK100Cash,EU50Cash,72,2.5,6,565,-0.04061686129439341,-2.231357139878704,-0.0603738204206297,-0.027445555210235888,2,11,-22.948526631332278
UK100Cash,EU50Cash,72,2.5,24,443,-0.0794062019247232,-2.0605547931851866,-0.041760613601325096,-0.10240423406410826,3,11,-35.17694745265238
UK100Cash,EU50Cash,72,2.5,72,404,-0.09795776005781658,-1.8832802492780285,-0.04564131992853103,-0.12918219665671823,3,11,-39.5749350633579
UK100Cash,EU50Cash,168,1.5,6,1052,-0.03429808741123862,-2.48887218367626,-0.023223656993603795,-0.04087562790171263,2,11,-36.081587956623025
UK100Cash,EU50Cash,168,1.5,24,704,-0.06413024812899834,-2.1354873180702687,-0.033423227431836976,-0.08255446054729514,4,11,-45.14769468281483
UK100Cash,EU50Cash,168,1.5,72,476,-0.07008882366380387,-1.3502659820585672,-0.07502874473296767,-0.0670848176082313,5,11,-33.362280063970644
UK100Cash,EU50Cash,168,2.0,6,748,-0.048636984828325576,-3.201088227346049,-0.044901773145798206,-0.05106940744718997,1,11,-36.38046465158753
UK100Cash,EU50Cash,168,2.0,24,496,-0.04772783730827678,-1.369470776115956,0.026953358536223947,-0.09370420869137326,5,11,-23.673007304905283
UK100Cash,EU50Cash,168,2.0,72,331,-0.029999609757238074,-0.4641073134821034,0.07026862362047734,-0.09084198437963822,6,11,-9.929870829645802
UK100Cash,EU50Cash,168,2.5,6,385,-0.02097610782219539,-1.0385921266354365,-0.004361304365242849,-0.031351596900798646,4,11,-8.075801511545224
UK100Cash,EU50Cash,168,2.5,24,259,-0.025227484127459284,-0.4681032599114206,0.145127565525848,-0.1255592925122292,5,11,-6.533918389011955
UK100Cash,EU50Cash,168,2.5,72,208,-0.016731323295662907,-0.191669940152626,0.14064372049811497,-0.11115634957192966,5,11,-3.4801152454978848
UK100Cash,EU50Cash,336,1.5,6,757,-0.05911847887348046,-4.360709035252074,-0.0584856480900216,-0.05944567394789404,1,11,-44.752688507224704
UK100Cash,EU50Cash,336,1.5,24,500,-0.09503124967549509,-2.7454198749972076,-0.06638845663632126,-0.1093956533918375,3,11,-47.515624837747545
UK100Cash,EU50Cash,336,1.5,72,327,-0.050356401488890555,-0.7423228709931813,-0.02461581030082619,-0.0634046274367573,5,11,-16.46654328686721
UK100Cash,EU50Cash,336,2.0,6,538,-0.041968086764452774,-2.0692595750546254,0.012097589818259959,-0.07100907875745276,3,11,-22.578830679275594
UK100Cash,EU50Cash,336,2.0,24,348,-0.09610724143561435,-2.0776058857311543,0.02068499485037709,-0.15995366393862304,4,11,-33.445320019593794
UK100Cash,EU50Cash,336,2.0,72,228,-0.0899937123351706,-1.028787037044412,-0.03135262910810638,-0.12108529337502347,5,11,-20.5185664124189
UK100Cash,EU50Cash,336,2.5,6,254,-0.08297628608691711,-2.879801522905542,-0.06986599371107544,-0.09080947964480995,2,11,-21.075976666076947
UK100Cash,EU50Cash,336,2.5,24,183,-0.07889754777378533,-1.1734011369148192,0.11161480785182089,-0.18636605607540935,5,11,-14.438251242602714
UK100Cash,EU50Cash,336,2.5,72,127,-0.1576310565020038,-1.2270445108929882,-0.14391743453306527,-0.16568780940875516,3,11,-20.01914417575448
JP225Cash,HK50Cash,24,1.5,6,2430,-0.050520593216536826,-3.0972238928372713,-0.0588420811616481,-0.044336187541403914,2,11,-122.76504151618448
JP225Cash,HK50Cash,24,1.5,24,1611,-0.03344682524225118,-0.9898548490959532,-0.0345058655427674,-0.03266935970408963,6,11,-53.882835465266645
JP225Cash,HK50Cash,24,1.5,72,1386,-0.02834460026982782,-0.6983842195933649,-0.002213301091764991,-0.04720458141573403,6,11,-39.28561597398136
JP225Cash,HK50Cash,24,2.0,6,1523,-0.060713042333493096,-2.9140446274417298,-0.05932557838562953,-0.06173780166484893,2,11,-92.46596347390998
JP225Cash,HK50Cash,24,2.0,24,1202,-0.0042570421380048115,-0.10520966124265924,0.0131859551793613,-0.017377430790717525,7,11,-5.116964649881783
JP225Cash,HK50Cash,24,2.0,72,1085,0.01381557848785749,0.29890365768310545,0.026331083529220166,0.004569348000568714,8,11,14.989902659325377
JP225Cash,HK50Cash,24,2.5,6,786,-0.08737522569622452,-3.1332868782864267,-0.04362744592442926,-0.12285729592588333,2,11,-68.67692739723248
JP225Cash,HK50Cash,24,2.5,24,739,0.03970837071510816,0.784263041567704,0.09106055477572489,-0.0017249318276877552,8,11,29.34448595846493
JP225Cash,HK50Cash,24,2.5,72,689,0.07099147503535119,1.249216495518925,0.0930978116672177,0.053740535338132396,8,11,48.913126299356975
JP225Cash,HK50Cash,72,1.5,6,1495,-0.05773360385846742,-2.6560864861749622,-0.05880008167197162,-0.056971659273819336,1,11,-86.31173776840879
JP225Cash,HK50Cash,72,1.5,24,966,-0.05758600289154072,-1.138436627028331,0.01827603676455361,-0.11142791068285722,4,11,-55.62807879322833
JP225Cash,HK50Cash,72,1.5,72,687,-0.03418361250601785,-0.4156746347256488,0.049207109453336555,-0.09086483672288956,4,11,-23.48414179163426
JP225Cash,HK50Cash,72,2.0,6,1001,-0.06404005430987383,-2.4714388623842702,-0.06114472322986822,-0.06633867737159875,1,11,-64.10409436418371
JP225Cash,HK50Cash,72,2.0,24,659,0.029031031009539687,0.47292768932441687,0.029601044728850976,0.02859934061944794,6,11,19.131449435286655
JP225Cash,HK50Cash,72,2.0,72,515,0.04671151222015877,0.4780754804257513,0.08316484309095408,0.01974097350156361,7,11,24.056428793381766
JP225Cash,HK50Cash,72,2.5,6,517,-0.04880768325266108,-1.3041332995137969,-0.02800699729674108,-0.06534711757177802,2,11,-25.233572241625776
JP225Cash,HK50Cash,72,2.5,24,398,-0.08870452199406087,-1.0370476431911657,-0.03955500668412042,-0.12611034780516603,5,11,-35.304399753636226
JP225Cash,HK50Cash,72,2.5,72,350,0.019224179750388662,0.152531572265701,0.08481529322689518,-0.02883267566804189,5,11,6.728462912636032
JP225Cash,HK50Cash,168,1.5,6,983,-0.06237789398293611,-2.487859457913794,-0.022165276281939737,-0.09338870547127208,2,11,-61.317469785226194
JP225Cash,HK50Cash,168,1.5,24,643,-0.051360406363622074,-0.8327763553380149,0.04077381733030193,-0.118479692979357,5,11,-33.02474129180899
JP225Cash,HK50Cash,168,1.5,72,437,-0.008503142870753853,-0.07159699935641313,0.026444835140579246,-0.033682197894667046,5,11,-3.715873434519434
JP225Cash,HK50Cash,168,2.0,6,685,-0.09150494838940056,-3.0751947770173795,-0.10487071838946153,-0.08169210459188743,2,11,-62.68088964673938
JP225Cash,HK50Cash,168,2.0,24,449,-0.08592836486204923,-1.1949203388529623,-0.07946029790176484,-0.09067327884835825,2,11,-38.5818358230601
JP225Cash,HK50Cash,168,2.0,72,303,0.12156987014734551,0.8432407187231635,0.026392004692421214,0.19603255312090384,6,11,36.83567065464569
JP225Cash,HK50Cash,168,2.5,6,301,-0.020413600563806582,-0.4177136710113868,-0.025697955316794197,-0.016861339868742716,5,11,-6.144493769705781
JP225Cash,HK50Cash,168,2.5,24,219,0.06511706992107968,0.5384699338027691,-0.056432445630446124,0.15153117863349258,6,11,14.26063831271645
JP225Cash,HK50Cash,168,2.5,72,170,0.1027133277142512,0.4883068327600232,0.253025417590446,-0.002505135199085107,5,11,17.461265711422705
JP225Cash,HK50Cash,336,1.5,6,675,-0.03142337729008063,-1.0808112206183729,-0.04765233800504768,-0.020604070146769248,4,11,-21.210779670804424
JP225Cash,HK50Cash,336,1.5,24,441,-0.04379614310864556,-0.5692664446109191,-0.012234649911666774,-0.06639269854928409,5,11,-19.314099110912693
JP225Cash,HK50Cash,336,1.5,72,285,-0.028508497005496538,-0.1779467505811812,0.03115375998058217,-0.07066506182200724,5,11,-8.124921646566513
JP225Cash,HK50Cash,336,2.0,6,475,-0.014033692462288552,-0.3877722792583954,0.03458209870058629,-0.0525594137611705,6,11,-6.666003919587062
JP225Cash,HK50Cash,336,2.0,24,307,0.019283749026797515,0.17291712630957543,0.061649047531151795,-0.012249512928147991,6,11,5.920110951226837
JP225Cash,HK50Cash,336,2.0,72,209,-0.07835296073276275,-0.38706625961582725,0.013013493310544366,-0.1474536402613143,4,11,-16.375768793147415
JP225Cash,HK50Cash,336,2.5,6,237,0.030569249489771202,0.5917623794954783,0.04818510893267176,0.017259489021801876,6,11,7.244912129075775
JP225Cash,HK50Cash,336,2.5,24,159,0.12375280954973368,0.8336163574066349,-0.03365792552575696,0.2383888883547106,8,11,19.676696718407655
JP225Cash,HK50Cash,336,2.5,72,114,0.1186920333627388,0.4211103025869992,-0.07124930169822323,0.24718176002162492,7,11,13.530891803352223
JP225Cash,US500Cash,24,1.5,6,3797,-0.03155734059231219,-4.143848217276941,-0.02333451144047654,-0.038259024963191626,2,11,-119.82322222900939
JP225Cash,US500Cash,24,1.5,24,2550,-0.03953147104850642,-2.8440558437824364,-0.040958455010145896,-0.0383630134251383,0,11,-100.80525117369137
JP225Cash,US500Cash,24,1.5,72,2257,-0.0442508802063629,-2.6705740634972712,-0.048146579673879905,-0.04105005530084851,2,11,-99.87423662576106
JP225Cash,US500Cash,24,2.0,6,2497,-0.02926540297337183,-3.211552653426486,-0.027472441607205102,-0.03071901487139533,3,11,-73.07571122450946
JP225Cash,US500Cash,24,2.0,24,1963,-0.036748218610635236,-2.309993940828573,-0.048811917797146595,-0.026823949827674175,2,11,-72.13675313267697
JP225Cash,US500Cash,24,2.0,72,1785,-0.034584337647255166,-1.8609765953210224,-0.049491689522488065,-0.022255637222292842,1,11,-61.733042700350474
JP225Cash,US500Cash,24,2.5,6,1322,-0.04397972305628827,-3.4534609770821048,-0.027462726460471227,-0.05685097612355352,2,11,-58.1411938804131
JP225Cash,US500Cash,24,2.5,24,1209,-0.0689669614066298,-3.2885556269255716,-0.08933552397736204,-0.05290713322586016,2,11,-83.38105634061543
JP225Cash,US500Cash,24,2.5,72,1151,-0.06193372258328174,-2.590132354620854,-0.09562223438784556,-0.034845624533530566,2,11,-71.28571469335728
JP225Cash,US500Cash,72,1.5,6,2374,-0.03138513551366902,-3.16381090194077,-0.017316681566460223,-0.04338889832732963,2,11,-74.50831170945025
JP225Cash,US500Cash,72,1.5,24,1498,-0.04900392575755489,-2.2038705157969,-0.039532309709921984,-0.05704895272147024,3,11,-73.40788078481722
JP225Cash,US500Cash,72,1.5,72,1087,-0.04245653032550645,-1.168827806306214,-0.017142438125738017,-0.06346637452497754,4,11,-46.150248463825505
JP225Cash,US500Cash,72,2.0,6,1580,-0.03592393639044534,-2.806777407650761,-0.019869875875030713,-0.04899205224053601,1,11,-56.75981949690364
JP225Cash,US500Cash,72,2.0,24,1061,-0.04267328976713297,-1.5216172471292686,-0.042304028274694344,-0.04297146684961322,3,11,-45.27636044292808
JP225Cash,US500Cash,72,2.0,72,819,-0.025516711283694104,-0.6003994420472926,-0.0003643185859112518,-0.04614167329587605,3,11,-20.89818654134547
JP225Cash,US500Cash,72,2.5,6,820,-0.056954439578152605,-3.1695091753809908,-0.019922565681513803,-0.08607972601973564,1,11,-46.702640454085135
JP225Cash,US500Cash,72,2.5,24,635,-0.0716351460222254,-1.8314488569964944,-0.053891784939027625,-0.08562990969347999,2,11,-45.48831772411313
JP225Cash,US500Cash,72,2.5,72,564,-0.023270773288531152,-0.4766530309848903,-0.03680753976636771,-0.01257028169176509,4,11,-13.12471613473157
JP225Cash,US500Cash,168,1.5,6,1555,-0.04366369731342558,-3.379042445118492,-0.039094613587079476,-0.04760350603554436,3,11,-67.89704932237677
JP225Cash,US500Cash,168,1.5,24,991,-0.07716306554337057,-2.537725476168254,-0.07505945139896703,-0.07897067394512822,1,11,-76.46859795348024
JP225Cash,US500Cash,168,1.5,72,677,-0.10865540907236985,-2.108167450012796,-0.07423966383605542,-0.13637155590268174,1,11,-73.5597119419944
JP225Cash,US500Cash,168,2.0,6,1071,-0.06910265414544328,-4.399141933069729,-0.07331476540154296,-0.06540043004139781,0,11,-74.00894258976976
JP225Cash,US500Cash,168,2.0,24,692,-0.08907821745219023,-2.439012595803945,-0.10728166329347184,-0.07360042125559246,1,11,-61.642126476915635
JP225Cash,US500Cash,168,2.0,72,486,-0.16601384218052478,-2.558046185443193,-0.1272198461957995,-0.19836657090740892,1,11,-80.68272729973505
JP225Cash,US500Cash,168,2.5,6,548,-0.07837076421901089,-3.2863177389361087,-0.053943985201703154,-0.09630434881399631,2,11,-42.947178792017965
JP225Cash,US500Cash,168,2.5,24,384,-0.10737857463768911,-2.148641413141225,-0.08514077351270716,-0.12449245845276737,3,11,-41.23337266087262
JP225Cash,US500Cash,168,2.5,72,304,-0.135456564791216,-1.5784472170809458,-0.008413127563924238,-0.22538618889592818,2,11,-41.17879569652967
JP225Cash,US500Cash,336,1.5,6,1074,-0.042446740665535325,-2.8854758418175264,-0.043906131990494146,-0.0413324270922909,4,11,-45.58779947478494
JP225Cash,US500Cash,336,1.5,24,697,-0.0769063640489215,-2.168244440843622,-0.11671527553670837,-0.04629189658496355,4,11,-53.60373574209828
JP225Cash,US500Cash,336,1.5,72,472,-0.03982543729682061,-0.5764318395742103,-0.07212446984861735,-0.01326291245692599,4,11,-18.797606404099326
JP225Cash,US500Cash,336,2.0,6,705,-0.03850580095777041,-1.9220346236236845,-0.03365329007527547,-0.04218451244973665,2,11,-27.146589675228142
JP225Cash,US500Cash,336,2.0,24,477,-0.0640638027459013,-1.4132495745607114,-0.10405750091337064,-0.03313930750860159,3,11,-30.55843390979492
JP225Cash,US500Cash,336,2.0,72,320,-0.15513289596243512,-1.7962439330130175,-0.14539708935409665,-0.16289966303200853,4,11,-49.64252670797924
JP225Cash,US500Cash,336,2.5,6,388,-0.0476965107355663,-1.628991546538107,-0.10615747809065348,-0.003982454064645242,5,11,-18.506246165399723
JP225Cash,US500Cash,336,2.5,24,258,-0.07486050363237898,-1.1317935503737642,-0.0938821403300021,-0.05980170791342738,4,11,-19.314009937153777
JP225Cash,US500Cash,336,2.5,72,191,-0.19460686433773258,-1.4950150642980262,-0.3216213858700865,-0.09489452967681927,4,11,-37.16991108850692
GOLD.,SILVER.,24,1.5,6,3857,-0.023152665912144627,-2.0948434211769795,-0.02652178144762987,-0.020363165987740496,2,11,-89.29983242314182
GOLD.,SILVER.,24,1.5,24,2654,-0.013563256511626456,-0.6361478760720056,-0.008767593147665887,-0.017600133444648086,3,11,-35.99688278185661
GOLD.,SILVER.,24,1.5,72,2365,-0.02022478339086376,-0.8014002178341232,-0.017461034602465793,-0.022615818423097657,4,11,-47.831612719392794
GOLD.,SILVER.,24,2.0,6,2550,-0.03244036258602247,-2.3670153016851088,-0.016012104569693476,-0.04619370251035553,2,11,-82.7229245943573
GOLD.,SILVER.,24,2.0,24,1992,-0.021710626168528358,-0.8646237570136394,0.007617267402758271,-0.046880087069259405,4,11,-43.24756732770849
GOLD.,SILVER.,24,2.0,72,1821,-0.024327285141757502,-0.8042791893237801,0.007896288607681462,-0.052349222478281936,5,11,-44.29998624314041
GOLD.,SILVER.,24,2.5,6,1404,-0.001928193913201612,-0.11365287246121825,0.004813976150150304,-0.008012591287446027,6,11,-2.707184254135063
GOLD.,SILVER.,24,2.5,24,1261,0.005517986843383376,0.16944805186014805,0.045060186069226724,-0.029696505420711023,6,11,6.958181409506437
GOLD.,SILVER.,24,2.5,72,1193,0.0009728869810241126,0.02400281475147104,0.053633846524425315,-0.04624616100383801,5,11,1.1606541683617664
GOLD.,SILVER.,72,1.5,6,2325,-0.03053216490871206,-2.1863270365805043,-0.028448700758928747,-0.03231775359299122,4,11,-70.98728341275554
GOLD.,SILVER.,72,1.5,24,1508,-0.01389003307075237,-0.4086789777375069,-0.020899579219414505,-0.00814880045924264,5,11,-20.946169870694575
GOLD.,SILVER.,72,1.5,72,1116,-0.013275329279774175,-0.2492028324677373,-0.0002226204353565177,-0.024141870140397727,5,11,-14.81526747622798
GOLD.,SILVER.,72,2.0,6,1559,-0.02329072916273313,-1.182328539815457,-0.013916651145323025,-0.03121154774785836,3,11,-36.31024676470095
GOLD.,SILVER.,72,2.0,24,1043,0.020585028389128554,0.4893811162217912,0.013821664106893639,0.026068519916565527,6,11,21.470184609861082
GOLD.,SILVER.,72,2.0,72,846,0.03031708497173756,0.46454835497520885,0.05755067903293606,0.008841121790285013,6,11,25.648253886089975
GOLD.,SILVER.,72,2.5,6,906,-0.019138582232521777,-0.6465814968797633,-0.005768261797606203,-0.030847993296640404,4,11,-17.33955550266473
GOLD.,SILVER.,72,2.5,24,672,0.05733228934073866,1.0832548847053904,0.05476404474867845,0.05946666154939902,7,11,38.52729843697638
GOLD.,SILVER.,72,2.5,72,600,0.06614810970409843,0.794853671413688,0.10906527018184047,0.0321987141023025,6,11,39.68886582245906
GOLD.,SILVER.,168,1.5,6,1457,-0.038183762159781386,-2.2451144662300706,-0.027606102350041926,-0.047884589643187175,2,11,-55.63374146680148
GOLD.,SILVER.,168,1.5,24,948,-0.004159310850815949,-0.10554235430692624,0.010976153562760188,-0.017324478121796386,4,11,-3.9430266865735195
GOLD.,SILVER.,168,1.5,72,652,0.018813167817470847,0.23645119612534152,0.10940802674407234,-0.057922987477299286,5,11,12.266185416990993
GOLD.,SILVER.,168,2.0,6,1017,-0.034645980504361434,-1.4735400066862927,-0.038245179089538346,-0.03181216509810616,4,11,-35.23496217293558
GOLD.,SILVER.,168,2.0,24,669,0.017069524208310264,0.33006653792383917,0.0008184627399474327,0.03020213874625755,6,11,11.419511695359567
GOLD.,SILVER.,168,2.0,72,474,0.07984962095282415,0.7337447997162648,0.1439915773978837,0.02614937834765801,5,11,37.848720331638646
GOLD.,SILVER.,168,2.5,6,633,0.0018048913641259873,0.049649378620420494,0.036123808691386906,-0.02739629267749077,5,11,1.14249623349175
GOLD.,SILVER.,168,2.5,24,431,0.08103435195682267,1.1737078488921713,0.10539690600913829,0.06090427551529067,6,11,34.92580569339057
GOLD.,SILVER.,168,2.5,72,321,0.22106872785828488,1.6087930201115006,0.37131930256054757,0.10036180548511868,7,11,70.96306164250944
GOLD.,SILVER.,336,1.5,6,937,-0.021936274153608167,-0.9923988758972152,0.0021146249305788144,-0.0393112802934712,4,11,-20.55428888193085
GOLD.,SILVER.,336,1.5,24,656,-0.028412542136822764,-0.6096979843373961,-0.020963175408397386,-0.033722404060739584,2,11,-18.638627641755733
GOLD.,SILVER.,336,1.5,72,438,0.06168463271981979,0.5499372133248366,0.3041667390795592,-0.11562441738512796,6,11,27.017869131281067
GOLD.,SILVER.,336,2.0,6,693,-0.049533020284541776,-1.7787986412984271,-0.011193107167514852,-0.08204526660778062,2,11,-34.32638305718745
GOLD.,SILVER.,336,2.0,24,457,0.047015562197193196,0.6869539453814927,0.17845131071034598,-0.06375085489655247,5,11,21.486111924117292
GOLD.,SILVER.,336,2.0,72,304,0.21093268191325867,1.5662931898312529,0.40142738913104203,0.05672268083219591,8,11,64.12353530163064
GOLD.,SILVER.,336,2.5,6,431,-0.08046055488664083,-1.773577838269355,-0.055593812243478445,-0.1026006810119126,5,11,-34.6784991561422
GOLD.,SILVER.,336,2.5,24,291,0.10844739302910508,1.1037410663887555,0.1358025075374296,0.0837741524921849,6,11,31.55819137146958
GOLD.,SILVER.,336,2.5,72,200,0.06241433019445133,0.3107948277106962,0.3462105813016347,-0.18424970114169867,8,11,12.482866038890265
OILCash,BRENTCash,24,1.5,6,3132,-0.059645388405581395,-5.989119079748153,-0.04232659103729445,-0.06966654736666679,1,10,-186.80935648628093
OILCash,BRENTCash,24,1.5,24,2208,-0.06063238495648462,-3.8610462021577368,-0.04453119933499588,-0.0696736447750575,2,10,-133.87630598391803
OILCash,BRENTCash,24,1.5,72,1967,-0.06080566880791888,-3.5324623390001006,-0.042687835240484806,-0.07072700017136035,1,10,-119.60475054517643
OILCash,BRENTCash,24,2.0,6,2010,-0.052209070004708924,-3.6381802667355,-0.0156908945077154,-0.07228421197028824,1,10,-104.94023070946494
OILCash,BRENTCash,24,2.0,24,1618,-0.04303892208872197,-2.166126760757242,0.0034321183431321924,-0.06831420171291745,1,10,-69.63697593955214
OILCash,BRENTCash,24,2.0,72,1476,-0.05038012387400621,-2.438429764091417,-0.008105815255371853,-0.0731025647565222,1,10,-74.36106283803316
OILCash,BRENTCash,24,2.5,6,1086,-0.05136216864521411,-2.374684472340353,-0.03576128640326574,-0.05949035939311998,1,10,-55.77931514870252
OILCash,BRENTCash,24,2.5,24,1006,-0.05402497755678847,-2.2902083517639813,-0.003429933891618416,-0.0806660703516504,1,10,-54.3491274221292
OILCash,BRENTCash,24,2.5,72,956,-0.053985677179090495,-2.073839826584497,0.011098318832522117,-0.08797859229343595,1,10,-51.61030738321051
OILCash,BRENTCash,72,1.5,6,2041,-0.05533791654515522,-4.327993678836529,-0.025123643386108493,-0.07252359074784127,2,10,-112.9446876686618
OILCash,BRENTCash,72,1.5,24,1271,-0.0453518580645883,-1.919685968001458,-0.012547952506957246,-0.06395826565584635,2,10,-57.642211600091734
OILCash,BRENTCash,72,1.5,72,954,-0.04854753998998649,-1.3246850459775108,-0.004810258717475528,-0.07298896187756615,2,10,-46.31435315044711
OILCash,BRENTCash,72,2.0,6,1282,-0.049624885302133374,-2.6102756378360272,-0.034597379845445884,-0.058352326818902574,1,10,-63.61910295733499
OILCash,BRENTCash,72,2.0,24,840,-0.048470447672755275,-1.4146976017876018,-0.05928093506486461,-0.04221174444574461,1,10,-40.71517604511443
OILCash,BRENTCash,72,2.0,72,694,-0.031837950979615975,-0.7078756838454345,0.0012285124986750387,-0.05080805361001876,2,10,-22.09553797985349
OILCash,BRENTCash,72,2.5,6,661,-0.019344879855140825,-0.5637095684846624,0.020332814344211997,-0.041669445385745955,2,10,-12.786965584248085
OILCash,BRENTCash,72,2.5,24,529,0.006069353866880513,0.12724150938270115,0.0784768333047267,-0.03518357210364316,5,10,3.2106881955797912
OILCash,BRENTCash,72,2.5,72,475,-0.01006773262980919,-0.1720625363261638,0.07142820574283447,-0.05717834152296535,4,10,-4.782172999159365
OILCash,BRENTCash,168,1.5,6,1325,-0.04561638583357262,-2.967802121730485,-0.022799851046729536,-0.05824171340612823,1,10,-60.44171122948373
OILCash,BRENTCash,168,1.5,24,832,-0.049668098784747,-1.415036887515534,-0.06344143615085315,-0.04177902275085258,3,10,-41.323858188909504
OILCash,BRENTCash,168,1.5,72,561,-0.03882745537650815,-0.6145025609296599,-0.044194567805113175,-0.03573684288250806,2,10,-21.782202466221072
OILCash,BRENTCash,168,2.0,6,938,-0.04881183000855075,-2.3227944576895645,-0.019373554809827095,-0.06391081632015416,2,10,-45.7854965480206
OILCash,BRENTCash,168,2.0,24,570,0.0008372827485292847,0.02060039555009288,0.0709368489621127,-0.03504923258097098,5,10,0.4772511666616923
OILCash,BRENTCash,168,2.0,72,393,0.013438279474493503,0.18516825446064894,0.08713502822147767,-0.02426044199992537,5,10,5.281243833475947
OILCash,BRENTCash,168,2.5,6,476,-0.036944860489958695,-0.762330667279122,-0.0011745803004694088,-0.05627701839172153,3,10,-17.58575359322034
OILCash,BRENTCash,168,2.5,24,316,-0.028859081452720214,-0.4156736357463044,0.0005393630177609471,-0.04455727995637519,3,10,-9.119469739059587
OILCash,BRENTCash,168,2.5,72,244,0.022608857669948038,0.20362627819617043,0.07066499347989753,-0.0030815293982639487,4,10,5.516561271467321
OILCash,BRENTCash,336,1.5,6,971,-0.04101433442404516,-2.09437156588602,-0.004471259209970923,-0.06026265234340818,2,10,-39.82491872574785
OILCash,BRENTCash,336,1.5,24,626,0.004476429600333416,0.11841753518997791,0.09939078885580065,-0.04447455955563398,4,10,2.802244929808719
OILCash,BRENTCash,336,1.5,72,411,-0.024714811760987793,-0.33046404266254253,-0.007292419171227356,-0.03441591672574083,4,10,-10.157787633765983
OILCash,BRENTCash,336,2.0,6,678,-0.03892513621063494,-1.4018332690970148,0.019935158079172774,-0.06816038171881758,2,10,-26.391242350810487
OILCash,BRENTCash,336,2.0,24,424,-0.027946508263504283,-0.5934396051844321,0.09281321904609725,-0.08875459790167249,3,10,-11.849319503725816
OILCash,BRENTCash,336,2.0,72,278,-0.0911413124620559,-0.8507542444200911,-0.11322456403807031,-0.0791182088262258,3,10,-25.33728486445154
OILCash,BRENTCash,336,2.5,6,359,-0.010012219036045263,-0.196766368609744,0.12477544255145386,-0.08201417501227344,2,10,-3.5943866339402497
OILCash,BRENTCash,336,2.5,24,234,-0.03669627749937771,-0.350788349942943,0.07803072963329295,-0.09517004242506148,3,10,-8.586928934854384
OILCash,BRENTCash,336,2.5,72,173,-0.052907825052659056,-0.37390424841819925,0.24693803106541193,-0.2080912067278011,2,10,-9.153053734110017
