elog,med,p10,stop,dd,p10_1y,med_1y,jp,us,de,mult
5.196471903775861,972.8536860219008,21.616888239621332,1.6666666666666667,-63.145638483698164,5.850341658177978,9.844201281686942,7000,25000.0,40000.0,1.0
5.476210465220543,1195.471441548878,31.71452818138707,0.0,-61.79593581671785,6.135697919095989,10.217084339890583,7000,25000.0,40000.0,1.5
5.591612949161492,1331.3280637462224,39.45130951148383,0.0,-63.68948693794447,6.252283940436429,10.385935502170998,7000,25000.0,40000.0,2.0
5.141690202188863,892.0533152256087,23.96064128277431,0.0,-60.84239068200138,6.537220428505224,9.77770669044141,7000,25000.0,50000.0,1.0
5.33602117034813,1096.3296107715175,30.231005993616353,0.0,-59.752847299639086,6.998901713399477,10.485381413631597,7000,25000.0,50000.0,1.5
5.450897154325885,1167.6912993409398,35.05208084468506,0.0,-62.39005222067425,6.974900758560242,10.296999748607357,7000,25000.0,50000.0,2.0
4.947229492233467,719.1781548759759,22.9738701432731,0.0,-54.643449813969,5.9345280755262015,11.542973120464413,7000,25000.0,80000.0,1.0
5.155641666519068,881.94235704576,30.91169342562886,0.0,-57.113110945104935,6.212086119894947,11.767120048760193,7000,25000.0,80000.0,1.5
5.280414555172322,937.475186780183,37.605505216374496,0.0,-60.86633567277744,6.691678230757204,11.604453187065053,7000,25000.0,80000.0,2.0
4.524229497269267,487.9382997576406,20.115128142781014,0.0,-51.68473405499415,5.9345280755262015,12.205653458123065,7000,25000.0,1000000000000.0,1.0
4.692050954867023,579.2336007777262,25.059944030992927,0.0,-55.28715232464621,6.212086119894947,12.309632029797191,7000,25000.0,1000000000000.0,1.5
4.820400834410915,595.416248242559,34.07334372242594,0.0,-58.57327266556565,6.411693445086729,12.335337056892953,7000,25000.0,1000000000000.0,2.0
5.195398621029985,936.3929799091727,25.987410146445267,0.3333333333333333,-61.31504702168565,6.015513479074061,10.016997962619149,7000,31250.0,40000.0,1.0
5.417878919759369,1107.1409753675837,31.723564849410405,0.0,-60.214254916776035,6.124508158486219,10.316630498941809,7000,31250.0,40000.0,1.5
5.537945582585376,1258.0858158960932,39.53410869461729,0.0,-63.0092438142475,6.698530044151656,10.598726491658217,7000,31250.0,40000.0,2.0
5.101795206772417,877.5746019895091,24.061743805345838,0.0,-58.34364716013092,6.5835732979839685,11.44096017675231,7000,31250.0,50000.0,1.0
5.254555223717394,1035.861792861321,28.860856147684128,0.0,-59.03979787413165,6.507290855874779,10.872275998871913,7000,31250.0,50000.0,1.5
5.412680573026458,1147.6214411807803,40.50080631937217,0.0,-61.09472082247744,6.8803959649255875,11.090960559219624,7000,31250.0,50000.0,2.0
4.858067709980088,683.6294931955175,23.362292230697225,0.0,-53.62090598962187,5.971782595820655,11.204256635094193,7000,31250.0,80000.0,1.0
5.081889211233929,825.6994564772716,31.65936362956284,0.0,-55.303657629600366,6.6650768708886226,11.528939330044551,7000,31250.0,80000.0,1.5
5.233182948173981,963.8178826432,37.99012002326053,0.0,-60.21296453499553,6.807798247709317,12.169768542929726,7000,31250.0,80000.0,2.0
4.4373269801450546,446.530537689708,21.379360127764738,0.0,-49.68277119116136,5.971782595820655,12.049298608431899,7000,31250.0,1000000000000.0,1.0
4.616250383596809,522.5577743010859,25.048239506274165,0.0,-54.240933865000905,6.198440049378003,12.354561845015226,7000,31250.0,1000000000000.0,1.5
4.753785285325449,593.5102915855432,35.3422215070507,0.0,-57.916338449761454,6.671673855159519,12.731133334025166,7000,31250.0,1000000000000.0,2.0
5.139995914327676,909.8507552750932,27.289795461185754,0.0,-56.98750678720208,6.017162809363258,10.505827190892768,7000,40000.0,40000.0,1.0
5.352640637718569,1100.053798459,34.44275098871783,0.0,-59.668252834168015,6.301964170198906,10.504435655957852,7000,40000.0,40000.0,1.5
5.507227777966827,1280.0557873775854,40.73891443372864,0.0,-62.33627579574924,6.833770032630496,10.867367989381382,7000,40000.0,40000.0,2.0
5.026571643136658,802.4332064035973,24.415844931797672,0.0,-56.00434871162512,6.422599364985691,11.256556246732242,7000,40000.0,50000.0,1.0
5.237815555617959,991.7942711397029,34.24639925108643,0.0,-58.054759412877,6.725449456448086,10.898008680708413,7000,40000.0,50000.0,1.5
5.370283138887876,1069.110933906011,40.89928857381273,0.0,-60.52103727306437,6.833770032630496,10.869911512949631,7000,40000.0,50000.0,2.0
4.832395368128753,649.231600611781,25.08302553125504,0.0,-52.57583516601895,6.178971289169219,11.296413455051825,7000,40000.0,80000.0,1.0
5.021293720033452,793.0762840917989,33.26375593127766,0.0,-54.515085666393084,6.7883387493670115,11.767613125821713,7000,40000.0,80000.0,1.5
5.158480685383095,884.483457791352,40.17734158831043,0.0,-59.69225150755393,6.777814829277363,12.034604412841333,7000,40000.0,80000.0,2.0
4.393824810837256,406.92067343580845,21.320595277328362,0.0,-47.2340811393611,6.178971289169219,12.346335611163019,7000,40000.0,1000000000000.0,1.0
4.5622603326522615,488.63583632112324,29.052255124285182,0.0,-52.91918618134886,6.535114259726973,12.373477829108127,7000,40000.0,1000000000000.0,1.5
4.699287267805987,576.5966221135127,37.80355330105847,0.0,-57.357450433576986,6.777814829277363,12.641519589453965,7000,40000.0,1000000000000.0,2.0
4.86992828200634,718.4760645001361,28.556375581846165,0.0,-54.49408407602838,6.464294762921132,11.038473269547854,7000,1000000000000.0,40000.0,1.0
5.102272848399084,908.959813239133,35.845570621177295,0.0,-57.44496280065159,6.7618068745867,11.143848568038045,7000,1000000000000.0,40000.0,1.5
5.274877339207652,1066.942998075342,42.79542233711365,0.0,-58.709955825163554,6.69410992992971,11.665478672748513,7000,1000000000000.0,40000.0,2.0
4.751975889965994,659.1151492378959,26.524392800739093,0.0,-52.76002446094195,6.264958457998811,11.347292624614207,7000,1000000000000.0,50000.0,1.0
4.981297837957671,795.2119541843725,37.13820874643724,0.0,-54.69666187912397,6.7618068745867,11.46939950279405,7000,1000000000000.0,50000.0,1.5
5.132384345671964,952.254310936141,43.17169101041832,0.0,-54.74372950548849,6.69410992992971,11.625894003372874,7000,1000000000000.0,50000.0,2.0
4.540830668286953,564.3204617721456,27.185747020468682,0.0,-48.70988161420356,6.522761083660008,11.259483444205104,7000,1000000000000.0,80000.0,1.0
4.746116173115529,648.1796476611465,33.78913011707747,0.0,-47.77682951351438,6.700833608414284,11.388554078062057,7000,1000000000000.0,80000.0,1.5
4.895266392439512,724.0369792876203,41.321092526020855,0.0,-55.24433058813951,6.850691730762986,11.43474529426259,7000,1000000000000.0,80000.0,2.0
4.095147260077778,366.8598965053763,23.006982917492262,0.0,-40.73021860945184,6.522761083660008,11.360960603070424,7000,1000000000000.0,1000000000000.0,1.0
4.288285049951488,406.6441379445122,30.348232360958413,0.0,-48.10876288742185,6.700833608414284,11.653298985101035,7000,1000000000000.0,1000000000000.0,1.5
4.442662180440602,432.45258712939534,38.79591081239474,0.0,-55.36588582566622,6.850691730762986,11.967405352262706,7000,1000000000000.0,1000000000000.0,2.0
4.958816508290019,710.186591354429,21.7278769255818,0.0,-56.9881052966011,5.747570257566747,9.856066372167504,8750,25000.0,40000.0,1.0
5.130469141597903,887.5846212630573,27.04699520167776,0.0,-56.93595655564201,6.087305756899181,9.861660461595216,8750,25000.0,40000.0,1.5
5.286483762375944,981.72418624225,32.25347486892708,0.0,-56.1211435310852,6.2189123545912,10.239636815103125,8750,25000.0,40000.0,2.0
4.810818486356042,615.9191444510333,21.282445479884572,0.0,-55.760676155688316,6.379084310841441,9.840381580898283,8750,25000.0,50000.0,1.0
4.983925185641989,761.247787860059,25.651587585766748,0.0,-53.57858116136127,6.873632431417659,9.87700489977903,8750,25000.0,50000.0,1.5
5.1334857585600595,907.2234043155205,29.10396929735488,0.0,-54.78316587212624,6.830755927553746,9.996649874462513,8750,25000.0,50000.0,2.0
4.6030838567717725,494.84154897831195,19.902579807024285,0.0,-47.21163186190609,5.887128683545498,10.954790727628593,8750,25000.0,80000.0,1.0
4.797511066480661,603.0933186471644,25.23012195345319,0.0,-49.52570962866622,6.092178961817236,10.810803473014886,8750,25000.0,80000.0,1.5
4.945233120713435,688.4536398827898,29.737663911682542,0.0,-51.82026639166298,6.397450135202603,11.011031998905572,8750,25000.0,80000.0,2.0
4.179610461186433,330.97764743989444,17.99411236762729,0.0,-43.83502305150491,5.887128683545498,11.552340025107805,8750,25000.0,1000000000000.0,1.0
4.340594057677863,383.520446461449,20.733194408423316,0.0,-46.35239862578135,6.092178961817236,11.510645424187894,8750,25000.0,1000000000000.0,1.5
4.478019115350976,432.2233054092223,27.654589904893975,0.0,-49.85177028714284,6.293017398387614,11.42675528493753,8750,25000.0,1000000000000.0,2.0
4.852571626812604,683.7974195946163,21.576378973184248,0.0,-55.218828998226066,5.9927026262991845,9.954719470092428,8750,31250.0,40000.0,1.0
5.063600097221063,811.1634229846686,26.737232487934588,0.0,-53.89608934212902,6.068861238688208,10.521679993271725,8750,31250.0,40000.0,1.5
5.204421549854531,944.3621978799705,31.243044057580153,0.0,-55.39956392211114,5.994481486118958,10.228903945403037,8750,31250.0,40000.0,2.0
4.733685924220243,605.1999755739037,21.412867417695217,0.0,-53.13416677963726,6.631534122288906,10.341843487209463,8750,31250.0,50000.0,1.0
4.91925727499696,693.2282599571204,24.62109201391063,0.0,-51.43860593575273,6.715975294825008,10.503469968743495,8750,31250.0,50000.0,1.5
5.08946733035216,850.3512097167938,30.98603819856567,0.0,-53.71666257927339,6.685858460497568,10.804271987608585,8750,31250.0,50000.0,2.0
4.497701141890572,465.9962631464608,19.38876719992279,0.0,-46.30507891935965,5.909792942262362,10.216134899784898,8750,31250.0,80000.0,1.0
4.697626052775574,593.9794424294248,25.221831170640737,0.0,-48.411056463788334,6.552170910529068,10.780051814058854,8750,31250.0,80000.0,1.5
4.8558629737665315,656.8621118703359,29.140931568546915,0.0,-50.444399236491755,6.662710380238065,11.02656245417313,8750,31250.0,80000.0,2.0
4.07512254460838,302.2630126569416,18.117288676792697,0.0,-41.78964694118233,5.909792942262362,11.192441108948872,8750,31250.0,1000000000000.0,1.0
4.249767377818954,357.50700158430584,21.128456393732403,0.0,-44.81417093490032,6.127813346564587,11.539192941102467,8750,31250.0,1000000000000.0,1.5
4.3907532388361625,411.0632009423836,26.970581613739316,0.0,-49.08643551927292,6.49969239515653,11.539940406347105,8750,31250.0,1000000000000.0,2.0
4.777987736706538,660.6245989694903,22.859487648147212,0.0,-53.01184577301478,5.845977640688471,10.093796631556193,8750,40000.0,40000.0,1.0
4.9812938997327505,789.6370459103213,27.843758760641435,0.0,-52.225595213049644,6.014766627593112,10.41726354485887,8750,40000.0,40000.0,1.5
5.151220220772355,880.7274922821524,32.904752745118735,0.0,-54.56775741970612,6.689546713498668,10.374617736805941,8750,40000.0,40000.0,2.0
4.666863302046908,579.9035374205857,21.906926869468776,0.0,-50.72406828035327,6.561535715119744,10.579744003732436,8750,40000.0,50000.0,1.0
4.84415045541939,641.9152947478864,26.43842228514083,0.0,-50.457590241809626,6.666062020133395,10.33322579173506,8750,40000.0,50000.0,1.5
5.011488461315938,786.1486094510404,32.57643169625443,0.0,-52.52341812054166,6.693235948549325,10.598285946824312,8750,40000.0,50000.0,2.0
4.4220487826614425,460.50001912296267,19.72166890331681,0.0,-45.29757567871783,6.129921594060984,10.498488727005014,8750,40000.0,80000.0,1.0
4.625112587455881,554.8556679699687,26.145159546402102,0.0,-46.44206688292356,6.585604506669265,10.997035444350157,8750,40000.0,80000.0,1.5
4.787678338475182,623.6528155574042,30.137492973692954,0.0,-48.94334078848285,6.627069128624971,11.04894479945527,8750,40000.0,80000.0,2.0
4.009495436390278,305.9189377054561,18.11105536401227,0.0,-38.799409711384705,6.129921594060984,11.121923296893714,8750,40000.0,1000000000000.0,1.0
4.180467567809434,343.2356000046654,22.95680215347359,0.0,-43.462412131863424,6.443442328012663,11.540336712678286,8750,40000.0,1000000000000.0,1.5
4.32619356223851,390.95911400497545,30.30253542520756,0.0,-48.39585313874578,6.627069128624971,11.60667464065948,8750,40000.0,1000000000000.0,2.0
4.460309915065068,472.1804625171817,23.55860157728521,0.0,-48.414236367001614,6.188192537495967,9.768554181257914,8750,1000000000000.0,40000.0,1.0
4.650763082371247,574.6052439741545,27.7910467115296,0.0,-49.84042559770305,6.608280135014515,10.438686748548461,8750,1000000000000.0,40000.0,1.5
4.8353340599060175,702.5800990425423,33.01125191124516,0.0,-51.848529484000835,6.561832357579555,10.409420501111176,8750,1000000000000.0,40000.0,2.0
4.354837803132508,442.35597109535485,22.25886054883423,0.0,-45.59035824094028,6.589039834088946,10.34421677231449,8750,1000000000000.0,50000.0,1.0
4.5415685366114165,549.409130064917,27.22727622709606,0.0,-47.48999044836896,6.608280135014515,10.40669180163933,8750,1000000000000.0,50000.0,1.5
4.705735360585071,632.8136642695224,33.3186714605893,0.0,-48.091133584203284,6.561832357579555,10.60755440496324,8750,1000000000000.0,50000.0,2.0
4.0870903220468495,328.1440037360087,20.874411269033935,0.0,-41.18998315810748,6.3794885347720065,10.128866151265063,8750,1000000000000.0,80000.0,1.0
4.303194223763398,418.86931343406815,26.833394048390623,0.0,-40.729009991824825,6.542482724686237,10.210802418610907,8750,1000000000000.0,80000.0,1.5
4.454367806165775,485.64958422175937,32.5453744530517,0.0,-44.13204992809763,6.710057787784904,10.430594872551895,8750,1000000000000.0,80000.0,2.0
3.6593181585151773,222.0344970057083,19.483965055671472,0.0,-32.03321752367186,6.3794885347720065,10.098155066377041,8750,1000000000000.0,1000000000000.0,1.0
3.8440953373116993,273.5693350081007,24.430190110463762,0.0,-38.65234803031517,6.542482724686237,10.334057412551527,8750,1000000000000.0,1000000000000.0,1.5
4.004612224389123,320.2872954148639,29.982269544976205,0.0,-45.27288687798904,6.710057787784904,10.576739361419438,8750,1000000000000.0,1000000000000.0,2.0
4.741820636463432,598.4926860889435,20.385979063474018,0.0,-54.94447675497902,5.789792030910623,9.231727412243382,10000,25000.0,40000.0,1.0
4.914935330692084,725.8323370681914,22.11688433674638,0.0,-54.127436858770075,5.647704151419107,9.492416544004397,10000,25000.0,40000.0,1.5
5.077090956786007,871.2606436525084,26.988621482939337,0.0,-53.84227688331586,5.8985581384738754,9.55486583275146,10000,25000.0,40000.0,2.0
4.62237823895635,530.7874740168393,19.747087617256593,0.0,-53.08486619325099,6.443677279666325,9.289662370663065,10000,25000.0,50000.0,1.0
4.775962425138094,607.4059372348147,23.507452454119157,0.0,-51.170706360285635,6.725038125402234,9.423279456439813,10000,25000.0,50000.0,1.5
4.9251531894568,698.8339831361201,25.48582768234546,0.0,-50.77598748670151,6.6200856985089676,9.577029105700415,10000,25000.0,50000.0,2.0
4.398881362677391,421.8912652455411,17.54767738180815,0.0,-43.746305268977856,5.861218965251486,10.65476740979484,10000,25000.0,80000.0,1.0
4.5787183278682395,487.9250720561154,21.867973814678095,0.0,-45.46465520839308,6.0374539200922905,10.776303005025195,10000,25000.0,80000.0,1.5
4.727713186909461,573.4689575168345,24.878943871361983,0.0,-47.23997861326349,6.316024869361465,10.692578723036567,10000,25000.0,80000.0,2.0
3.983695718031704,277.9565613456615,16.329318502961538,0.0,-39.70680650085321,5.861218965251486,11.251404605700383,10000,25000.0,1000000000000.0,1.0
4.141003838136211,318.31115507886165,19.254426193126903,0.0,-41.626906209317696,6.0374539200922905,11.247042749770694,10000,25000.0,1000000000000.0,1.5
4.277319969953197,354.91880190853084,23.434068646067036,0.0,-45.08179895237202,6.316024869361465,11.39237512520495,10000,25000.0,1000000000000.0,2.0
4.6498944645741345,571.629456248935,19.620108674483355,0.0,-53.35042258519429,5.650132629112772,9.427996916314763,10000,31250.0,40000.0,1.0
4.833627033155145,685.6260686131183,23.520319474357304,0.0,-51.92163847551482,5.838732025574203,9.884798707009644,10000,31250.0,40000.0,1.5
4.986563094611361,781.2190106595317,26.332742359203735,0.0,-51.359587688856465,5.7904174046264325,10.001034920053979,10000,31250.0,40000.0,2.0
4.532197893808911,514.2366630225283,19.805197329976515,0.0,-50.53090139855102,6.476574694305833,10.003267541761556,10000,31250.0,50000.0,1.0
4.694957678442034,588.2808287447549,22.692093237684308,0.0,-49.48679411841999,6.500543727374261,10.226773537701101,10000,31250.0,50000.0,1.5
4.843902733190734,667.6907784106612,26.00529124898601,0.0,-49.74162400815392,6.64572802651282,10.481488701113749,10000,31250.0,50000.0,2.0
4.270236351183501,369.6203781747112,17.505349039551962,0.0,-42.27976181962078,5.948062218945348,9.11285741995531,10000,31250.0,80000.0,1.0
4.440656749562178,439.9205384123275,20.32500824268697,0.0,-44.2614047775686,6.1165159723642155,9.722464617608692,10000,31250.0,80000.0,1.5
4.60981661186454,556.6849343636088,26.220662104407435,0.0,-45.39894486190489,6.591588062156616,9.824609337778632,10000,31250.0,80000.0,2.0
3.8494016469485444,248.75884475601603,16.088534543964798,0.0,-38.25027382129614,5.948062218945348,10.051631356930352,10000,31250.0,1000000000000.0,1.0
4.017356494171674,286.28516512554313,18.510183296383182,0.0,-40.08123374135155,6.1165159723642155,10.658162647509661,10000,31250.0,1000000000000.0,1.5
4.162570891829945,339.3333610444097,23.47330040386659,0.0,-44.22216196895202,6.469610626464648,10.719155365317818,10000,31250.0,1000000000000.0,2.0
4.582981661011773,553.1376348597935,19.649932449028274,0.0,-50.712282287250765,5.651444902285538,9.650433438024377,10000,40000.0,40000.0,1.0
4.747436515909072,668.6311368175577,25.10472550928331,0.0,-50.07998430563264,6.003425989348761,9.937319274459268,10000,40000.0,40000.0,1.5
4.9215843305134515,779.51859624777,29.454259311500362,0.0,-50.56749862694243,6.442513401031198,10.185443749056606,10000,40000.0,40000.0,2.0
4.461782386346101,506.5404477556957,20.189520229383266,0.0,-47.58864807364913,6.485778503028879,10.334754905370838,10000,40000.0,50000.0,1.0
4.624377261436686,574.8535969561785,23.479864917850705,0.0,-46.54839547345434,6.583435859666641,10.437150829206384,10000,40000.0,50000.0,1.5
4.766292462925819,626.5270824990819,27.45821778616287,0.0,-48.397769245536466,6.621931093750147,9.765014736146842,10000,40000.0,50000.0,2.0
4.201285626507295,384.8492379994898,18.048364066653587,0.0,-41.28646172902871,6.095411045496184,10.019535068177607,10000,40000.0,80000.0,1.0
4.394669889562152,469.4132047259069,23.055551697677995,0.0,-42.47725231582147,6.380044675888407,10.184059430911413,10000,40000.0,80000.0,1.5
4.546826672923627,537.7377244580917,25.215276624607192,0.0,-44.305718149843734,6.566779837587778,10.546442638713124,10000,40000.0,80000.0,2.0
3.782496016945083,249.28793262159516,16.61628601169677,0.0,-35.69818268220868,6.095411045496184,10.446820167737174,10000,40000.0,1000000000000.0,1.0
3.9492138063029216,302.42386813179206,20.88748127459509,0.0,-38.729251724120154,6.380044675888407,10.613927370084678,10000,40000.0,1000000000000.0,1.5
4.090473089238187,339.2482612257719,25.52969847493285,0.0,-43.51708946820915,6.566779837587778,10.898482107001074,10000,40000.0,1000000000000.0,2.0
4.2211016117825295,383.0473759639521,20.761264045800246,0.0,-46.636674604504854,6.166684792870788,9.300379117558336,10000,1000000000000.0,40000.0,1.0
4.405986450742841,464.4189320595933,24.81637446630707,0.0,-46.29311029916967,6.5307802606345735,9.82454719359843,10000,1000000000000.0,40000.0,1.5
4.570279524129716,532.4331746777451,29.09128268052584,0.0,-47.966996695368515,6.47958374800711,9.888427894295981,10000,1000000000000.0,40000.0,2.0
4.115365088491313,342.65719397139213,19.561638832797833,0.0,-42.92161418663678,6.566476188330162,9.907066902269339,10000,1000000000000.0,50000.0,1.0
4.303207288852495,414.1389261652569,23.85955576146,0.0,-43.44798746805568,6.5307802606345735,10.268835924151544,10000,1000000000000.0,50000.0,1.5
4.4531097787924505,487.6089181514373,26.882551241570717,0.0,-44.48276048014977,6.47958374800711,10.063367753156681,10000,1000000000000.0,50000.0,2.0
3.8372227878963607,259.2420070858051,19.31998166475595,0.0,-36.96663761542543,6.299376987226018,9.588975376575597,10000,1000000000000.0,80000.0,1.0
4.030416459820823,305.5964005799903,23.88422385396767,0.0,-37.365070773715445,6.46892392757351,9.613187232081694,10000,1000000000000.0,80000.0,1.5
4.194902313361703,369.93144885460197,27.742393292695244,0.0,-38.60198045519312,6.621245339805322,9.72332210506229,10000,1000000000000.0,80000.0,2.0
3.415309199671809,172.4284512188099,17.558830448435135,0.0,-28.13283345966119,6.299376987226018,9.484193374448196,10000,1000000000000.0,1000000000000.0,1.0
3.587314914664044,202.72723368432662,21.459263641911914,0.0,-33.923411282370665,6.46892392757351,9.664342668198067,10000,1000000000000.0,1000000000000.0,1.5
3.742612997513283,237.83406205643715,26.172954900653576,0.0,-39.71380366695669,6.621245339805322,9.849475968968287,10000,1000000000000.0,1000000000000.0,2.0
4.44659467103585,452.7504323699982,16.450371911893434,0.0,-52.14506720720502,5.576026075206819,8.43571870009387,12500,25000.0,40000.0,1.0
4.604674695034646,548.8376608172584,19.112900059755965,0.0,-51.82795761201993,5.667981991306602,8.695170715750521,12500,25000.0,40000.0,1.5
4.7511872683702565,649.5863608149551,21.488666245878544,0.0,-51.08442751443376,5.771358951724411,8.88718222540454,12500,25000.0,40000.0,2.0
4.329097100530429,426.70288467763737,16.60966316488665,0.0,-48.69579000948596,6.312781592216539,9.157901605818797,12500,25000.0,50000.0,1.0
4.474114066024129,492.46487954787807,19.914846148920788,0.0,-48.01009506036934,6.607739892417664,8.950357907065746,12500,25000.0,50000.0,1.5
4.5931865310066335,530.6307610447916,22.5998374557506,0.0,-46.379926422462596,6.483667186641033,8.955950593143998,12500,25000.0,50000.0,2.0
4.0836186744548195,307.54376193543266,15.005577844940234,0.0,-40.674819874528374,5.906397857517705,9.508383931900388,12500,25000.0,80000.0,1.0
4.232002737636881,394.7922027685036,17.339107614238003,0.0,-39.67725486450585,6.052800839136195,9.520356979975707,12500,25000.0,80000.0,1.5
4.373050736199166,433.5927877235654,20.737745058004897,0.0,-41.2335700384241,6.189400329246945,9.444947552427452,12500,25000.0,80000.0,2.0
3.6692212548115526,213.76265629353938,14.068167339312062,0.0,-33.4629340740011,5.906397857517705,10.18780997417275,12500,25000.0,1000000000000.0,1.0
3.8047170713912206,238.75279551264794,15.927672186115757,0.0,-35.23802775757275,6.052800839136195,10.366648051314023,12500,25000.0,1000000000000.0,1.5
3.931260965882377,272.1164953208756,19.60434032883243,0.0,-37.92808433284717,6.189400329246945,10.46197581826979,12500,25000.0,1000000000000.0,2.0
4.320609546274319,431.5685334834944,16.567348033497314,0.0,-50.39929050929223,5.489122063511551,8.42915495930836,12500,31250.0,40000.0,1.0
4.487427903661998,519.7696117834435,18.74583695813205,0.0,-49.49789681027881,5.572305343879525,8.646798240734684,12500,31250.0,40000.0,1.5
4.624561800110983,574.3317803945529,21.31825483010311,0.0,-48.98111659243561,5.7554470511176445,8.915472459995204,12500,31250.0,40000.0,2.0
4.209700095490981,394.35049584542764,17.238492447581326,0.0,-47.09359535533274,6.129943071918116,9.115552778804297,12500,31250.0,50000.0,1.0
4.382805706795785,453.6610467359257,19.369652288602428,0.0,-46.820211181835234,6.311752529163014,9.286546527426555,12500,31250.0,50000.0,1.5
4.508407425769889,509.25659787976946,22.09594134347997,0.0,-45.624724674755875,6.337026441563659,9.105725344948855,12500,31250.0,50000.0,2.0
3.933019338101685,288.3299736542974,15.158861646611639,0.0,-37.31001506820037,5.965660873627988,8.587547824999861,12500,31250.0,80000.0,1.0
4.082807822627989,342.1540246713865,17.32912925752944,0.0,-38.30709114075418,6.026448817307998,8.888639056113544,12500,31250.0,80000.0,1.5
4.218856431469943,398.2458225482219,19.474760429035875,0.0,-39.290985268463,6.2719660557257635,9.073778076515039,12500,31250.0,80000.0,2.0
3.52006758458628,198.02358147699752,13.672207623772747,0.0,-32.25349411482231,5.965660873627988,9.401777533448941,12500,31250.0,1000000000000.0,1.0
3.6686686615115516,225.67916679460603,16.05761627520909,0.0,-33.468060112921115,6.026448817307998,9.94944269557884,12500,31250.0,1000000000000.0,1.5
3.803342662727249,255.55075979586923,19.083415868045712,0.0,-37.04811961406141,6.2719660557257635,10.193389792789146,12500,31250.0,1000000000000.0,2.0
4.2495364715297335,389.0268731534167,17.12163667915059,0.0,-48.90354898074723,5.6055764503232135,8.852536870476092,12500,40000.0,40000.0,1.0
4.401763984400625,451.59618790790944,19.988212742977012,0.0,-47.852525554842984,5.872858316638756,9.014335763421139,12500,40000.0,40000.0,1.5
4.5272726320971195,527.4150486730155,21.821006040646665,0.0,-47.76382003416791,6.254085151187949,9.055377289190593,12500,40000.0,40000.0,2.0
4.123738091613426,375.4684084581513,17.735006961386063,0.0,-44.31100614540172,6.388930185342809,9.274607962944872,12500,40000.0,50000.0,1.0
4.296107652894418,414.3020494566273,19.73222002954021,0.0,-42.80211548149883,6.295554915045661,9.595018221603013,12500,40000.0,50000.0,1.5
4.435139454158045,479.0798617072369,22.952022961532993,0.0,-42.512782145210984,6.516963543797117,9.72078644019729,12500,40000.0,50000.0,2.0
3.8564967994020556,250.80013329840526,15.509981833335676,0.0,-35.50426764217608,6.04502316933521,9.186710766614775,12500,40000.0,80000.0,1.0
4.008972720818181,303.8930414574665,17.824643915290345,0.0,-37.07509777303152,6.2035270603829265,9.14692599006998,12500,40000.0,80000.0,1.5
4.166927313560547,374.8761719430122,20.812557645482222,0.0,-38.15292618946688,6.4525310244123695,9.135630056720865,12500,40000.0,80000.0,2.0
3.44287096477584,177.24691378628253,14.154980387063155,0.0,-30.8117282418118,6.04502316933521,9.690550266489256,12500,40000.0,1000000000000.0,1.0
3.5874764935263115,205.6745952376257,16.960177014660037,0.0,-32.1078260956974,6.2035270603829265,9.906339746043383,12500,40000.0,1000000000000.0,1.5
3.728934526764123,237.87848500147163,21.065578776064203,0.0,-36.175249452131744,6.4525310244123695,9.99006234674456,12500,40000.0,1000000000000.0,2.0
3.8527706890645987,232.91835652817701,16.37188834082477,0.0,-43.866722339649684,6.120621662570116,8.298848786914709,12500,1000000000000.0,40000.0,1.0
3.9984403225303216,266.4436215639212,18.971100385567542,0.0,-43.92928254520626,6.398295775179989,8.279357133309649,12500,1000000000000.0,40000.0,1.5
4.140476982131776,329.47219251580975,21.331854289132377,0.0,-43.405533141751185,6.375411134776569,8.393322853145378,12500,1000000000000.0,40000.0,2.0
3.73590512635833,221.03402082815464,17.523629029532966,0.0,-38.693670977285436,6.43469563568944,9.191958641330709,12500,1000000000000.0,50000.0,1.0
3.9071928241211906,254.89012102569322,19.400236174799826,0.0,-37.70930161515547,6.398295775179989,9.305903657700451,12500,1000000000000.0,50000.0,1.5
4.037243065021923,301.9867978629854,21.670300457694317,0.0,-39.222666131782155,6.375411134776569,9.22504999202171,12500,1000000000000.0,50000.0,2.0
3.4477990800207015,172.09764796763122,15.458146083255933,0.0,-31.380079081317465,6.197837076074895,8.610609718084431,12500,1000000000000.0,80000.0,1.0
3.6183008782884176,195.80674604824154,19.068725883404255,0.0,-32.866336325633995,6.32352668258561,8.904976370708434,12500,1000000000000.0,80000.0,1.5
3.7885011245242635,227.98738380807336,22.244476977336983,0.0,-32.721469522794756,6.4618053727915745,8.965916738247257,12500,1000000000000.0,80000.0,2.0
3.0423519743606056,108.61244271793745,14.964483644415948,0.0,-22.973868941329588,6.197837076074895,8.71882670886598,12500,1000000000000.0,1000000000000.0,1.0
3.1962092710346584,125.49803142142882,17.80651725054366,0.0,-27.297889419168925,6.32352668258561,8.90493050766857,12500,1000000000000.0,1000000000000.0,1.5
3.33620030025798,147.15679235078125,20.69775250481288,0.0,-31.933385208366733,6.4618053727915745,9.068408302792962,12500,1000000000000.0,1000000000000.0,2.0
