ev,win,side,n,gross,net,t,t1,t2,wy,ny
東京寄り09:00,前15→0,買,2739,0.0024109007495726927,-0.0025890992504273075,1.7390266824804157,0.19234385580800561,1.9902628993905231,8,11
東京寄り09:00,前15→0,売,2739,-0.0024109007495726927,-0.007410900749572693,-1.7390266824804157,-0.19234385580800561,-1.9902628993905231,3,11
東京寄り09:00,前10→0,買,2736,0.002208314955486194,-0.002791685044513806,2.130843915019292,0.5614403411987732,2.2370811355789053,8,11
東京寄り09:00,前10→0,売,2736,-0.002208314955486194,-0.007208314955486194,-2.130843915019292,-0.5614403411987732,-2.2370811355789053,3,11
東京寄り09:00,前5→0,買,2728,0.000531567479315341,-0.004468432520684659,0.7041574056571887,0.13926280155421641,0.777742322971968,6,11
東京寄り09:00,前5→0,売,2728,-0.000531567479315341,-0.005531567479315341,-0.7041574056571887,-0.13926280155421641,-0.777742322971968,5,11
東京寄り09:00,0→5,買,2745,-0.003768158016177975,-0.008768158016177975,-2.991498769265742,-0.24471450937569392,-3.3532178035701796,3,11
東京寄り09:00,0→5,売,2745,0.003768158016177975,-0.0012318419838220252,2.991498769265742,0.24471450937569392,3.3532178035701796,8,11
東京寄り09:00,0→10,買,2747,-0.002575040362655451,-0.007575040362655451,-1.5616610431651239,-0.34110993675100604,-1.6317330472793494,3,11
東京寄り09:00,0→10,売,2747,0.002575040362655451,-0.002424959637344549,1.5616610431651239,0.34110993675100604,1.6317330472793494,8,11
東京寄り09:00,0→15,買,2752,-0.0024656670782122153,-0.007465667078212215,-1.2261339672539584,-0.9524779152368332,-0.8471715030209374,2,11
東京寄り09:00,0→15,売,2752,0.0024656670782122153,-0.002534332921787785,1.2261339672539584,0.9524779152368332,0.8471715030209374,9,11
東京寄り09:00,0→30,買,2753,-0.0019943164480330563,-0.006994316448033056,-0.7842054757889996,-0.9112598403487914,-0.3203307374961936,4,11
東京寄り09:00,0→30,売,2753,0.0019943164480330563,-0.003005683551966944,0.7842054757889996,0.9112598403487914,0.3203307374961936,7,11
東京寄り09:00,5→15,買,2745,0.0012915796347859711,-0.0037084203652140288,0.8844615306639894,-1.0054491365173146,1.8522745987956186,6,11
東京寄り09:00,5→15,売,2745,-0.0012915796347859711,-0.0062915796347859715,-0.8844615306639894,1.0054491365173146,-1.8522745987956186,5,11
東京寄り09:00,5→30,買,2749,0.001764487924924473,-0.003235512075075527,0.803340624972421,-0.8982202141734831,1.656334429432339,5,11
東京寄り09:00,5→30,売,2749,-0.001764487924924473,-0.006764487924924473,-0.803340624972421,0.8982202141734831,-1.656334429432339,6,11
東京仲値09:55,前15→0,買,2750,-0.001955643293569655,-0.006955643293569656,-1.3140525831336303,-1.4775561131890702,-0.5290387568189524,3,11
東京仲値09:55,前15→0,売,2750,0.001955643293569655,-0.003044356706430345,1.3140525831336303,1.4775561131890702,0.5290387568189524,8,11
東京仲値09:55,前10→0,買,2741,-0.0013749432005217997,-0.0063749432005218,-1.036526134382347,-1.4670106903685334,-0.17935688994332627,3,11
東京仲値09:55,前10→0,売,2741,0.0013749432005217997,-0.0036250567994782004,1.036526134382347,1.4670106903685334,0.17935688994332627,8,11
東京仲値09:55,前5→0,買,2737,-0.0013136298139529953,-0.006313629813952996,-1.351497207658316,-1.2820985722920906,-0.6835166662696635,3,11
東京仲値09:55,前5→0,売,2737,0.0013136298139529953,-0.0036863701860470046,1.351497207658316,1.2820985722920906,0.6835166662696635,8,11
東京仲値09:55,0→5,買,2739,0.0033879575158574267,-0.0016120424841425734,3.41152883626987,3.7679705798726806,1.5713746709729859,11,11
東京仲値09:55,0→5,売,2739,-0.0033879575158574267,-0.008387957515857428,-3.41152883626987,-3.7679705798726806,-1.5713746709729859,0,11
東京仲値09:55,0→10,買,2749,0.0029146901199460355,-0.0020853098800539646,1.3407858797065781,0.936691182672721,0.9617711538042909,8,11
東京仲値09:55,0→10,売,2749,-0.0029146901199460355,-0.007914690119946036,-1.3407858797065781,-0.936691182672721,-0.9617711538042909,3,11
東京仲値09:55,0→15,買,2748,0.003157280251691514,-0.001842719748308486,1.099367934989715,0.8099784551125788,0.7679973403638911,7,11
東京仲値09:55,0→15,売,2748,-0.003157280251691514,-0.008157280251691514,-1.099367934989715,-0.8099784551125788,-0.7679973403638911,4,11
東京仲値09:55,0→30,買,2751,0.005602677656091881,0.0006026776560918807,1.5092037237227933,0.8518998146829143,1.2456735857702588,9,11
東京仲値09:55,0→30,売,2751,-0.005602677656091881,-0.01060267765609188,-1.5092037237227933,-0.8518998146829143,-1.2456735857702588,2,11
東京仲値09:55,5→15,買,2748,-0.00022217567049188556,-0.005222175670491886,-0.08346878349553262,-0.44492850671783635,0.2401241917178489,4,11
東京仲値09:55,5→15,売,2748,0.00022217567049188556,-0.004777824329508114,0.08346878349553262,0.44492850671783635,-0.2401241917178489,7,11
東京仲値09:55,5→30,買,2754,0.0022241104271532564,-0.0027758895728467437,0.6273189035277887,-0.10339536575525815,0.8482911227007747,8,11
東京仲値09:55,5→30,売,2754,-0.0022241104271532564,-0.007224110427153256,-0.6273189035277887,0.10339536575525815,-0.8482911227007747,3,11
東京引け15:00,前15→0,買,2747,-0.0024342878731397613,-0.007434287873139761,-1.414587835327145,0.0494856591697337,-1.698290938364992,4,11
東京引け15:00,前15→0,売,2747,0.0024342878731397613,-0.002565712126860239,1.414587835327145,-0.0494856591697337,1.698290938364992,7,11
東京引け15:00,前10→0,買,2748,-0.0022013795044131257,-0.007201379504413126,-1.6209502725449403,-0.24132794133287117,-1.7743276963665864,5,11
東京引け15:00,前10→0,売,2748,0.0022013795044131257,-0.0027986204955868744,1.6209502725449403,0.24132794133287117,1.7743276963665864,6,11
東京引け15:00,前5→0,買,2740,-0.0025332606160570936,-0.007533260616057094,-2.5778099264553727,-1.007927054431088,-2.4167788716663554,3,11
東京引け15:00,前5→0,売,2740,0.0025332606160570936,-0.0024667393839429065,2.5778099264553727,1.007927054431088,2.4167788716663554,8,11
東京引け15:00,0→5,買,2742,-0.0021780057820666135,-0.007178005782066614,-1.9841644395147093,-3.7636660736420033,0.4173482956610135,4,11
東京引け15:00,0→5,売,2742,0.0021780057820666135,-0.0028219942179333866,1.9841644395147093,3.7636660736420033,-0.4173482956610135,7,11
東京引け15:00,0→10,買,2751,-0.0005535395357164337,-0.005553539535716434,-0.36650848449115614,-1.4034376886356625,0.6231125325723391,6,11
東京引け15:00,0→10,売,2751,0.0005535395357164337,-0.004446460464283567,0.36650848449115614,1.4034376886356625,-0.6231125325723391,5,11
東京引け15:00,0→15,買,2751,-0.0009414683135984538,-0.005941468313598454,-0.5142836054003539,-1.2139629812744297,0.35489586372365706,6,11
東京引け15:00,0→15,売,2751,0.0009414683135984538,-0.0040585316864015465,0.5142836054003539,1.2139629812744297,-0.35489586372365706,5,11
東京引け15:00,0→30,買,2750,0.0015496932190066366,-0.0034503067809933635,0.579697190839765,0.2238700300300083,0.5590411311736305,7,11
東京引け15:00,0→30,売,2750,-0.0015496932190066366,-0.006549693219006636,-0.579697190839765,-0.2238700300300083,-0.5590411311736305,4,11
東京引け15:00,5→15,買,2751,0.0012305241900255094,-0.0037694758099744907,0.8234517226447818,1.1382578058829835,0.12307005667960105,7,11
東京引け15:00,5→15,売,2751,-0.0012305241900255094,-0.0062305241900255095,-0.8234517226447818,-1.1382578058829835,-0.12307005667960105,4,11
東京引け15:00,5→30,買,2749,0.003721167605253063,-0.001278832394746937,1.5405554567600848,1.9432607866425229,0.453481357745884,8,11
東京引け15:00,5→30,売,2749,-0.003721167605253063,-0.008721167605253063,-1.5405554567600848,-1.9432607866425229,-0.453481357745884,3,11
大阪先物夜間16:30,前15→0,買,2750,0.0004304166494778553,-0.004569583350522145,0.25449449802435686,-0.7084313106838317,0.9062262386701362,8,11
大阪先物夜間16:30,前15→0,売,2750,-0.0004304166494778553,-0.005430416649477856,-0.25449449802435686,0.7084313106838317,-0.9062262386701362,3,11
大阪先物夜間16:30,前10→0,買,2747,-0.0006883719294620588,-0.005688371929462059,-0.4903740838608459,-1.4432916802520925,0.5031121544903945,5,11
大阪先物夜間16:30,前10→0,売,2747,0.0006883719294620588,-0.0043116280705379414,0.4903740838608459,1.4432916802520925,-0.5031121544903945,6,11
大阪先物夜間16:30,前5→0,買,2746,-3.646273056953781e-05,-0.005036462730569538,-0.037287274160876904,-1.7580129894009522,1.419657697165526,6,11
大阪先物夜間16:30,前5→0,売,2746,3.646273056953781e-05,-0.004963537269430462,0.037287274160876904,1.7580129894009522,-1.419657697165526,5,11
大阪先物夜間16:30,0→5,買,2745,0.0018113343034736771,-0.003188665696526323,1.598455585698022,1.303243979874675,0.9966900718217651,9,11
大阪先物夜間16:30,0→5,売,2745,-0.0018113343034736771,-0.006811334303473677,-1.598455585698022,-1.303243979874675,-0.9966900718217651,2,11
大阪先物夜間16:30,0→10,買,2749,0.0014800033185383295,-0.0035199966814616706,0.8915989814122169,0.9960336420892283,0.3084221489464333,7,11
大阪先物夜間16:30,0→10,売,2749,-0.0014800033185383295,-0.006480003318538329,-0.8915989814122169,-0.9960336420892283,-0.3084221489464333,4,11
大阪先物夜間16:30,0→15,買,2748,0.0013679870324926698,-0.0036320129675073303,0.685982558201592,0.8542574078868864,0.21188889203349387,6,11
大阪先物夜間16:30,0→15,売,2748,-0.0013679870324926698,-0.00636798703249267,-0.685982558201592,-0.8542574078868864,-0.21188889203349387,5,11
大阪先物夜間16:30,0→30,買,2753,-0.00011334639940641386,-0.005113346399406414,-0.04483216916006207,0.03853869338461402,-0.09004354924812154,5,11
大阪先物夜間16:30,0→30,売,2753,0.00011334639940641386,-0.0048866536005935865,0.04483216916006207,-0.03853869338461402,0.09004354924812154,6,11
大阪先物夜間16:30,5→15,買,2750,-0.0004430319331467122,-0.005443031933146712,-0.2776938566169154,0.11377514393816011,-0.42957801668043644,5,11
大阪先物夜間16:30,5→15,売,2750,0.0004430319331467122,-0.004556968066853288,0.2776938566169154,-0.11377514393816011,0.42957801668043644,6,11
大阪先物夜間16:30,5→30,買,2749,-0.001922244112850858,-0.006922244112850858,-0.8491285189989349,-0.6085964869231808,-0.5997270533506142,3,11
大阪先物夜間16:30,5→30,売,2749,0.001922244112850858,-0.003077755887149142,0.8491285189989349,0.6085964869231808,0.5997270533506142,8,11
韓国寄り09:00,前15→0,買,2739,0.0024109007495726927,-0.0025890992504273075,1.7390266824804157,0.19234385580800561,1.9902628993905231,8,11
韓国寄り09:00,前15→0,売,2739,-0.0024109007495726927,-0.007410900749572693,-1.7390266824804157,-0.19234385580800561,-1.9902628993905231,3,11
韓国寄り09:00,前10→0,買,2736,0.002208314955486194,-0.002791685044513806,2.130843915019292,0.5614403411987732,2.2370811355789053,8,11
韓国寄り09:00,前10→0,売,2736,-0.002208314955486194,-0.007208314955486194,-2.130843915019292,-0.5614403411987732,-2.2370811355789053,3,11
韓国寄り09:00,前5→0,買,2728,0.000531567479315341,-0.004468432520684659,0.7041574056571887,0.13926280155421641,0.777742322971968,6,11
韓国寄り09:00,前5→0,売,2728,-0.000531567479315341,-0.005531567479315341,-0.7041574056571887,-0.13926280155421641,-0.777742322971968,5,11
韓国寄り09:00,0→5,買,2745,-0.003768158016177975,-0.008768158016177975,-2.991498769265742,-0.24471450937569392,-3.3532178035701796,3,11
韓国寄り09:00,0→5,売,2745,0.003768158016177975,-0.0012318419838220252,2.991498769265742,0.24471450937569392,3.3532178035701796,8,11
韓国寄り09:00,0→10,買,2747,-0.002575040362655451,-0.007575040362655451,-1.5616610431651239,-0.34110993675100604,-1.6317330472793494,3,11
韓国寄り09:00,0→10,売,2747,0.002575040362655451,-0.002424959637344549,1.5616610431651239,0.34110993675100604,1.6317330472793494,8,11
韓国寄り09:00,0→15,買,2752,-0.0024656670782122153,-0.007465667078212215,-1.2261339672539584,-0.9524779152368332,-0.8471715030209374,2,11
韓国寄り09:00,0→15,売,2752,0.0024656670782122153,-0.002534332921787785,1.2261339672539584,0.9524779152368332,0.8471715030209374,9,11
韓国寄り09:00,0→30,買,2753,-0.0019943164480330563,-0.006994316448033056,-0.7842054757889996,-0.9112598403487914,-0.3203307374961936,4,11
韓国寄り09:00,0→30,売,2753,0.0019943164480330563,-0.003005683551966944,0.7842054757889996,0.9112598403487914,0.3203307374961936,7,11
韓国寄り09:00,5→15,買,2745,0.0012915796347859711,-0.0037084203652140288,0.8844615306639894,-1.0054491365173146,1.8522745987956186,6,11
韓国寄り09:00,5→15,売,2745,-0.0012915796347859711,-0.0062915796347859715,-0.8844615306639894,1.0054491365173146,-1.8522745987956186,5,11
韓国寄り09:00,5→30,買,2749,0.001764487924924473,-0.003235512075075527,0.803340624972421,-0.8982202141734831,1.656334429432339,5,11
韓国寄り09:00,5→30,売,2749,-0.001764487924924473,-0.006764487924924473,-0.803340624972421,0.8982202141734831,-1.656334429432339,6,11
韓国引け15:30,前15→0,買,2748,0.0024866655176694944,-0.0025133344823305057,1.3660673175278129,1.739874663152226,0.4575560631848536,7,11
韓国引け15:30,前15→0,売,2748,-0.0024866655176694944,-0.007486665517669494,-1.3660673175278129,-1.739874663152226,-0.4575560631848536,4,11
韓国引け15:30,前10→0,買,2747,-0.0006706365370609424,-0.005670636537060942,-0.44963468952819297,-1.047856181102079,0.19660914612234157,4,11
韓国引け15:30,前10→0,売,2747,0.0006706365370609424,-0.004329363462939058,0.44963468952819297,1.047856181102079,-0.19660914612234157,7,11
韓国引け15:30,前5→0,買,2737,-0.000750574994229193,-0.005750574994229193,-0.7221694253871072,-1.391912451003086,0.10576279346739785,4,11
韓国引け15:30,前5→0,売,2737,0.000750574994229193,-0.004249425005770807,0.7221694253871072,1.391912451003086,-0.10576279346739785,7,11
韓国引け15:30,0→5,買,2742,0.0002511959466621762,-0.004748804053337824,0.24509517451468185,-0.10378249130113937,0.40730046149537213,6,11
韓国引け15:30,0→5,売,2742,-0.0002511959466621762,-0.005251195946662176,-0.24509517451468185,0.10378249130113937,-0.40730046149537213,5,11
韓国引け15:30,0→10,買,2752,-0.0004365035288294046,-0.005436503528829404,-0.29191599263202145,-0.1654680134974313,-0.24045240432795267,5,11
韓国引け15:30,0→10,売,2752,0.0004365035288294046,-0.004563496471170596,0.29191599263202145,0.1654680134974313,0.24045240432795267,6,11
韓国引け15:30,0→15,買,2745,0.000558548714071556,-0.004441451285928444,0.3238349432254248,0.10390926651926254,0.32482464392154853,6,11
韓国引け15:30,0→15,売,2745,-0.000558548714071556,-0.005558548714071556,-0.3238349432254248,-0.10390926651926254,-0.32482464392154853,5,11
韓国引け15:30,0→30,買,2755,0.004955722165071616,-4.427783492838393e-05,2.2001652827184204,0.9434843988752369,2.0876229424046366,7,11
韓国引け15:30,0→30,売,2755,-0.004955722165071616,-0.009955722165071616,-2.2001652827184204,-0.9434843988752369,-2.0876229424046366,4,11
韓国引け15:30,5→15,買,2751,0.00030757973744129595,-0.004692420262558704,0.21944496808674857,0.19321877141105173,0.12787151382294057,7,11
韓国引け15:30,5→15,売,2751,-0.00030757973744129595,-0.005307579737441296,-0.21944496808674857,-0.19321877141105173,-0.12787151382294057,4,11
韓国引け15:30,5→30,買,2752,0.004712743594562929,-0.0002872564054370707,2.3049452686103025,1.1019577804722742,2.100756460881714,6,11
韓国引け15:30,5→30,売,2752,-0.004712743594562929,-0.00971274359456293,-2.3049452686103025,-1.1019577804722742,-2.100756460881714,5,11
上海金SGE寄り09:00,前15→0,買,2747,0.002004531853341067,-0.002995468146658933,1.2390628476554568,0.9657284048323982,0.8345109525501749,9,11
上海金SGE寄り09:00,前15→0,売,2747,-0.002004531853341067,-0.0070045318533410676,-1.2390628476554568,-0.9657284048323982,-0.8345109525501749,2,11
上海金SGE寄り09:00,前10→0,買,2738,0.00207387825613114,-0.00292612174386886,1.5563969980532504,1.6059972538664202,0.7279786084330648,8,11
上海金SGE寄り09:00,前10→0,売,2738,-0.00207387825613114,-0.00707387825613114,-1.5563969980532504,-1.6059972538664202,-0.7279786084330648,3,11
上海金SGE寄り09:00,前5→0,買,2739,0.0033879575158574267,-0.0016120424841425734,3.41152883626987,3.7679705798726806,1.5713746709729859,11,11
上海金SGE寄り09:00,前5→0,売,2739,-0.0033879575158574267,-0.008387957515857428,-3.41152883626987,-3.7679705798726806,-1.5713746709729859,0,11
上海金SGE寄り09:00,0→5,買,2750,-0.0004572307209951801,-0.005457230720995181,-0.2286248049553241,-0.5760847408769094,0.20080927519509334,5,11
上海金SGE寄り09:00,0→5,売,2750,0.0004572307209951801,-0.00454276927900482,0.2286248049553241,0.5760847408769094,-0.20080927519509334,6,11
上海金SGE寄り09:00,0→10,買,2748,-0.00022217567049188556,-0.005222175670491886,-0.08346878349553262,-0.44492850671783635,0.2401241917178489,4,11
上海金SGE寄り09:00,0→10,売,2748,0.00022217567049188556,-0.004777824329508114,0.08346878349553262,0.44492850671783635,-0.2401241917178489,7,11
上海金SGE寄り09:00,0→15,買,2750,0.0008943195241782222,-0.004105680475821778,0.29068378417722485,-0.14806824499952245,0.4585806561460975,5,11
上海金SGE寄り09:00,0→15,売,2750,-0.0008943195241782222,-0.005894319524178222,-0.29068378417722485,0.14806824499952245,-0.4585806561460975,6,11
上海金SGE寄り09:00,0→30,買,2753,0.003270290140588961,-0.0017297098594110391,0.8968231915320088,0.1860774792053892,0.9702525372712427,8,11
上海金SGE寄り09:00,0→30,売,2753,-0.003270290140588961,-0.00827029014058896,-0.8968231915320088,-0.1860774792053892,-0.9702525372712427,3,11
上海金SGE寄り09:00,5→15,買,2746,0.0013442993108553505,-0.0036557006891446498,0.6128417798593032,0.44169539136943053,0.45097528257843544,5,11
上海金SGE寄り09:00,5→15,売,2746,-0.0013442993108553505,-0.00634429931085535,-0.6128417798593032,-0.44169539136943053,-0.45097528257843544,6,11
上海金SGE寄り09:00,5→30,買,2753,0.003715221353362731,-0.0012847786466372692,1.2780269257423786,0.715952370113293,1.0584733875434789,9,11
上海金SGE寄り09:00,5→30,売,2753,-0.003715221353362731,-0.00871522135336273,-1.2780269257423786,-0.715952370113293,-1.0584733875434789,2,11
上海株寄り09:30,前15→0,買,2747,0.0023916910633817222,-0.002608308936618278,1.120879534994866,0.5479458057259372,0.9866654621531276,6,11
上海株寄り09:30,前15→0,売,2747,-0.0023916910633817222,-0.007391691063381722,-1.120879534994866,-0.5479458057259372,-0.9866654621531276,5,11
上海株寄り09:30,前10→0,買,2746,0.00111452873612492,-0.0038854712638750804,0.6943450154132796,0.7266593573420839,0.31313614320855593,8,11
上海株寄り09:30,前10→0,売,2746,-0.00111452873612492,-0.00611452873612492,-0.6943450154132796,-0.7266593573420839,-0.31313614320855593,3,11
上海株寄り09:30,前5→0,買,2737,0.0010579547615560585,-0.003942045238443942,0.9655828792576651,0.9755691829724853,0.46812353585102634,8,11
上海株寄り09:30,前5→0,売,2737,-0.0010579547615560585,-0.006057954761556059,-0.9655828792576651,-0.9755691829724853,-0.46812353585102634,3,11
上海株寄り09:30,0→5,買,2746,0.0022387245689227614,-0.0027612754310772387,1.8064386892088353,0.7268057056271326,1.7004854784486767,7,11
上海株寄り09:30,0→5,売,2746,-0.0022387245689227614,-0.0072387245689227615,-1.8064386892088353,-0.7268057056271326,-1.7004854784486767,4,11
上海株寄り09:30,0→10,買,2750,0.005603300749255435,0.0006033007492554348,3.2990164199280048,1.6372137892667489,2.8814454885416514,9,11
上海株寄り09:30,0→10,売,2750,-0.005603300749255435,-0.010603300749255435,-3.2990164199280048,-1.6372137892667489,-2.8814454885416514,2,11
上海株寄り09:30,0→15,買,2750,0.006792651003846195,0.0017926510038461952,3.1700439744118696,1.2493383414414991,2.9948655092035623,9,11
上海株寄り09:30,0→15,売,2750,-0.006792651003846195,-0.011792651003846195,-3.1700439744118696,-1.2493383414414991,-2.9948655092035623,2,11
上海株寄り09:30,0→30,買,2753,0.006462623846061341,0.0014626238460613405,2.2837820444026824,2.071251837622654,1.320298477682431,9,11
上海株寄り09:30,0→30,売,2753,-0.006462623846061341,-0.01146262384606134,-2.2837820444026824,-2.071251837622654,-1.320298477682431,2,11
上海株寄り09:30,5→15,買,2748,0.00455775423743069,-0.00044224576256930975,2.6897855806792794,1.0415952059144273,2.552157416704915,10,11
上海株寄り09:30,5→15,売,2748,-0.00455775423743069,-0.009557754237430691,-2.6897855806792794,-1.0415952059144273,-2.552157416704915,1,11
上海株寄り09:30,5→30,買,2753,0.004228073485506563,-0.0007719265144934375,1.675009441309467,1.9502770066142368,0.6611595007942218,8,11
上海株寄り09:30,5→30,売,2753,-0.004228073485506563,-0.009228073485506562,-1.675009441309467,-1.9502770066142368,-0.6611595007942218,3,11
上海引け15:00,前15→0,買,2750,0.004414311778275042,-0.0005856882217249578,2.713773172130257,1.293897000798434,2.4365812568034158,7,11
上海引け15:00,前15→0,売,2750,-0.004414311778275042,-0.009414311778275043,-2.713773172130257,-1.293897000798434,-2.4365812568034158,4,11
上海引け15:00,前10→0,買,2751,0.001847008557602868,-0.003152991442397132,1.3427065178796744,0.46009968692528275,1.3328773450000404,6,11
上海引け15:00,前10→0,売,2751,-0.001847008557602868,-0.006847008557602868,-1.3427065178796744,-0.46009968692528275,-1.3328773450000404,5,11
上海引け15:00,前5→0,買,2746,0.001892681516967967,-0.003107318483032033,2.103308426337991,1.2945346264490651,1.659114217013299,8,11
上海引け15:00,前5→0,売,2746,-0.001892681516967967,-0.006892681516967967,-2.103308426337991,-1.2945346264490651,-1.659114217013299,3,11
上海引け15:00,0→5,買,2743,-6.91707153735399e-05,-0.00506917071537354,-0.05460106620243925,-0.01786786746140584,-0.055786430088509566,6,11
上海引け15:00,0→5,売,2743,6.91707153735399e-05,-0.00493082928462646,0.05460106620243925,0.01786786746140584,0.055786430088509566,5,11
上海引け15:00,0→10,買,2751,0.0008503482342206914,-0.004149651765779309,0.4841814582801987,-0.3042714185618074,0.8683096162333391,5,11
上海引け15:00,0→10,売,2751,-0.0008503482342206914,-0.0058503482342206915,-0.4841814582801987,0.3042714185618074,-0.8683096162333391,6,11
上海引け15:00,0→15,買,2747,0.0012461076913498033,-0.0037538923086501965,0.5935731644158828,0.403781655010099,0.4377054523354355,6,11
上海引け15:00,0→15,売,2747,-0.0012461076913498033,-0.006246107691349804,-0.5935731644158828,-0.403781655010099,-0.4377054523354355,5,11
上海引け15:00,0→30,買,2755,0.0016680498264420663,-0.003331950173557934,0.6333469711901002,-0.17812833827260183,0.9470222645599174,5,11
上海引け15:00,0→30,売,2755,-0.0016680498264420663,-0.006668049826442066,-0.6333469711901002,0.17812833827260183,-0.9470222645599174,6,11
上海引け15:00,5→15,買,2745,0.0013119339062201275,-0.0036880660937798726,0.8278730506895764,0.4794704062646777,0.6783658962562275,4,11
上海引け15:00,5→15,売,2745,-0.0013119339062201275,-0.006311933906220127,-0.8278730506895764,-0.4794704062646777,-0.6783658962562275,7,11
上海引け15:00,5→30,買,2748,0.0017373638086526292,-0.003262636191347371,0.7702154367515003,-0.19335490825225451,1.1861895009483494,7,11
上海引け15:00,5→30,売,2748,-0.0017373638086526292,-0.006737363808652629,-0.7702154367515003,0.19335490825225451,-1.1861895009483494,4,11
SGE夜間20:00,前15→0,買,2748,-0.0018530302573539514,-0.006853030257353952,-1.0102317176909275,-1.0936336070993755,-0.3145045969501669,5,11
SGE夜間20:00,前15→0,売,2748,0.0018530302573539514,-0.0031469697426460487,1.0102317176909275,1.0936336070993755,0.3145045969501669,6,11
SGE夜間20:00,前10→0,買,2742,-0.0005738519584156077,-0.005573851958415608,-0.3889458820810001,-0.9025239634041183,0.3581914223465033,5,11
SGE夜間20:00,前10→0,売,2742,0.0005738519584156077,-0.004426148041584393,0.3889458820810001,0.9025239634041183,-0.3581914223465033,6,11
SGE夜間20:00,前5→0,買,2734,-0.0016781202260538087,-0.0066781202260538085,-1.6663226438860317,-2.1845361650936166,-0.27102738902998996,5,11
SGE夜間20:00,前5→0,売,2734,0.0016781202260538087,-0.0033218797739461917,1.6663226438860317,2.1845361650936166,0.27102738902998996,6,11
SGE夜間20:00,0→5,買,2748,0.00393557761459978,-0.0010644223854002202,2.9937487176612363,1.5118730473324618,2.7792399719529466,9,11
SGE夜間20:00,0→5,売,2748,-0.00393557761459978,-0.008935577614599781,-2.9937487176612363,-1.5118730473324618,-2.7792399719529466,2,11
SGE夜間20:00,0→10,買,2750,0.0028384955881516774,-0.0021615044118483227,1.6108165374082148,0.5603849775616918,1.8038250825191209,10,11
SGE夜間20:00,0→10,売,2750,-0.0028384955881516774,-0.007838495588151678,-1.6108165374082148,-0.5603849775616918,-1.8038250825191209,1,11
SGE夜間20:00,0→15,買,2751,0.004472982534426091,-0.0005270174655739087,2.034555553204362,1.4339161442068125,1.4433265403928128,8,11
SGE夜間20:00,0→15,売,2751,-0.004472982534426091,-0.009472982534426092,-2.034555553204362,-1.4339161442068125,-1.4433265403928128,3,11
SGE夜間20:00,0→30,買,2751,0.0007642458147818804,-0.00423575418521812,0.24489675310254866,1.140154408943261,-0.7233798961130917,5,11
SGE夜間20:00,0→30,売,2751,-0.0007642458147818804,-0.00576424581478188,-0.24489675310254866,-1.140154408943261,0.7233798961130917,6,11
SGE夜間20:00,5→15,買,2749,0.000536818568178521,-0.004463181431821479,0.3248838474951967,0.6871712631773198,-0.19231668173694505,5,11
SGE夜間20:00,5→15,売,2749,-0.000536818568178521,-0.005536818568178521,-0.3248838474951967,-0.6871712631773198,0.19231668173694505,6,11
SGE夜間20:00,5→30,買,2749,-0.0031696743294652436,-0.008169674329465243,-1.121277173269378,0.5320038566822887,-1.9317494216498612,3,11
SGE夜間20:00,5→30,売,2749,0.0031696743294652436,-0.0018303256705347565,1.121277173269378,-0.5320038566822887,1.9317494216498612,8,11
香港寄り09:30,前15→0,買,2747,0.0023916910633817222,-0.002608308936618278,1.120879534994866,0.5479458057259372,0.9866654621531276,6,11
香港寄り09:30,前15→0,売,2747,-0.0023916910633817222,-0.007391691063381722,-1.120879534994866,-0.5479458057259372,-0.9866654621531276,5,11
香港寄り09:30,前10→0,買,2746,0.00111452873612492,-0.0038854712638750804,0.6943450154132796,0.7266593573420839,0.31313614320855593,8,11
香港寄り09:30,前10→0,売,2746,-0.00111452873612492,-0.00611452873612492,-0.6943450154132796,-0.7266593573420839,-0.31313614320855593,3,11
香港寄り09:30,前5→0,買,2737,0.0010579547615560585,-0.003942045238443942,0.9655828792576651,0.9755691829724853,0.46812353585102634,8,11
香港寄り09:30,前5→0,売,2737,-0.0010579547615560585,-0.006057954761556059,-0.9655828792576651,-0.9755691829724853,-0.46812353585102634,3,11
香港寄り09:30,0→5,買,2746,0.0022387245689227614,-0.0027612754310772387,1.8064386892088353,0.7268057056271326,1.7004854784486767,7,11
香港寄り09:30,0→5,売,2746,-0.0022387245689227614,-0.0072387245689227615,-1.8064386892088353,-0.7268057056271326,-1.7004854784486767,4,11
香港寄り09:30,0→10,買,2750,0.005603300749255435,0.0006033007492554348,3.2990164199280048,1.6372137892667489,2.8814454885416514,9,11
香港寄り09:30,0→10,売,2750,-0.005603300749255435,-0.010603300749255435,-3.2990164199280048,-1.6372137892667489,-2.8814454885416514,2,11
香港寄り09:30,0→15,買,2750,0.006792651003846195,0.0017926510038461952,3.1700439744118696,1.2493383414414991,2.9948655092035623,9,11
香港寄り09:30,0→15,売,2750,-0.006792651003846195,-0.011792651003846195,-3.1700439744118696,-1.2493383414414991,-2.9948655092035623,2,11
香港寄り09:30,0→30,買,2753,0.006462623846061341,0.0014626238460613405,2.2837820444026824,2.071251837622654,1.320298477682431,9,11
香港寄り09:30,0→30,売,2753,-0.006462623846061341,-0.01146262384606134,-2.2837820444026824,-2.071251837622654,-1.320298477682431,2,11
香港寄り09:30,5→15,買,2748,0.00455775423743069,-0.00044224576256930975,2.6897855806792794,1.0415952059144273,2.552157416704915,10,11
香港寄り09:30,5→15,売,2748,-0.00455775423743069,-0.009557754237430691,-2.6897855806792794,-1.0415952059144273,-2.552157416704915,1,11
香港寄り09:30,5→30,買,2753,0.004228073485506563,-0.0007719265144934375,1.675009441309467,1.9502770066142368,0.6611595007942218,8,11
香港寄り09:30,5→30,売,2753,-0.004228073485506563,-0.009228073485506562,-1.675009441309467,-1.9502770066142368,-0.6611595007942218,3,11
香港引け16:00,前15→0,買,2749,-0.001479496143925348,-0.006479496143925349,-0.9269109239006049,-0.9104048686179548,-0.4355225121072526,3,11
香港引け16:00,前15→0,売,2749,0.001479496143925348,-0.003520503856074652,0.9269109239006049,0.9104048686179548,0.4355225121072526,8,11
香港引け16:00,前10→0,買,2748,-0.0020550514698548118,-0.007055051469854812,-1.5534525593117985,-0.856573156610795,-1.3039515932753818,3,11
香港引け16:00,前10→0,売,2748,0.0020550514698548118,-0.0029449485301451883,1.5534525593117985,0.856573156610795,1.3039515932753818,8,11
香港引け16:00,前5→0,買,2742,-0.0011357944962071707,-0.006135794496207171,-1.1878074036644626,-1.7577362142625719,-0.10662944694525768,4,11
香港引け16:00,前5→0,売,2742,0.0011357944962071707,-0.0038642055037928294,1.1878074036644626,1.7577362142625719,0.10662944694525768,7,11
香港引け16:00,0→5,買,2745,0.0015414538212365763,-0.003458546178763424,1.1406326023710778,1.4039628784760005,0.3130099264890612,8,11
香港引け16:00,0→5,売,2745,-0.0015414538212365763,-0.006541453821236576,-1.1406326023710778,-1.4039628784760005,-0.3130099264890612,3,11
香港引け16:00,0→10,買,2748,0.001678094221905052,-0.003321905778094948,0.9385369810924621,1.6944471550586488,-0.21244632299796348,6,11
香港引け16:00,0→10,売,2748,-0.001678094221905052,-0.006678094221905052,-0.9385369810924621,-1.6944471550586488,0.21244632299796348,5,11
香港引け16:00,0→15,買,2751,0.0017575785500655813,-0.003242421449934419,0.7961734199101599,1.468977532253538,-0.15898259286792749,7,11
香港引け16:00,0→15,売,2751,-0.0017575785500655813,-0.006757578550065582,-0.7961734199101599,-1.468977532253538,0.15898259286792749,4,11
香港引け16:00,0→30,買,2749,0.002019215158788177,-0.002980784841211823,0.7325941916437683,1.8503421910966957,-0.5159651107983309,6,11
香港引け16:00,0→30,売,2749,-0.002019215158788177,-0.007019215158788178,-0.7325941916437683,-1.8503421910966957,0.5159651107983309,5,11
香港引け16:00,5→15,買,2752,0.00021812092670242937,-0.0047818790732975704,0.12675826111505054,0.6863385342096087,-0.4381253578697854,6,11
香港引け16:00,5→15,売,2752,-0.00021812092670242937,-0.00521812092670243,-0.12675826111505054,-0.6863385342096087,0.4381253578697854,5,11
香港引け16:00,5→30,買,2751,0.000479855321489075,-0.004520144678510925,0.19952818581718254,1.2334283961856651,-0.7405033103208355,7,11
香港引け16:00,5→30,売,2751,-0.000479855321489075,-0.0054798553214890754,-0.19952818581718254,-1.2334283961856651,0.7405033103208355,4,11
シンガポール09:00,前15→0,買,2747,0.002004531853341067,-0.002995468146658933,1.2390628476554568,0.9657284048323982,0.8345109525501749,9,11
シンガポール09:00,前15→0,売,2747,-0.002004531853341067,-0.0070045318533410676,-1.2390628476554568,-0.9657284048323982,-0.8345109525501749,2,11
シンガポール09:00,前10→0,買,2738,0.00207387825613114,-0.00292612174386886,1.5563969980532504,1.6059972538664202,0.7279786084330648,8,11
シンガポール09:00,前10→0,売,2738,-0.00207387825613114,-0.00707387825613114,-1.5563969980532504,-1.6059972538664202,-0.7279786084330648,3,11
シンガポール09:00,前5→0,買,2739,0.0033879575158574267,-0.0016120424841425734,3.41152883626987,3.7679705798726806,1.5713746709729859,11,11
シンガポール09:00,前5→0,売,2739,-0.0033879575158574267,-0.008387957515857428,-3.41152883626987,-3.7679705798726806,-1.5713746709729859,0,11
シンガポール09:00,0→5,買,2750,-0.0004572307209951801,-0.005457230720995181,-0.2286248049553241,-0.5760847408769094,0.20080927519509334,5,11
シンガポール09:00,0→5,売,2750,0.0004572307209951801,-0.00454276927900482,0.2286248049553241,0.5760847408769094,-0.20080927519509334,6,11
シンガポール09:00,0→10,買,2748,-0.00022217567049188556,-0.005222175670491886,-0.08346878349553262,-0.44492850671783635,0.2401241917178489,4,11
シンガポール09:00,0→10,売,2748,0.00022217567049188556,-0.004777824329508114,0.08346878349553262,0.44492850671783635,-0.2401241917178489,7,11
シンガポール09:00,0→15,買,2750,0.0008943195241782222,-0.004105680475821778,0.29068378417722485,-0.14806824499952245,0.4585806561460975,5,11
シンガポール09:00,0→15,売,2750,-0.0008943195241782222,-0.005894319524178222,-0.29068378417722485,0.14806824499952245,-0.4585806561460975,6,11
シンガポール09:00,0→30,買,2753,0.003270290140588961,-0.0017297098594110391,0.8968231915320088,0.1860774792053892,0.9702525372712427,8,11
シンガポール09:00,0→30,売,2753,-0.003270290140588961,-0.00827029014058896,-0.8968231915320088,-0.1860774792053892,-0.9702525372712427,3,11
シンガポール09:00,5→15,買,2746,0.0013442993108553505,-0.0036557006891446498,0.6128417798593032,0.44169539136943053,0.45097528257843544,5,11
シンガポール09:00,5→15,売,2746,-0.0013442993108553505,-0.00634429931085535,-0.6128417798593032,-0.44169539136943053,-0.45097528257843544,6,11
シンガポール09:00,5→30,買,2753,0.003715221353362731,-0.0012847786466372692,1.2780269257423786,0.715952370113293,1.0584733875434789,9,11
シンガポール09:00,5→30,売,2753,-0.003715221353362731,-0.00871522135336273,-1.2780269257423786,-0.715952370113293,-1.0584733875434789,2,11
シドニー10:00,前15→0,買,2731,0.00772447793296143,0.00272447793296143,4.417292315454505,2.9917671765662743,3.2724897772963026,10,11
シドニー10:00,前15→0,売,2731,-0.00772447793296143,-0.01272447793296143,-4.417292315454505,-2.9917671765662743,-3.2724897772963026,1,11
シドニー10:00,前10→0,買,2727,0.006723818847088021,0.0017238188470880206,4.118997198426773,2.9359258293618544,2.9522223682853763,10,11
シドニー10:00,前10→0,売,2727,-0.006723818847088021,-0.011723818847088022,-4.118997198426773,-2.9359258293618544,-2.9522223682853763,1,11
シドニー10:00,前5→0,買,2722,0.0051578876247516245,0.00015788762475162435,3.402020089728267,3.130823191417939,1.9082716503694517,9,11
シドニー10:00,前5→0,売,2722,-0.0051578876247516245,-0.010157887624751625,-3.402020089728267,-3.130823191417939,-1.9082716503694517,2,11
シドニー10:00,0→5,買,2742,0.007460291917123322,0.0024602919171233216,4.844680601010805,4.815200873507506,2.323461984027729,10,11
シドニー10:00,0→5,売,2742,-0.007460291917123322,-0.012460291917123322,-4.844680601010805,-4.815200873507506,-2.323461984027729,1,11
シドニー10:00,0→10,買,2748,0.010192143900340006,0.005192143900340006,5.255090433369653,4.786683390946983,3.032716243741096,11,11
シドニー10:00,0→10,売,2748,-0.010192143900340006,-0.015192143900340006,-5.255090433369653,-4.786683390946983,-3.032716243741096,0,11
シドニー10:00,0→15,買,2751,0.01136662995324374,0.00636662995324374,4.753621043225944,4.369158130397852,2.80012879491498,11,11
シドニー10:00,0→15,売,2751,-0.01136662995324374,-0.01636662995324374,-4.753621043225944,-4.369158130397852,-2.80012879491498,0,11
シドニー10:00,0→30,買,2753,0.014401511152280961,0.00940151115228096,4.730523255434882,3.8905367322208697,3.220080918357532,11,11
シドニー10:00,0→30,売,2753,-0.014401511152280961,-0.019401511152280962,-4.730523255434882,-3.8905367322208697,-3.220080918357532,0,11
シドニー10:00,5→15,買,2744,0.0039414537235377784,-0.0010585462764622217,2.1230369948326953,1.2271972494580834,1.7469249635914552,7,11
シドニー10:00,5→15,売,2744,-0.0039414537235377784,-0.008941453723537779,-2.1230369948326953,-1.2271972494580834,-1.7469249635914552,4,11
シドニー10:00,5→30,買,2752,0.006972964001958383,0.001972964001958383,2.653052668462537,1.0783847595463016,2.428257084505082,8,11
シドニー10:00,5→30,売,2752,-0.006972964001958383,-0.011972964001958384,-2.653052668462537,-1.0783847595463016,-2.428257084505082,3,11
インド寄り09:15,前15→0,買,2746,-0.0013286318930064995,-0.0063286318930065,-0.9384409949228406,-0.4837107712181192,-0.8333352694174104,3,11
インド寄り09:15,前15→0,売,2746,0.0013286318930064995,-0.0036713681069935004,0.9384409949228406,0.4837107712181192,0.8333352694174104,8,11
インド寄り09:15,前10→0,買,2734,-0.0012445152904464307,-0.006244515290446431,-1.1912497440118353,-0.3458364334573249,-1.286583677841152,4,11
インド寄り09:15,前10→0,売,2734,0.0012445152904464307,-0.0037554847095535695,1.1912497440118353,0.3458364334573249,1.286583677841152,7,11
インド寄り09:15,前5→0,買,2719,3.796095016813251e-05,-0.0049620390498318675,0.05351948307577863,1.300685628523164,-1.0515155735282515,6,11
インド寄り09:15,前5→0,売,2719,-3.796095016813251e-05,-0.005037960950168133,-0.05351948307577863,-1.300685628523164,1.0515155735282515,5,11
インド寄り09:15,0→5,買,2733,0.0005535640240537398,-0.00444643597594626,0.6635521455144165,-0.08660458976929657,1.0657511619641302,5,11
インド寄り09:15,0→5,売,2733,-0.0005535640240537398,-0.00555356402405374,-0.6635521455144165,0.08660458976929657,-1.0657511619641302,6,11
インド寄り09:15,0→10,買,2737,-9.250055749985419e-07,-0.005000925005574999,-0.000992586302274314,-1.221683342346124,0.8843733081665999,3,11
インド寄り09:15,0→10,売,2737,9.250055749985419e-07,-0.004999074994425002,0.000992586302274314,1.221683342346124,-0.8843733081665999,8,11
インド寄り09:15,0→15,買,2745,-0.0008405994251615945,-0.0058405994251615944,-0.749409756211593,-1.3319250384543786,0.006231488835465288,3,11
インド寄り09:15,0→15,売,2745,0.0008405994251615945,-0.004159400574838406,0.749409756211593,1.3319250384543786,-0.006231488835465288,8,11
インド寄り09:15,0→30,買,2745,-0.002145412618538008,-0.0071454126185380076,-1.324732763316851,-2.0043015145430934,-0.18490574170486182,4,11
インド寄り09:15,0→30,売,2745,0.002145412618538008,-0.002854587381461992,1.324732763316851,2.0043015145430934,0.18490574170486182,7,11
インド寄り09:15,5→15,買,2743,-0.0013868751863996753,-0.006386875186399675,-1.388422397216234,-1.2422873020851781,-0.7684379806816922,3,11
インド寄り09:15,5→15,売,2743,0.0013868751863996753,-0.003613124813600325,1.388422397216234,1.2422873020851781,0.7684379806816922,8,11
インド寄り09:15,5→30,買,2744,-0.002689290097801055,-0.007689290097801055,-1.6901142898839088,-1.6885023376604615,-0.7548791647868721,3,11
インド寄り09:15,5→30,売,2744,0.002689290097801055,-0.002310709902198945,1.6901142898839088,1.6885023376604615,0.7548791647868721,8,11
ドバイDGCX07:00,前15→0,買,2748,-0.003105164098707863,-0.008105164098707863,-1.8396663537491182,-1.0453804472419166,-1.5183109881216346,4,11
ドバイDGCX07:00,前15→0,売,2748,0.003105164098707863,-0.001894835901292137,1.8396663537491182,1.0453804472419166,1.5183109881216346,7,11
ドバイDGCX07:00,前10→0,買,2735,-0.0007422497701844366,-0.005742249770184437,-0.5866726427042024,0.04788404810430899,-0.7418787820224456,7,11
ドバイDGCX07:00,前10→0,売,2735,0.0007422497701844366,-0.0042577502298155635,0.5866726427042024,-0.04788404810430899,0.7418787820224456,4,11
ドバイDGCX07:00,前5→0,買,2736,-0.0011495040472991806,-0.00614950404729918,-1.2858393303673465,-0.001846514758528019,-1.5661672647170797,4,11
ドバイDGCX07:00,前5→0,売,2736,0.0011495040472991806,-0.0038504959527008195,1.2858393303673465,0.001846514758528019,1.5661672647170797,7,11
ドバイDGCX07:00,0→5,買,2737,4.018890965167172e-05,-0.004959811090348328,0.03968949014344142,-0.5727798371400631,0.5870572525751344,6,11
ドバイDGCX07:00,0→5,売,2737,-4.018890965167172e-05,-0.005040188909651672,-0.03968949014344142,0.5727798371400631,-0.5870572525751344,5,11
ドバイDGCX07:00,0→10,買,2742,-0.0002595419591740436,-0.0052595419591740435,-0.19712680513008624,-0.8959062133704193,0.5371507292979356,4,11
ドバイDGCX07:00,0→10,売,2742,0.0002595419591740436,-0.004740458040825957,0.19712680513008624,0.8959062133704193,-0.5371507292979356,7,11
ドバイDGCX07:00,0→15,買,2746,-0.000659409992368684,-0.005659409992368684,-0.405607322907633,-0.028926031258945106,-0.5102507621292619,6,11
ドバイDGCX07:00,0→15,売,2746,0.000659409992368684,-0.004340590007631316,0.405607322907633,0.028926031258945106,0.5102507621292619,5,11
ドバイDGCX07:00,0→30,買,2751,0.0010656222861078332,-0.003934377713892167,0.5184810863027297,0.07486677093490565,0.6198153315223043,7,11
ドバイDGCX07:00,0→30,売,2751,-0.0010656222861078332,-0.006065622286107833,-0.5184810863027297,-0.07486677093490565,-0.6198153315223043,4,11
ドバイDGCX07:00,5→15,買,2746,-0.0007017904918426905,-0.005701790491842691,-0.5815881826042569,0.5519091759152803,-1.0910644631413975,5,11
ドバイDGCX07:00,5→15,売,2746,0.0007017904918426905,-0.0042982095081573095,0.5815881826042569,-0.5519091759152803,1.0910644631413975,6,11
ドバイDGCX07:00,5→30,買,2747,0.0010225434770978752,-0.003977456522902125,0.6023516235961218,0.5464805464050804,0.3451889063624939,5,11
ドバイDGCX07:00,5→30,売,2747,-0.0010225434770978752,-0.006022543477097875,-0.6023516235961218,-0.5464805464050804,-0.3451889063624939,6,11
フランクフルト09:00,前15→0,買,2749,0.0028463162454254827,-0.0021536837545745174,1.791873638916208,1.058043544620546,1.4657222757764345,7,11
フランクフルト09:00,前15→0,売,2749,-0.0028463162454254827,-0.007846316245425483,-1.791873638916208,-1.058043544620546,-1.4657222757764345,4,11
フランクフルト09:00,前10→0,買,2748,0.0010069752595704689,-0.0039930247404295315,0.7640123525946446,1.0599635248892518,0.0862886275240367,5,11
フランクフルト09:00,前10→0,売,2748,-0.0010069752595704689,-0.006006975259570469,-0.7640123525946446,-1.0599635248892518,-0.0862886275240367,6,11
フランクフルト09:00,前5→0,買,2744,0.0011683820013402766,-0.0038316179986597233,1.2411950776122793,0.5211180582911856,1.2149749545717754,7,11
フランクフルト09:00,前5→0,売,2744,-0.0011683820013402766,-0.006168382001340277,-1.2411950776122793,-0.5211180582911856,-1.2149749545717754,4,11
フランクフルト09:00,0→5,買,2745,0.0010374327654130706,-0.00396256723458693,0.775429110664854,1.74470201040036,-0.5543893195592491,6,11
フランクフルト09:00,0→5,売,2745,-0.0010374327654130706,-0.00603743276541307,-0.775429110664854,-1.74470201040036,0.5543893195592491,5,11
フランクフルト09:00,0→10,買,2749,0.0011267608471019319,-0.003873239152898068,0.6215528265633538,1.1826904741028899,-0.2556551703360141,6,11
フランクフルト09:00,0→10,売,2749,-0.0011267608471019319,-0.006126760847101932,-0.6215528265633538,-1.1826904741028899,0.2556551703360141,5,11
フランクフルト09:00,0→15,買,2746,0.002558274891684862,-0.002441725108315138,1.1685271142215288,1.9387151679857337,-0.20996829206850523,5,11
フランクフルト09:00,0→15,売,2746,-0.002558274891684862,-0.007558274891684862,-1.1685271142215288,-1.9387151679857337,0.20996829206850523,6,11
フランクフルト09:00,0→30,買,2754,0.0033968918577220153,-0.0016031081422779848,1.2462589817544611,1.7697496383176015,0.14011471298163775,8,11
フランクフルト09:00,0→30,売,2754,-0.0033968918577220153,-0.008396891857722015,-1.2462589817544611,-1.7697496383176015,-0.14011471298163775,3,11
フランクフルト09:00,5→15,買,2748,0.0015202344602905388,-0.0034797655397094613,0.8762348804508604,1.0605906443735524,0.20195110225447616,8,11
フランクフルト09:00,5→15,売,2748,-0.0015202344602905388,-0.006520234460290539,-0.8762348804508604,-1.0605906443735524,-0.20195110225447616,3,11
フランクフルト09:00,5→30,買,2751,0.0023682971900358036,-0.0026317028099641965,0.9769313842353019,0.9651370589247112,0.4604721029688929,8,11
フランクフルト09:00,5→30,売,2751,-0.0023682971900358036,-0.007368297190035804,-0.9769313842353019,-0.9651370589247112,-0.4604721029688929,3,11
欧州引け17:30,前15→0,買,2748,0.0020413609075460993,-0.0029586390924539008,0.8957745071068094,0.9635655772497929,0.36733032055038506,7,11
欧州引け17:30,前15→0,売,2748,-0.0020413609075460993,-0.007041360907546099,-0.8957745071068094,-0.9635655772497929,-0.36733032055038506,4,11
欧州引け17:30,前10→0,買,2747,0.0011689883921162955,-0.003831011607883705,0.6596552795182928,1.0539289181946965,-0.016183329223593803,6,11
欧州引け17:30,前10→0,売,2747,-0.0011689883921162955,-0.006168988392116295,-0.6596552795182928,-1.0539289181946965,0.016183329223593803,5,11
欧州引け17:30,前5→0,買,2745,0.00019764058787057629,-0.0048023594121294234,0.15652491205093472,0.7210477699674944,-0.3857630065482768,7,11
欧州引け17:30,前5→0,売,2745,-0.00019764058787057629,-0.005197640587870577,-0.15652491205093472,-0.7210477699674944,0.3857630065482768,4,11
欧州引け17:30,0→5,買,2748,-0.0008621219768142488,-0.005862121976814249,-0.6462383237783615,0.01475824333482082,-0.8590243085256062,6,11
欧州引け17:30,0→5,売,2748,0.0008621219768142488,-0.004137878023185751,0.6462383237783615,-0.01475824333482082,0.8590243085256062,5,11
欧州引け17:30,0→10,買,2750,-0.000286040491510117,-0.005286040491510117,-0.15629684458136145,-0.9260576081778426,0.5308972216108971,4,11
欧州引け17:30,0→10,売,2750,0.000286040491510117,-0.004713959508489883,0.15629684458136145,0.9260576081778426,-0.5308972216108971,7,11
欧州引け17:30,0→15,買,2753,-0.0009423261932316524,-0.005942326193231652,-0.43483267257540587,-1.3913891175788853,0.6690632057811002,3,11
欧州引け17:30,0→15,売,2753,0.0009423261932316524,-0.004057673806768348,0.43483267257540587,1.3913891175788853,-0.6690632057811002,8,11
欧州引け17:30,0→30,買,2752,-0.00045433481517904447,-0.005454334815179045,-0.16563426500993206,-1.185880645470208,0.7627753979368285,5,11
欧州引け17:30,0→30,売,2752,0.00045433481517904447,-0.004545665184820955,0.16563426500993206,1.185880645470208,-0.7627753979368285,6,11
欧州引け17:30,5→15,買,2745,-7.889661064713656e-05,-0.005078896610647136,-0.04433041924470262,-1.5553639844414642,1.4994501356236016,6,11
欧州引け17:30,5→15,売,2745,7.889661064713656e-05,-0.004921103389352864,0.04433041924470262,1.5553639844414642,-1.4994501356236016,5,11
欧州引け17:30,5→30,買,2750,0.00040921581401737905,-0.004590784185982621,0.16804584809989784,-1.3165721522722915,1.3669515599593336,5,11
欧州引け17:30,5→30,売,2750,-0.00040921581401737905,-0.005409215814017379,-0.16804584809989784,1.3165721522722915,-1.3669515599593336,6,11
ロンドン株08:00,前15→0,買,2749,0.0028463162454254827,-0.0021536837545745174,1.791873638916208,1.058043544620546,1.4657222757764345,7,11
ロンドン株08:00,前15→0,売,2749,-0.0028463162454254827,-0.007846316245425483,-1.791873638916208,-1.058043544620546,-1.4657222757764345,4,11
ロンドン株08:00,前10→0,買,2748,0.0010069752595704689,-0.0039930247404295315,0.7640123525946446,1.0599635248892518,0.0862886275240367,5,11
ロンドン株08:00,前10→0,売,2748,-0.0010069752595704689,-0.006006975259570469,-0.7640123525946446,-1.0599635248892518,-0.0862886275240367,6,11
ロンドン株08:00,前5→0,買,2744,0.0011683820013402766,-0.0038316179986597233,1.2411950776122793,0.5211180582911856,1.2149749545717754,7,11
ロンドン株08:00,前5→0,売,2744,-0.0011683820013402766,-0.006168382001340277,-1.2411950776122793,-0.5211180582911856,-1.2149749545717754,4,11
ロンドン株08:00,0→5,買,2745,0.0010374327654130706,-0.00396256723458693,0.775429110664854,1.74470201040036,-0.5543893195592491,6,11
ロンドン株08:00,0→5,売,2745,-0.0010374327654130706,-0.00603743276541307,-0.775429110664854,-1.74470201040036,0.5543893195592491,5,11
ロンドン株08:00,0→10,買,2749,0.0011267608471019319,-0.003873239152898068,0.6215528265633538,1.1826904741028899,-0.2556551703360141,6,11
ロンドン株08:00,0→10,売,2749,-0.0011267608471019319,-0.006126760847101932,-0.6215528265633538,-1.1826904741028899,0.2556551703360141,5,11
ロンドン株08:00,0→15,買,2746,0.002558274891684862,-0.002441725108315138,1.1685271142215288,1.9387151679857337,-0.20996829206850523,5,11
ロンドン株08:00,0→15,売,2746,-0.002558274891684862,-0.007558274891684862,-1.1685271142215288,-1.9387151679857337,0.20996829206850523,6,11
ロンドン株08:00,0→30,買,2754,0.0033968918577220153,-0.0016031081422779848,1.2462589817544611,1.7697496383176015,0.14011471298163775,8,11
ロンドン株08:00,0→30,売,2754,-0.0033968918577220153,-0.008396891857722015,-1.2462589817544611,-1.7697496383176015,-0.14011471298163775,3,11
ロンドン株08:00,5→15,買,2748,0.0015202344602905388,-0.0034797655397094613,0.8762348804508604,1.0605906443735524,0.20195110225447616,8,11
ロンドン株08:00,5→15,売,2748,-0.0015202344602905388,-0.006520234460290539,-0.8762348804508604,-1.0605906443735524,-0.20195110225447616,3,11
ロンドン株08:00,5→30,買,2751,0.0023682971900358036,-0.0026317028099641965,0.9769313842353019,0.9651370589247112,0.4604721029688929,8,11
ロンドン株08:00,5→30,売,2751,-0.0023682971900358036,-0.007368297190035804,-0.9769313842353019,-0.9651370589247112,-0.4604721029688929,3,11
ロンドン株引け16:30,前15→0,買,2748,0.0020413609075460993,-0.0029586390924539008,0.8957745071068094,0.9635655772497929,0.36733032055038506,7,11
ロンドン株引け16:30,前15→0,売,2748,-0.0020413609075460993,-0.007041360907546099,-0.8957745071068094,-0.9635655772497929,-0.36733032055038506,4,11
ロンドン株引け16:30,前10→0,買,2747,0.0011689883921162955,-0.003831011607883705,0.6596552795182928,1.0539289181946965,-0.016183329223593803,6,11
ロンドン株引け16:30,前10→0,売,2747,-0.0011689883921162955,-0.006168988392116295,-0.6596552795182928,-1.0539289181946965,0.016183329223593803,5,11
ロンドン株引け16:30,前5→0,買,2745,0.00019764058787057629,-0.0048023594121294234,0.15652491205093472,0.7210477699674944,-0.3857630065482768,7,11
ロンドン株引け16:30,前5→0,売,2745,-0.00019764058787057629,-0.005197640587870577,-0.15652491205093472,-0.7210477699674944,0.3857630065482768,4,11
ロンドン株引け16:30,0→5,買,2748,-0.0008621219768142488,-0.005862121976814249,-0.6462383237783615,0.01475824333482082,-0.8590243085256062,6,11
ロンドン株引け16:30,0→5,売,2748,0.0008621219768142488,-0.004137878023185751,0.6462383237783615,-0.01475824333482082,0.8590243085256062,5,11
ロンドン株引け16:30,0→10,買,2750,-0.000286040491510117,-0.005286040491510117,-0.15629684458136145,-0.9260576081778426,0.5308972216108971,4,11
ロンドン株引け16:30,0→10,売,2750,0.000286040491510117,-0.004713959508489883,0.15629684458136145,0.9260576081778426,-0.5308972216108971,7,11
ロンドン株引け16:30,0→15,買,2753,-0.0009423261932316524,-0.005942326193231652,-0.43483267257540587,-1.3913891175788853,0.6690632057811002,3,11
ロンドン株引け16:30,0→15,売,2753,0.0009423261932316524,-0.004057673806768348,0.43483267257540587,1.3913891175788853,-0.6690632057811002,8,11
ロンドン株引け16:30,0→30,買,2752,-0.00045433481517904447,-0.005454334815179045,-0.16563426500993206,-1.185880645470208,0.7627753979368285,5,11
ロンドン株引け16:30,0→30,売,2752,0.00045433481517904447,-0.004545665184820955,0.16563426500993206,1.185880645470208,-0.7627753979368285,6,11
ロンドン株引け16:30,5→15,買,2745,-7.889661064713656e-05,-0.005078896610647136,-0.04433041924470262,-1.5553639844414642,1.4994501356236016,6,11
ロンドン株引け16:30,5→15,売,2745,7.889661064713656e-05,-0.004921103389352864,0.04433041924470262,1.5553639844414642,-1.4994501356236016,5,11
ロンドン株引け16:30,5→30,買,2750,0.00040921581401737905,-0.004590784185982621,0.16804584809989784,-1.3165721522722915,1.3669515599593336,5,11
ロンドン株引け16:30,5→30,売,2750,-0.00040921581401737905,-0.005409215814017379,-0.16804584809989784,1.3165721522722915,-1.3669515599593336,6,11
LBMA AM10:30,前15→0,買,2748,-0.00979412993719672,-0.01479412993719672,-6.253486261894119,-3.0533237012704375,-5.586582136323446,2,11
LBMA AM10:30,前15→0,売,2748,0.00979412993719672,0.00479412993719672,6.253486261894119,3.0533237012704375,5.586582136323446,9,11
LBMA AM10:30,前10→0,買,2744,-0.009515883054637657,-0.014515883054637656,-7.318656204458836,-2.6846070838560445,-7.430073003335527,3,11
LBMA AM10:30,前10→0,売,2744,0.009515883054637657,0.004515883054637656,7.318656204458836,2.6846070838560445,7.430073003335527,8,11
LBMA AM10:30,前5→0,買,2742,-0.008684910973757471,-0.013684910973757472,-9.446024893015288,-4.808588016540266,-8.35214013209031,1,11
LBMA AM10:30,前5→0,売,2742,0.008684910973757471,0.003684910973757471,9.446024893015288,4.808588016540266,8.35214013209031,10,11
LBMA AM10:30,0→5,買,2751,-0.0009596129429805558,-0.005959612942980556,-0.8813159345699975,-1.346538154934918,0.07871454909554486,7,11
LBMA AM10:30,0→5,売,2751,0.0009596129429805558,-0.004040387057019444,0.8813159345699975,1.346538154934918,-0.07871454909554486,4,11
LBMA AM10:30,0→10,買,2748,0.0017761196760928968,-0.0032238803239071035,1.327173323395255,0.6945048174159708,1.154567070320266,7,11
LBMA AM10:30,0→10,売,2748,-0.0017761196760928968,-0.006776119676092897,-1.327173323395255,-0.6945048174159708,-1.154567070320266,4,11
LBMA AM10:30,0→15,買,2746,0.0027166100719725845,-0.0022833899280274156,1.8064746081435081,1.9856650413660009,0.6962024125563606,8,11
LBMA AM10:30,0→15,売,2746,-0.0027166100719725845,-0.007716610071972585,-1.8064746081435081,-1.9856650413660009,-0.6962024125563606,3,11
LBMA AM10:30,0→30,買,2750,0.0029989938641983896,-0.0020010061358016105,1.3881641649778926,0.18592743553774446,1.7050261933897546,8,11
LBMA AM10:30,0→30,売,2750,-0.0029989938641983896,-0.00799899386419839,-1.3881641649778926,-0.18592743553774446,-1.7050261933897546,3,11
LBMA AM10:30,5→15,買,2745,0.0036842701109866373,-0.0013157298890133628,3.0794537438991827,4.010116771245112,0.7622503924957875,9,11
LBMA AM10:30,5→15,売,2745,-0.0036842701109866373,-0.008684270110986637,-3.0794537438991827,-4.010116771245112,-0.7622503924957875,2,11
LBMA AM10:30,5→30,買,2748,0.003964250880405793,-0.0010357491195942068,2.071541770666336,1.0322234111170057,1.8480687979814863,8,11
LBMA AM10:30,5→30,売,2748,-0.003964250880405793,-0.008964250880405793,-2.071541770666336,-1.0322234111170057,-1.8480687979814863,3,11
LBMA PM15:00,前15→0,買,2751,-0.008074704475006557,-0.013074704475006558,-2.435985847457095,-2.692211440055342,-0.9137183253594156,2,11
LBMA PM15:00,前15→0,売,2751,0.008074704475006557,0.003074704475006557,2.435985847457095,2.692211440055342,0.9137183253594156,9,11
LBMA PM15:00,前10→0,買,2753,-0.008128556874827332,-0.013128556874827332,-3.302265553076252,-3.1169048905958876,-1.6776201288657495,2,11
LBMA PM15:00,前10→0,売,2753,0.008128556874827332,0.0031285568748273323,3.302265553076252,3.1169048905958876,1.6776201288657495,9,11
LBMA PM15:00,前5→0,買,2753,-0.009479021462454084,-0.014479021462454084,-5.623655071281916,-4.433662990655535,-3.574037611041982,1,11
LBMA PM15:00,前5→0,売,2753,0.009479021462454084,0.004479021462454084,5.623655071281916,4.433662990655535,3.574037611041982,10,11
LBMA PM15:00,0→5,買,2752,-0.003294621832666427,-0.008294621832666427,-1.3190929478914082,-0.16870011129713638,-1.6169697039839674,6,11
LBMA PM15:00,0→5,売,2752,0.003294621832666427,-0.0017053781673335732,1.3190929478914082,0.16870011129713638,1.6169697039839674,5,11
LBMA PM15:00,0→10,買,2754,0.0019060210433663011,-0.003093978956633699,0.5965389044670086,0.21171870533608694,0.5971518377275655,8,11
LBMA PM15:00,0→10,売,2754,-0.0019060210433663011,-0.006906021043366301,-0.5965389044670086,-0.21171870533608694,-0.5971518377275655,3,11
LBMA PM15:00,0→15,買,2754,0.0042537334707601505,-0.0007462665292398496,1.1809146942034807,0.763263592155126,0.9020298567587653,8,11
LBMA PM15:00,0→15,売,2754,-0.0042537334707601505,-0.00925373347076015,-1.1809146942034807,-0.763263592155126,-0.9020298567587653,3,11
LBMA PM15:00,0→30,買,2753,0.004415262310843724,-0.0005847376891562764,0.8961232382566375,1.0595119011769585,0.33610180923498634,8,11
LBMA PM15:00,0→30,売,2753,-0.004415262310843724,-0.009415262310843723,-0.8961232382566375,-1.0595119011769585,-0.33610180923498634,3,11
LBMA PM15:00,5→15,買,2751,0.007552706091989879,0.0025527060919898793,2.9311899775982635,1.2667882872712422,2.7207623778983123,8,11
LBMA PM15:00,5→15,売,2751,-0.007552706091989879,-0.01255270609198988,-2.9311899775982635,-1.2667882872712422,-2.7207623778983123,3,11
LBMA PM15:00,5→30,買,2753,0.007713767500353547,0.0027137675003535465,1.7962053801060995,1.3160537301720865,1.2617533110247998,9,11
LBMA PM15:00,5→30,売,2753,-0.007713767500353547,-0.012713767500353548,-1.7962053801060995,-1.3160537301720865,-1.2617533110247998,2,11
COMEXピット08:20,前15→0,買,2754,0.001158106750814363,-0.0038418932491856373,0.5151357348370322,0.8568376776419151,-0.0910896009808835,8,11
COMEXピット08:20,前15→0,売,2754,-0.001158106750814363,-0.006158106750814363,-0.5151357348370322,-0.8568376776419151,0.0910896009808835,3,11
COMEXピット08:20,前10→0,買,2748,0.0020682450673045936,-0.0029317549326954065,1.0952391934044345,1.4402753843802105,0.17336049188316835,9,11
COMEXピット08:20,前10→0,売,2748,-0.0020682450673045936,-0.007068245067304593,-1.0952391934044345,-1.4402753843802105,-0.17336049188316835,2,11
COMEXピット08:20,前5→0,買,2748,0.0020488694239664596,-0.0029511305760335405,1.3616720505320552,1.4824084075679005,0.4879265663250884,6,11
COMEXピット08:20,前5→0,売,2748,-0.0020488694239664596,-0.00704886942396646,-1.3616720505320552,-1.4824084075679005,-0.4879265663250884,5,11
COMEXピット08:20,0→5,買,2750,-0.003250384771038977,-0.008250384771038977,-1.6234029236689134,-0.6392299345428796,-1.58178987128539,3,11
COMEXピット08:20,0→5,売,2750,0.003250384771038977,-0.0017496152289610233,1.6234029236689134,0.6392299345428796,1.58178987128539,8,11
COMEXピット08:20,0→10,買,2752,-0.006894481909950274,-0.011894481909950273,-2.9788785398244078,-1.6989137559103547,-2.4668877972613057,2,11
COMEXピット08:20,0→10,売,2752,0.006894481909950274,0.001894481909950274,2.9788785398244078,1.6989137559103547,2.4668877972613057,9,11
COMEXピット08:20,0→15,買,2754,7.178289662157202e-05,-0.004928217103378428,0.017665092270648487,-0.4181986562961669,0.35558722970610795,5,11
COMEXピット08:20,0→15,売,2754,-7.178289662157202e-05,-0.0050717828966215725,-0.017665092270648487,0.4181986562961669,-0.35558722970610795,6,11
COMEXピット08:20,0→30,買,2753,-0.0011297233125836183,-0.006129723312583619,-0.21799990445330292,-0.13890277580631752,-0.16834812672158003,4,11
COMEXピット08:20,0→30,売,2753,0.0011297233125836183,-0.003870276687416382,0.21799990445330292,0.13890277580631752,0.16834812672158003,7,11
COMEXピット08:20,5→15,買,2751,0.003322246819732511,-0.001677753180267489,0.9351400032913149,-0.11625474964037452,1.2701251999941416,6,11
COMEXピット08:20,5→15,売,2751,-0.003322246819732511,-0.008322246819732511,-0.9351400032913149,0.11625474964037452,-1.2701251999941416,5,11
COMEXピット08:20,5→30,買,2753,0.0021081058989545274,-0.0028918941010454727,0.4473720610198126,0.1470367322238153,0.44517833421319264,6,11
COMEXピット08:20,5→30,売,2753,-0.0021081058989545274,-0.007108105898954527,-0.4473720610198126,-0.1470367322238153,-0.44517833421319264,5,11
米指標08:30,前15→0,買,2755,-0.0048452154832595564,-0.009845215483259557,-1.7730303831323888,-0.6031119600746657,-1.8232824145628972,4,11
米指標08:30,前15→0,売,2755,0.0048452154832595564,-0.00015478451674044366,1.7730303831323888,0.6031119600746657,1.8232824145628972,7,11
米指標08:30,前10→0,買,2752,-0.006894481909950274,-0.011894481909950273,-2.9788785398244078,-1.6989137559103547,-2.4668877972613057,2,11
米指標08:30,前10→0,売,2752,0.006894481909950274,0.001894481909950274,2.9788785398244078,1.6989137559103547,2.4668877972613057,9,11
米指標08:30,前5→0,買,2749,-0.0036442823112058016,-0.008644282311205802,-2.70574408960207,-1.883335279090112,-1.9425033696883283,4,11
米指標08:30,前5→0,売,2749,0.0036442823112058016,-0.0013557176887941985,2.70574408960207,1.883335279090112,1.9425033696883283,7,11
米指標08:30,0→5,買,2752,0.006964501357215042,0.001964501357215042,2.0982957170634884,0.7478323376342132,2.060255247035358,8,11
米指標08:30,0→5,売,2752,-0.006964501357215042,-0.011964501357215041,-2.0982957170634884,-0.7478323376342132,-2.060255247035358,3,11
米指標08:30,0→10,買,2753,0.008071422219034815,0.0030714222190348145,2.102410218516049,1.2699648332935296,1.6755273910748163,8,11
米指標08:30,0→10,売,2753,-0.008071422219034815,-0.013071422219034814,-2.102410218516049,-1.2699648332935296,-1.6755273910748163,3,11
米指標08:30,0→15,買,2754,0.007246371566859517,0.0022463715668595173,1.685870223009731,0.9904072299736927,1.3641529068995635,7,11
米指標08:30,0→15,売,2754,-0.007246371566859517,-0.012246371566859517,-1.685870223009731,-0.9904072299736927,-1.3641529068995635,4,11
米指標08:30,0→30,買,2749,0.005582994703826153,0.0005829947038261526,1.1008697768913531,0.8436682551555508,0.7456223281773645,8,11
米指標08:30,0→30,売,2749,-0.005582994703826153,-0.010582994703826152,-1.1008697768913531,-0.8436682551555508,-0.7456223281773645,3,11
米指標08:30,5→15,買,2753,0.0002722817902320321,-0.004727718209767968,0.1075556204689754,0.5891792959729437,-0.32110132645623113,6,11
米指標08:30,5→15,売,2753,-0.0002722817902320321,-0.005272281790232032,-0.1075556204689754,-0.5891792959729437,0.32110132645623113,5,11
米指標08:30,5→30,買,2755,-0.001398299890393841,-0.006398299890393842,-0.37750576014012016,0.4602853364565348,-0.842109984211153,6,11
米指標08:30,5→30,売,2755,0.001398299890393841,-0.003601700109606159,0.37750576014012016,-0.4602853364565348,0.842109984211153,5,11
NY株寄り09:30,前15→0,買,2751,-0.0008608379848851162,-0.005860837984885116,-0.34665393475758843,1.2879866060636413,-1.4882045868516671,4,11
NY株寄り09:30,前15→0,売,2751,0.0008608379848851162,-0.004139162015114884,0.34665393475758843,-1.2879866060636413,1.4882045868516671,7,11
NY株寄り09:30,前10→0,買,2753,-0.001119110152146125,-0.006119110152146125,-0.5696249049953737,0.6550760820867984,-1.2639321267156303,5,11
NY株寄り09:30,前10→0,売,2753,0.001119110152146125,-0.003880889847853875,0.5696249049953737,-0.6550760820867984,1.2639321267156303,6,11
NY株寄り09:30,前5→0,買,2743,-0.0007286165806149117,-0.005728616580614912,-0.5329987105648485,0.762705981986209,-1.3227383519431215,3,11
NY株寄り09:30,前5→0,売,2743,0.0007286165806149117,-0.004271383419385088,0.5329987105648485,-0.762705981986209,1.3227383519431215,8,11
NY株寄り09:30,0→5,買,2751,-0.0013769743277681074,-0.0063769743277681075,-0.6548415349117913,-0.8009818112617586,-0.19514889603264382,5,11
NY株寄り09:30,0→5,売,2751,0.0013769743277681074,-0.0036230256722318928,0.6548415349117913,0.8009818112617586,0.19514889603264382,6,11
NY株寄り09:30,0→10,買,2746,-0.001624382118572299,-0.006624382118572299,-0.5438061441935839,-1.6567676726138603,0.568192941210277,3,11
NY株寄り09:30,0→10,売,2746,0.001624382118572299,-0.003375617881427701,0.5438061441935839,1.6567676726138603,-0.568192941210277,8,11
NY株寄り09:30,0→15,買,2750,-0.004533713708940795,-0.009533713708940794,-1.2697620410198962,-1.7332115045213277,-0.2328891796748631,4,11
NY株寄り09:30,0→15,売,2750,0.004533713708940795,-0.00046628629105920517,1.2697620410198962,1.7332115045213277,0.2328891796748631,7,11
NY株寄り09:30,0→30,買,2754,-0.011142168651414455,-0.016142168651414456,-2.278878243107882,-2.8935585538359687,-0.5557008343884096,2,11
NY株寄り09:30,0→30,売,2754,0.011142168651414455,0.006142168651414454,2.278878243107882,2.8935585538359687,0.5557008343884096,9,11
NY株寄り09:30,5→15,買,2753,-0.0031549092125644717,-0.008154909212564471,-1.104314572909085,-1.6254449445037267,-0.12654087157439722,4,11
NY株寄り09:30,5→15,売,2753,0.0031549092125644717,-0.0018450907874355284,1.104314572909085,1.6254449445037267,0.12654087157439722,7,11
NY株寄り09:30,5→30,買,2752,-0.009776711684268012,-0.014776711684268012,-2.223665869815552,-2.878260953907054,-0.5193288076914628,2,11
NY株寄り09:30,5→30,売,2752,0.009776711684268012,0.004776711684268012,2.223665869815552,2.878260953907054,0.5193288076914628,9,11
COMEX清算13:30,前15→0,買,2711,-0.003364026104159421,-0.00836402610415942,-1.7007516943933667,-0.8264169694162913,-1.5678850922849257,4,11
COMEX清算13:30,前15→0,売,2711,0.003364026104159421,-0.001635973895840579,1.7007516943933667,0.8264169694162913,1.5678850922849257,7,11
COMEX清算13:30,前10→0,買,2703,-0.0021624699499683056,-0.007162469949968306,-1.296979382454487,-0.7298649974331891,-1.1068590456617362,4,11
COMEX清算13:30,前10→0,売,2703,0.0021624699499683056,-0.0028375300500316945,1.296979382454487,0.7298649974331891,1.1068590456617362,7,11
COMEX清算13:30,前5→0,買,2704,-0.0017781136483552597,-0.00677811364835526,-1.4212605845144883,0.07722365627605866,-2.090580098184517,5,11
COMEX清算13:30,前5→0,売,2704,0.0017781136483552597,-0.0032218863516447404,1.4212605845144883,-0.07722365627605866,2.090580098184517,6,11
COMEX清算13:30,0→5,買,2702,0.0027056548022391276,-0.0022943451977608725,2.0435569849612927,0.6018807259658648,2.091762352758687,9,11
COMEX清算13:30,0→5,売,2702,-0.0027056548022391276,-0.007705654802239128,-2.0435569849612927,-0.6018807259658648,-2.091762352758687,2,11
COMEX清算13:30,0→10,買,2709,0.0037971526823720268,-0.0012028473176279733,2.1626810819745965,1.6946785499012817,1.4369915842823895,8,11
COMEX清算13:30,0→10,売,2709,-0.0037971526823720268,-0.008797152682372026,-2.1626810819745965,-1.6946785499012817,-1.4369915842823895,3,11
COMEX清算13:30,0→15,買,2706,0.0033415252110155017,-0.0016584747889844985,1.7153567360149302,0.8442101373916777,1.51461960833904,7,11
COMEX清算13:30,0→15,売,2706,-0.0033415252110155017,-0.008341525211015503,-1.7153567360149302,-0.8442101373916777,-1.51461960833904,4,11
COMEX清算13:30,0→30,買,2706,0.005204214204044025,0.00020421420404402504,2.001257691346732,0.8263226572353789,1.9087458490963227,8,11
COMEX清算13:30,0→30,売,2706,-0.005204214204044025,-0.010204214204044024,-2.001257691346732,-0.8263226572353789,-1.9087458490963227,3,11
COMEX清算13:30,5→15,買,2697,0.0006404619367745306,-0.00435953806322547,0.45919217073546115,0.580283861868229,0.10214632863051393,5,11
COMEX清算13:30,5→15,売,2697,-0.0006404619367745306,-0.005640461936774531,-0.45919217073546115,-0.580283861868229,-0.10214632863051393,6,11
COMEX清算13:30,5→30,買,2709,0.002497109998541702,-0.002502890001458298,1.139086874801769,0.63054122250206,0.9601024013859235,8,11
COMEX清算13:30,5→30,売,2709,-0.002497109998541702,-0.0074971099985417025,-1.139086874801769,-0.63054122250206,-0.9601024013859235,3,11
NY株引け16:00,前15→0,買,2662,-0.0019286280033800917,-0.006928628003380092,-1.103776114204388,-1.3931481972615385,-0.133863019742688,2,11
NY株引け16:00,前15→0,売,2662,0.0019286280033800917,-0.0030713719966199084,1.103776114204388,1.3931481972615385,0.133863019742688,9,11
NY株引け16:00,前10→0,買,2659,0.0004745070932314068,-0.004525492906768593,0.315844768050443,0.24689709220302938,0.19697411342121032,6,11
NY株引け16:00,前10→0,売,2659,-0.0004745070932314068,-0.005474507093231407,-0.315844768050443,-0.24689709220302938,-0.19697411342121032,5,11
NY株引け16:00,前5→0,買,2661,-0.0009136532267603672,-0.005913653226760367,-0.7941270754385165,-0.1527590238520964,-1.1212451450951058,4,11
NY株引け16:00,前5→0,売,2661,0.0009136532267603672,-0.004086346773239633,0.7941270754385165,0.1527590238520964,1.1212451450951058,7,11
NY株引け16:00,0→5,買,2644,0.00011961095749904881,-0.004880389042500951,0.13161311482678056,-1.1242634887579759,1.4416998288770644,6,11
NY株引け16:00,0→5,売,2644,-0.00011961095749904881,-0.005119610957499049,-0.13161311482678056,1.1242634887579759,-1.4416998288770644,5,11
NY株引け16:00,0→10,買,2661,0.00030180719929893843,-0.004698192800701061,0.27112398883555816,0.43042271972217583,-0.05753891514358368,5,11
NY株引け16:00,0→10,売,2661,-0.00030180719929893843,-0.005301807199298939,-0.27112398883555816,-0.43042271972217583,0.05753891514358368,6,11
NY株引け16:00,0→15,買,2663,-0.00043898785214036186,-0.005438987852140362,-0.34709142039397617,-0.20769392283350344,-0.2805038541611718,7,11
NY株引け16:00,0→15,売,2663,0.00043898785214036186,-0.004561012147859638,0.34709142039397617,0.20769392283350344,0.2805038541611718,4,11
NY株引け16:00,0→30,買,2664,-0.0009234236762762615,-0.005923423676276261,-0.5266507790032564,-0.45996829997583716,-0.30654958805162047,5,11
NY株引け16:00,0→30,売,2664,0.0009234236762762615,-0.004076576323723739,0.5266507790032564,0.45996829997583716,0.30654958805162047,6,11
NY株引け16:00,5→15,買,2653,-0.0005575236008309504,-0.005557523600830951,-0.5669680992943025,1.0446664876196856,-1.39336944862362,4,11
NY株引け16:00,5→15,売,2653,0.0005575236008309504,-0.004442476399169049,0.5669680992943025,-1.0446664876196856,1.39336944862362,7,11
NY株引け16:00,5→30,買,2662,-0.0010411034772422536,-0.0060411034772422535,-0.6718986562887284,0.29061740406178327,-0.984243747457445,6,11
NY株引け16:00,5→30,売,2662,0.0010411034772422536,-0.003958896522757747,0.6718986562887284,-0.29061740406178327,0.984243747457445,5,11
